guessed_brand_name,product_count,parent_company,source_note,match_type
2baconil,5,,,
3d,9,,,
Ab,18,,,
Abdec,5,,,
Abdominal,17,,,
Absolut,9,,,
Absorbent,30,,,
Absorbia,5,,,
D,154,,,
Abvida,7,,,
Abzorb,5,,,
Ac,9,,,
Accuchek,24,Roche Diabetes Care India Pvt Ltd,Roche brand,normalized
Accuglim,8,,,
Accusure,29,,,
I,131,,,
B,128,,,
Accuzon,5,,,
Ace,13,,,
K,115,,,
L,109,,,
Aceclo,6,,,
Acefemptol,8,,,
C,104,,,
Aceflick,8,,,
Acegaba,7,,,
Aceleo,5,,,
Acemiz,6,,,
Acenac,6,,,
Acera,5,,,
Q,85,,,
T,83,,,
Acifix,5,,,
Acifresh,5,,,
Aciloc,6,,,
E,77,,,
Acinil,5,,,
Acitrom,8,,,
S,76,,,
Acivir,8,,,
Acne,22,,,
Acnecross,5,,,
Acnelak,7,,,
Acnesol,6,,,
Acnestar,6,,,
Actame,9,,,
Actifit,18,,,
Actiflash,23,,,
Actigrow,11,,,
Actilife,5,,,
M,65,,,
Actinerve,6,,,
Activa,14,,,
Active,26,,,
Acturaa,15,,,
Acuclav,9,,,
Ad,14,,,
Add,8,,,
P,59,,,
Adgaba,6,,,
Adgain,6,,,
G,58,,,
Adglim,14,,,
Adidas,5,,,
Adipostat,8,,,
Adult,5,,,
Advastat,12,,,
Advent,14,,,
Aeocal,5,,,
Aerotrop,6,,,
Af,10,,,
Affobis,5,,,
Affodapa,5,,,
Affotel,9,,,
Agiator,23,,,
Agidapa,15,,,
Agimonte,7,,,
Agipan,7,,,
Agivilda,6,,,
Ahaglow,13,,,
Ahsan,5,,,
Air,6,,,
U,45,,,
Airtec,7,,,
V,43,,,
Airz,8,,,
Ajay,8,,,
Akilos,5,,,
Aknegate,5,,,
Akurit,6,,,
Al,8,,,
Ala,5,,,
Alamin,7,,,
A,41,,,
Alaspan,5,,,
Albumen,6,,,
Alcinac,5,,,
Alcipro,5,,,
Alcon,6,,,
Aldactone,6,,,
Alday,6,,,
Aldep,5,,,
R,40,,,
Aldigesic,9,,,
Aldo,7,,,
Alempa,5,,,
Alerid,6,,,
Alerlife,9,,,
Alernyl,5,,,
Alex,17,,,
Alfa,9,,,
Alfoo,5,,,
Alkapac,5,,,
Alkaston,5,,,
Alkepin,5,,,
Alkof,15,,,
All,31,,,
Allegra,8,,,
Allercet,14,,,
Allerone,5,,,
Allout,6,,,
Almox,5,,,
Aloe,10,,,
Aloederm,8,,,
Alpenliebe,5,,,
Alpha,6,,,
Alphacept,5,,,
Alporate,6,,,
Alprax,7,,,
Alprovit,5,,,
Alsita,18,,,
Altacef,6,,,
Alten,6,,,
Althrocin,8,,,
Altonil,13,,,
Alviroz,7,,,
Alzil,6,,,
Am,7,,,
Amanza,10,,,
Amaryl,11,,,
Amazeo,7,,,
Ambipur,6,,,
Ambitech,5,,,
Ambrodil,15,,,
Ambrolite,14,,,
Amcard,5,,,
Amchek,6,,,
Amclamed,5,,,
Ameto,13,,,
Amicon,6,,,
Amide,6,,,
Aminorich,5,,,
Z,30,,,
Amitone,5,,,
Amitril,5,,,
Amitryn,6,,,
Amlo,7,,,
Amlodac,11,,,
Amlodest,6,,,
Amlokind,8,,,
Amlong,11,,,
Amlopin,6,,,
Amlopres,14,,,
Amlosafe,13,,,
Amlovas,16,,,
Amlowyn,6,,,
Amloz,7,,,
Amlycure,5,,,
Amnurite,6,,,
Amodep,5,,,
Amoxyclav,5,,,
Ampilox,12,,,
Ampine,5,,,
Ampoxin,12,,,
Amrita,5,,,
Amrith,10,,,
Amrolstar,5,,,
Amrox,9,,,
Amrut,12,,,
Amrutanjan,38,,,
Amtas,12,,,
Amul,13,,,
Anaboom,7,,,
Anaflam,6,,,
Anafortan,9,,,
Anasure,6,,,
Anfoe,5,,,
F,26,,,
Angicam,6,,,
Angiosart,5,,,
Angizem,7,,,
Ankle,23,,,
Annai,9,,,
Anne,21,,,
Anoo,7,,,
Anti,10,,,
Anxit,7,,,
Apcod,6,,,
Apdrops,6,,,
Aplaz,5,,,
Apple,6,,,
Applevit,5,,,
Apriglim,16,,,
Aptamil,17,,,
Apz,5,,,
Aqua,16,,,
Aquasoft,19,,,
Aquawhite,5,,,
Aquim,10,,,
N,24,,,
Arachitol,6,,,
Arbitel,16,,,
Arden,5,,,
Aret,5,,,
Arflur,5,,,
Aricep,5,,,
Arifine,8,,,
Arigaba,7,,,
Arip,6,,,
Aristogyl,5,,,
Arjunarishta,6,,,
Ark,9,,,
Arka,9,,,
Arm,9,,,
Aro,13,,,
Aroma,7,,,
O,23,,,
Arpit,5,,,
Arpizol,6,,,
Arth,7,,,
Arvast,18,,,
Ascazin,5,,,
Ascodex,9,,,
Ascoril,18,Glenmark Pharmaceuticals Ltd,Glenmark brand,exact
Asoka,6,,,
Asomex,13,,,
Asprito,6,,,
Asta,6,,,
Asteros,8,,,
Asthakind,13,,,
Asthalin,19,,,
Astin,8,,,
Astymin,10,,,
Asvins,7,,,
Aswini,5,,,
Atarax,10,,,
Atchol,11,,,
Atecard,5,,,
Aten,11,,,
Atm,7,,,
Atocor,11,,,
Atogla,11,,,
Atorday,6,,,
Atorec,11,,,
Atorfit,12,,,
Atorica,5,,,
Atorin,5,,,
Atorlip,14,,,
Atormac,10,,,
Atorsave,20,,,
Atorva,17,,,
Atorviti,7,,,
Atosta,5,,,
Atr,5,,,
Atropine,8,,,
Audiovit,6,,,
Augmed,5,,,
Augmentin,10,,,
Augpen,18,,,
Auto,27,,,
Autoflow,9,,,
Avas,16,,,
Aveeno,10,,,
3,20,,,
Avelia,216,,,
Averzine,5,,,
Avil,5,,,
Axbex,7,,,
Axe,60,,,
Axepta,5,,,
Ayur,40,,,
Ayush,23,,,
Azee,10,,,
Azibact,7,,,
Azibest,5,,,
Azid,5,,,
Aziderm,7,,,
Azilide,7,,,
Azithral,18,,,
Azitus,5,,,
Azivent,6,,,
Aziwok,8,,,
Azovas,5,,,
Aztel,11,,,
Aztor,12,,,
Azulix,24,,,
Azuvas,9,,,
Baby,28,,,
Babyhug,7,,,
Bacfen,6,,,
Baclof,7,,,
Bactoclav,10,,,
Bactogard,5,,,
Baga,6,,,
Baidyanath,100,,,
Bajaj,26,,,
Band,6,,,
Bandage,10,,,
Bandaid,5,,,
Bandy,6,,,
Banjara,10,,,
Banjaras,32,,,
Bath,7,,,
Baygon,9,,,
Bd,55,,,
Bds,6,,,
Be,5,,,
Beclate,6,,,
Becocnx,5,,,
Becosules,8,Pfizer Ltd,Pfizer's B-complex brand,exact
Becozinc,5,,,
Bee,11,,,
Bella,13,,,
Bellavita,5,,,
Bellissa,7,,,
Bemzire,5,,,
Ben,5,,,
Benadryl,11,,,
Benidin,7,,,
Benitec,5,,,
Benitowa,10,,,
Benzac,6,,,
Beplex,13,,,
Bepride,5,,,
Besicor,6,,,
Besoloc,5,,,
Best,8,,,
Bestozyme,6,,,
Beta,9,,,
Betacap,8,,,
Betacard,5,,,
Betaderm,8,,,
Betadine,21,Win-Medicare Pvt Ltd,Indian licensee brand,exact
Betaglim,5,,,
Betagly,5,,,
Betaloc,6,,,
Betamet,6,,,
Betamil,6,,,
Betaone,5,,,
Betasalic,5,,,
Betavert,5,,,
Bethadoxin,5,,,
Betnesol,6,,,
Betnovate,7,,,
Betonin,11,,,
Betzee,5,,,
Beurer,6,,,
Bevon,7,,,
Bew,41,,,
Bi,11,,,
Bicef,5,,,
X,17,,,
Bifilac,13,,,
Big,8,,,
Bigen,12,,,
Bigfun,5,,,
Bigomet,6,,,
Bigtel,5,,,
Bilast,5,,,
Bilasure,7,,,
Biluma,9,,,
Bio,46,,,
Biocobal,8,,,
Bioderma,7,,,
Biolane,10,,,
Bioline,15,,,
Bionova,9,,,
Biopride,7,,,
Biotax,6,,,
Biotique,47,,,
Biotor,10,,,
Biovit,11,,,
Bisleri,6,,,
Bisobis,8,,,
Bisoduce,6,,,
Bisofig,7,,,
Bisoheart,8,,,
Bisojoy,8,,,
Bisomep,7,,,
Bisonext,7,,,
Bisopharm,7,,,
Bisoreg,6,,,
Bisotab,6,,,
Black,8,,,
Bladmir,5,,,
Blescox,5,,,
Blesdomox,5,,,
Blisto,10,,,
Blocpro,5,,,
Blood,8,,,
Blue,14,,,
Blumox,13,,,
Bluvit,5,,,
Bombay,13,,,
Bon,7,,,
Bone,10,,,
Bonebase,8,,,
Bonestat,5,,,
Bonical,5,,,
Bonne,9,,,
Bonny,5,,,
Bonnyboo,11,,,
Bontress,5,,,
Boost,13,Hindustan Unilever Ltd,HUL acquired GSK Consumer's food/drinks brands,exact
Boric,20,,,
Boro,14,,,
Boroline,6,,,
Boroplus,15,,,
Bournvita,12,,,
Br,5,,,
Brain,10,,,
Braingates,5,,,
Brevipil,6,,,
Bricanyl,6,,,
Bricarex,6,,,
Bricet,5,,,
Briglim,8,,,
Brihans,9,,,
Brilante,6,,,
Brintop,11,,,
Britam,7,,,
Britannia,70,,,
Brite,7,,,
Britel,11,,,
Britorva,6,,,
Britzilam,8,,,
Briv,5,,,
Brivasure,6,,,
Brivazen,7,,,
Brivgard,5,,,
Brivup,5,,,
Bro,10,,,
Brozeet,8,,,
Brufen,11,,,
Brut,5,,,
Brutacross,5,,,
Brutaflam,5,,,
Brylcreem,11,,,
Bs,7,,,
Btn,5,,,
Budaform,7,,,
Budamate,16,,,
Budate,9,,,
Budecort,9,,,
Budesal,5,,,
Budetrol,12,,,
Bumtum,5,,,
Burn,8,,,
Burnol,8,,,
Buscopan,5,,,
Bvert,5,,,
Bylenta,15,,,
Cad,5,,,
Cadbury,75,,,
Cadilose,8,,,
Cadmet,5,,,
Cadvast,5,,,
Cal,32,,,
Calbona,8,,,
Calchek,6,,,
Calci,5,,,
Calcidash,5,,,
Calcifit,6,,,
Calcigard,5,,,
Calcijoint,9,,,
Calcimax,15,,,
Calciquick,10,,,
Calcirol,10,,,
Calcium,27,,,
Calcose,6,,,
Calday,5,,,
Caldikind,9,,,
Caldison,5,,,
Calgrow,6,,,
Calinta,6,,,
Calorich,5,,,
Calosoft,6,,,
Calpiva,13,,,
Calpol,9,,,
Calpsor,5,,,
Calshine,6,,,
Campa,19,,,
Campure,7,,,
Candex,10,,,
Candid,46,,,
Candiforce,5,,,
Canditral,6,,,
Canesten,9,,,
Carbophage,8,,,
Carca,7,,,
Cardace,14,,,
Cardiopril,6,,,
Cardiorostin,5,,,
Cardirose,12,,,
Cardivas,9,,,
Cardules,5,,,
Care,15,,,
Carefree,5,,,
Carewell,6,,,
Carloc,5,,,
Carmesi,7,,,
Carmicide,6,,,
Carminozyme,6,,,
Carmozyme,6,,,
Carnisure,7,,,
Carpro,5,,,
Cartigen,8,,,
Carvidon,5,,,
Carvistar,5,,,
Castor,15,,,
Cathy,5,,,
Cc,5,,,
Cd,6,,,
Cdm,6,,,
Ceastra,5,,,
Cebaxim,8,,,
Cedon,5,,,
Cefadrox,7,,,
Cefadur,6,,,
Cefakind,5,,,
Ceff,8,,,
Cefi,7,,,
Cefolac,19,,,
Cefopen,7,,,
Cefoprox,7,,,
Ceftas,11,,,
Celehealth,6,,,
Celevida,26,,,
Celin,8,,,
Celnutra,5,,,
Celol,7,,,
Censpram,5,,,
Centrum,22,,,
Cepodem,15,,,
Ceramed,5,,,
Cerave,9,,,
Cerelac,42,Nestle India Ltd,Nestle brand,exact
Cervical,23,,,
Cetanil,14,,,
Cetaphil,81,,,
Cetapin,7,,,
Cetil,6,,,
Cetrilak,5,,,
Cetritreat,5,,,
Cetzine,7,,,
Chandra,5,,,
Chandrika,6,,,
Charlie,6,,,
Cheri,8,,,
Chericof,10,,,
Chest,12,,,
Cheston,18,Cipla Ltd,Cipla brand,exact
Chicco,39,,,
Chik,6,,,
Chiro,6,,,
Chlorocol,5,,,
Chromic,15,,,
Chubby,5,,,
Chymoral,6,,,
Cidmus,6,,,
Cifran,13,,,
Cilacar,15,,,
Cilaheart,9,,,
Cilapam,11,,,
Cilclark,5,,,
Cildip,5,,,
Cildipin,5,,,
Cilidin,13,,,
Cilix,14,,,
Cilnamep,10,,,
Cilnikem,6,,,
Cilnipres,15,,,
Cilnitab,5,,,
Cilny,7,,,
Cilory,6,,,
Cilovas,6,,,
Cilvoryl,6,,,
Cinod,9,,,
Cinthol,16,,,
Cipcal,9,,,
Cipladine,14,,,
Ciplar,7,,,
Ciplox,12,,,
Cir,8,,,
Ciss,5,,,
Cita,6,,,
Cital,5,,,
Citalin,6,,,
Citra,5,,,
Ciza,5,,,
Cizorest,5,,,
Claglid,7,,,
Clamp,8,,,
Claribid,6,,,
Clarigard,5,,,
Classic,40,,,
Clavam,18,,,
Clavicle,5,,,
Clavix,8,,,
Clawtor,5,,,
Clean,38,,,
Clear,14,,,
Clearasil,6,,,
Clindac,8,,,
Clingen,5,,,
Clinic,26,,,
Clinmiskin,5,,,
Clinsol,8,,,
Cloba,7,,,
Clobester,6,,,
Clobirex,5,,,
Clocip,9,,,
Clofert,5,,,
Cloff,5,,,
Clohex,7,,,
Clomic,8,,,
Clonafit,5,,,
Clonam,5,,,
Clonapax,5,,,
Clonate,5,,,
Clonax,5,,,
Clonotril,6,,,
Clop,16,,,
Clopibond,5,,,
Clopiday,5,,,
Clopinate,8,,,
Clopitab,10,,,
Close,7,,,
Closeup,22,,,
Closol,5,,,
Clotnil,5,,,
Clotrin,10,,,
Clovate,7,,,
Clove,6,,,
Cloze,5,,,
Cm,5,,,
Co,25,,,
Cobalife,5,,,
Codesoft,6,,,
Codistar,6,,,
Coecoral,9,,,
Coehb,5,,,
Cofrite,6,,,
Cofsils,12,,,
Cogni,5,,,
Cognipride,6,,,
Cognisart,8,,,
Colgate,160,Colgate-Palmolive (India) Ltd,Indian arm of Colgate-Palmolive,exact
Colicaid,5,,,
Colimex,7,,,
Collashot,6,,,
Com,10,,,
Combiflam,9,Sanofi India Ltd,Sanofi brand,exact
Combihale,14,,,
Combimist,7,,,
Combine,5,,,
Combitide,6,,,
Combutol,6,,,
Comfort,9,,,
Complan,40,Zydus Wellness Ltd,Zydus Wellness acquired from Heinz,exact
Complete,8,,,
Comprezon,6,,,
Conchol,6,,,
Concor,10,,,
Conicobal,5,,,
Conifix,5,,,
Conimox,7,,,
Conivit,9,,,
Consivas,12,,,
Contiflo,5,,,
Contour,13,,,
Contramal,5,,,
Control,13,,,
Contus,7,,,
Coq,11,,,
Cor,6,,,
Corbis,14,,,
Corcium,8,,,
Corditel,8,,,
Core,6,,,
Corex,6,Pfizer Ltd,Pfizer brand (regulatory status varies),exact
Coriminic,15,,,
Coronation,6,,,
Corsita,5,,,
Cortel,17,,,
Cortimax,6,,,
Coscopin,7,,,
Cosklot,6,,,
Cosmelite,7,,,
Cosmo,14,,,
Cospiaq,8,,,
Cosvate,19,,,
Cotton,13,,,
Coughwar,6,,,
Covance,5,,,
Covatil,6,,,
Coversyl,11,,,
Cpink,9,,,
Cq,5,,,
Creator,5,,,
Crediroz,6,,,
Cremadiet,6,,,
Cremaffin,9,,,
Creon,5,,,
Cresar,17,,,
Cresp,8,,,
Crevast,15,,,
Crixan,6,,,
Crocin,15,Haleon (formerly GSK Consumer Healthcare),GSK consumer arm spun into Haleon globally,exact
Ctasorin,8,,,
Ctd,29,,,
Culmi,5,,,
Cupid,15,,,
Cupride,7,,,
Curcon,5,,,
Cure,8,,,
Cutel,7,,,
Cutenox,6,,,
Cuticura,9,,,
Cutimax,6,,,
Cutin,5,,,
Cutis,6,,,
Cutiyt,8,,,
Cv,6,,,
Cyblex,20,,,
Cyclopam,12,,,
Cynocal,5,,,
Cypon,7,,,
Cyra,9,,,
Cz,6,,,
D3,56,,,
Da,6,,,
Dabur,186,Dabur India Ltd,Public company,exact
Dacne,6,,,
Dafax,7,,,
Daffy,7,,,
Daily,8,,,
Dajio,5,,,
Damita,5,,,
Dan,10,,,
Dapa,9,,,
Dapabite,8,,,
Dapaclan,5,,,
Dapacose,8,,,
Dapaease,5,,,
Dapagain,5,,,
Dapaglyn,14,,,
Dapagold,7,,,
Dapagrav,5,,,
Dapahenz,12,,,
Dapalex,8,,,
Dapamac,9,,,
Dapaneu,10,,,
Dapanorm,25,,,
Dapanova,14,,,
Dapaone,13,,,
Dapapep,5,,,
Daparyl,18,,,
Dapasach,10,,,
Dapatab,5,,,
Dapatech,5,,,
Dapaturn,15,,,
Dapavel,17,,,
Dapazol,7,,,
Dapcard,8,,,
Dapefy,9,,,
Daplo,13,,,
Daprica,7,,,
Dapspire,5,,,
Darolac,9,,,
Dayclazide,7,,,
Dbh,10,,,
De,5,,,
Decolic,10,,,
Defcort,9,,,
Defmet,6,,,
Defza,5,,,
Deksel,7,,,
Del,5,,,
Delcon,7,,,
Deletus,9,,,
Demelan,6,,,
Densaid,5,,,
Densical,5,,,
Densita,7,,,
Dente,9,,,
Dentoshine,21,,,
Denver,38,,,
Depaxil,5,,,
Depiglow,6,,,
Depitrip,6,,,
Depiwhite,5,,,
Deplatt,10,,,
Depran,5,,,
Deramed,8,,,
Derinide,7,,,
Deriphyllin,16,,,
Deriva,5,,,
Derma,6,,,
Dermadew,42,,,
Dermdoc,6,,,
Dermicool,16,,,
Dermikem,5,,,
Dermoys,7,,,
Dershine,6,,,
Dersil,5,,,
Dersol,8,,,
Desval,5,,,
Dettol,137,Reckitt Benckiser (India) Ltd,RB brand,exact
Dew,8,,,
Dewderm,9,,,
Dewsoft,8,,,
Dexolac,27,,,
Dextrose,8,,,
Dfo,13,,,
Dhanvantari,5,,,
Dhathri,7,,,
Dhouti,7,,,
Diabeet,5,,,
Diabend,7,,,
Diablin,6,,,
Diaclide,7,,,
Diacobal,8,,,
Diamicron,6,,,
Dianext,7,,,
Dianorm,9,,,
Diapride,28,,,
Diataal,6,,,
Diawyn,9,,,
Diclocend,7,,,
Diclogesic,5,,,
Diclomol,5,,,
Diclonac,5,,,
Dicloran,7,,,
Diclotal,8,,,
Diclowin,10,,,
Dicorate,8,,,
Diet,8,,,
Digene,23,,,
Digeplex,6,,,
Digeraft,6,,,
Digihaler,5,,,
Digital,5,,,
Dignity,11,,,
Dilnip,12,,,
Dilzem,7,,,
Dimpu,22,,,
Diovol,14,,,
Dipnate,7,,,
Dipro,6,,,
Diprobate,6,,,
Diprovate,9,,,
Diresta,6,,,
Dispensing,5,,,
Dispo,5,,,
Disposable,12,,,
Dispovan,31,,,
Distaclor,9,,,
Diva,7,,,
Divaa,11,,,
Divalex,5,,,
Divalpro,5,,,
Divon,7,,,
Dm,8,,,
Dns,13,,,
Do,5,,,
Dolo,21,,,
Dolocold,5,,,
Dolokind,12,,,
Doloneuron,6,,,
Dolonex,6,,,
Dolopar,10,,,
Dolostat,5,,,
Dolowin,9,,,
Dolphin,5,,,
Dom,6,,,
Dompan,6,,,
Domstal,12,,,
Don,7,,,
Donep,7,,,
Doqtar,145,,,
Dorzox,6,,,
Dove,88,,,
4,10,,,
Dox,7,,,
Doxcef,7,,,
Doxinate,7,,,
Doxolin,7,,,
Doxy,6,,,
Dr,146,,,
Drez,19,,,
Drishti,9,,,
Drotin,10,,,
Droxyl,7,,,
Dry,9,,,
Ds,6,,,
Dtel,7,,,
Dubagest,7,,,
Dubinor,6,,,
Dulane,6,,,
Duloxee,5,,,
Duoflam,9,,,
Duolin,9,,,
Duopil,6,,,
Dupax,5,,,
Duphalac,9,,,
Duracell,18,,,
Durex,63,Reckitt Benckiser (India) Ltd,RB brand,exact
Duvanta,6,,,
Duzela,6,,,
Dv,5,,,
Dvt,6,,,
Dwibhashi,12,,,
Dyna,72,,,
Dynaglipt,10,,,
Dynamic,10,,,
Dynapar,16,,,
Dysliptin,8,,,
Dytor,15,,,
East,18,,,
Easy,17,,,
Eatrite,72,,,
Ebast,6,,,
Ebernet,7,,,
Ecitelo,6,,,
Eclo,5,,,
Eco,11,,,
Ecosprin,13,,,
Ecotears,6,,,
Edrive,5,,,
Eema,6,,,
Efatop,5,,,
Efnocar,5,,,
Eglucent,6,,,
Eido,5,,,
Ekran,8,,,
El,8,,,
Eladi,6,,,
Elastic,8,,,
Eldapa,6,,,
Eldervit,7,,,
Eldiapers,6,,,
Eldotel,7,,,
Electral,11,FDC Ltd,FDC's ORS brand,exact
Electrobion,5,,,
Elite,10,,,
Elmecob,5,,,
Elocon,8,,,
Elovera,21,,,
Eloway,6,,,
Elriz,5,,,
Eltroxin,12,,,
Emami,24,,,
Embeta,15,,,
Emeset,8,,,
Emetil,5,,,
Emildap,5,,,
Emnorm,8,,,
Emoform,6,,,
Empabite,8,,,
Empacip,8,,,
Empadoz,9,,,
Empaglyde,12,,,
Empaglyn,13,,,
Empagreat,8,,,
Empahope,6,,,
Empajoy,8,,,
Empalo,5,,,
Empaneo,8,,,
Empanorm,15,,,
H,10,,,
Empaone,12,,,
Empapro,8,,,
Empashield,10,,,
Empasize,5,,,
Empasov,6,,,
Empatrol,6,,,
Empatru,6,,,
Empavive,6,,,
Empayug,5,,,
Empazio,8,,,
Empexel,7,,,
Empha,11,,,
Empraz,5,,,
Emprogest,6,,,
Emprovin,7,,,
Emsita,12,,,
En,5,,,
Enace,6,,,
Encelin,12,,,
Encentin,5,,,
Enchanteur,6,,,
Encorate,11,,,
Encore,5,,,
Endoformin,12,,,
Endogest,6,,,
Endoglim,13,,,
Endolip,6,,,
Endotracheal,43,,,
Endura,7,,,
Enerzal,16,,,
Engage,40,,,
Eno,18,Haleon (formerly GSK Consumer Healthcare),GSK consumer arm spun into Haleon globally,exact
Enristas,6,,,
Enshine,8,,,
Ensure,32,Abbott Nutrition,Abbott's nutrition brand,exact
Entero,5,,,
Enuff,5,,,
Envas,6,,,
Envy,22,,,
Enzar,5,,,
Enzoflam,7,,,
Enzoheal,5,,,
Enzomac,7,,,
Epidural,5,,,
Epifast,6,,,
Epilex,7,,,
Epilive,7,,,
Epinext,5,,,
Episoft,10,,,
Epitril,6,,,
Epocarb,5,,,
Epofit,5,,,
Epsolin,5,,,
Eptoin,6,,,
Eptus,6,,,
Equal,8,,,
Equalstwo,24,,,
Equisulin,7,,,
Era,5,,,
Eritel,22,,,
Erox,8,,,
Erypro,5,,,
Erytop,5,,,
Escigress,5,,,
Escimed,6,,,
Escnx,6,,,
Esgedap,5,,,
Esgipyrin,5,,,
Esiflo,6,,,
Eslo,11,,,
Esobiz,6,,,
Esogress,8,,,
Esomac,11,,,
Esotrend,5,,,
Esoz,7,,,
Espidase,5,,,
Espin,8,,,
Esta,6,,,
Eternex,5,,,
Ethibond,5,,,
Ethicon,21,,,
Ethiglo,10,,,
Ethilon,21,,,
Etilaam,10,,,
Etinap,5,,,
Etizola,9,,,
Etorica,5,,,
Etos,5,,,
Etova,8,,,
Etowin,5,,,
Etrik,5,,,
Eucalyptus,10,,,
Euclide,6,,,
Euglif,6,,,
Euglim,10,,,
Eurepa,9,,,
Euthyrox,8,,,
Eva,39,,,
Evecare,5,,,
Ever,16,,,
Eveready,8,,,
Evereve,6,,,
Everyuth,49,,,
Evict,8,,,
Evion,9,,,
Ex,6,,,
Examination,7,,,
Excela,7,,,
Exelon,5,,,
Exermet,14,,,
Exhep,5,,,
Exocare,5,,,
Extacef,9,,,
Extend,10,,,
Extra,13,,,
Eye,9,,,
Eyelet,5,,,
Eyemac,5,,,
Eyetamin,7,,,
Ezamed,6,,,
Ezimet,5,,,
Ezinapi,5,,,
Ezorb,10,,,
Fabkare,24,,,
Face,18,,,
Faceclin,5,,,
Fair,64,,,
Fairever,10,,,
Farex,13,,,
Faronem,6,,,
Fash,5,,,
Fast,11,,,
Fdson,7,,,
Fe,9,,,
Febrex,11,,,
Febrinil,7,,,
Feedy,6,,,
Feel,32,,,
Feelsure,41,,,
Feliz,9,,,
Fem,38,,,
Femarelle,5,,,
Femi,6,,,
Fenlong,10,,,
Fenocor,5,,,
Fenodol,6,,,
Fepanil,10,,,
Ferikind,9,,,
Feris,5,,,
Ferium,11,,,
Feronia,6,,,
Fertyl,5,,,
Festive,5,,,
Fiama,30,,,
Fibator,6,,,
Figaro,7,,,
Fine,7,,,
Finenerve,5,,,
Fingertip,6,,,
First,9,,,
Fit,7,,,
Fitpro,5,,,
Fixderma,24,,,
Fixon,5,,,
Fixx,5,,,
Flagyl,8,,,
Flamingo,93,,,
Flemiclav,7,,,
Flexabenz,5,,,
Flexon,6,,,
Flo,5,,,
Flohale,7,,,
Flomist,5,,,
Flora,7,,,
Floristat,8,,,
Florite,46,,,
Fluanxol,5,,,
Flucold,7,,,
Flucort,12,,,
Flucos,8,,,
Flunil,5,,,
Flutivate,5,,,
Flutop,5,,,
Flutrol,7,,,
Fluty,6,,,
Fluvoxin,5,,,
Fm,6,,,
Fogg,77,,,
Fol,14,,,
Folci,5,,,
Foley,30,,,
Folinal,5,,,
Folitrax,13,,,
Follihair,6,,,
Follys,13,,,
Fomtide,7,,,
Foot,15,,,
Foracort,27,,,
Forair,8,,,
Forcan,5,,,
Forcef,6,,,
Forglyn,6,,,
Formic,6,,,
Formin,7,,,
Formoflo,6,,,
Formonide,13,,,
Formost,5,,,
Forson,5,,,
Fortius,6,,,
Fourderm,6,,,
Fourts,6,,,
Foxtale,7,,,
Fpstatin,7,,,
Fragmin,5,,,
Free,15,,,
Freeflex,5,,,
Freego,5,,,
Freenerve,5,,,
Fresh,6,,,
Fresubin,5,,,
Frido,11,,,
Friends,33,,,
Fucidin,5,,,
Full,16,,,
Fullyte,5,,,
Fungicros,5,,,
Funzi,13,,,
Fur,5,,,
Fusiderm,8,,,
Fusigen,5,,,
Fusiwal,10,,,
Gaba,9,,,
Gabacure,5,,,
Gabagesic,11,,,
Gabalip,5,,,
Gabamax,8,,,
Gabaneuron,11,,,
Gabantin,11,,,
Gabanyl,7,,,
Gabapax,9,,,
Gabapin,18,,,
Gabarich,5,,,
Gabastone,5,,,
Gabator,8,,,
Gabawin,10,,,
Gabivam,10,,,
Gabtan,5,,,
Gala,8,,,
Galact,9,,,
Galega,11,,,
Galitz,6,,,
Galop,5,,,
Gardenal,6,,,
Garnier,126,,,
Gas,8,,,
Gasex,5,,,
Gate,6,,,
Gatilox,6,,,
Gatsby,21,,,
Gauze,14,,,
Gb,15,,,
Gcomet,5,,,
Gelusil,5,Pfizer Ltd,Pfizer brand,exact
Gemcal,13,,,
Gemer,27,,,
Geminor,17,,,
Gemmin,5,,,
Geniride,9,,,
Genius,9,,,
Genticyn,7,,,
Genxrose,7,,,
Geomax,6,,,
Gepride,12,,,
Geripod,9,,,
Gestofit,11,,,
Gestone,6,,,
Gi,6,,,
Gibtulio,10,,,
Gillette,105,,,
Ginkocer,6,,,
Gladmet,11,,,
Glador,11,,,
Glamor,6,,,
Glaritus,5,,,
Glazimep,11,,,
Glempa,5,,,
Glevo,6,,,
Gliben,9,,,
Glicla,6,,,
Glide,7,,,
Glidivas,6,,,
Glido,7,,,
Glifoprime,6,,,
Glimaday,8,,,
Glimberry,5,,,
Glimcare,6,,,
Glimecaid,7,,,
Glimed,7,,,
Glimer,5,,,
Glimeshine,5,,,
Glimestar,21,,,
Glimfirst,12,,,
Glimgold,10,,,
Glimi,10,,,
Glimibrit,11,,,
Glimicer,11,,,
Glimicord,7,,,
Glimicure,12,,,
Glimigen,9,,,
Glimilax,5,,,
Glimilife,6,,,
Glimimark,7,,,
Gliminac,5,,,
Gliminyle,19,,,
Glimipack,9,,,
Glimiprex,14,,,
Glimiprime,19,,,
Glimirep,10,,,
Glimisave,40,,,
Glimison,10,,,
Glimitos,13,,,
Glimp,8,,,
Glimpevan,5,,,
Glimpure,5,,,
Glimsay,11,,,
Glimser,6,,,
Glimtide,5,,,
Glimulin,10,,,
Glimy,14,,,
Glimzab,9,,,
Glinto,24,,,
Glipacure,6,,,
Glipcrin,12,,,
Glipmate,5,,,
Gliptagreat,13,,,
Glipy,7,,,
Glisen,15,,,
Glisimet,6,,,
Glitaray,20,,,
Glitaris,7,,,
Glivipride,6,,,
Glix,5,,,
Glizato,6,,,
Glizid,14,,,
Globac,7,,,
Global,21,,,
Glorimet,5,,,
Glow,26,,,
Glucobeat,5,,,
Glucobit,6,,,
Glucocard,7,,,
Glucolive,10,,,
Glucomin,7,,,
Glucon,28,,,
Gluconorm,40,,,
Glucoris,6,,,
Glucorite,5,,,
Glucoryl,22,,,
Glucose,13,,,
Glucovita,8,,,
Glucoway,6,,,
Glucreta,20,,,
Gludrain,5,,,
Gluformin,12,,,
Gluject,7,,,
Glura,12,,,
Glutone,8,,,
Gluvilda,11,,,
Gluxit,17,,,
Gluzempa,8,,,
Glyaha,6,,,
Glycebose,6,,,
Glycerin,20,,,
Glycerol,6,,,
Glychek,9,,,
Glycichek,7,,,
Glyciday,6,,,
Glycilarc,23,,,
Glycimep,29,,,
Glycimust,6,,,
Glycinorm,17,,,
Glyciphage,17,,,
Glycirite,8,,,
Glycirol,5,,,
Glycivas,9,,,
Glyco,5,,,
Glycohale,7,,,
Glycomet,28,,,
Glycozide,9,,,
Glymax,5,,,
Glynamic,14,,,
Glyree,12,,,
Glz,6,,,
Gmet,5,,,
Gmm,12,,,
Gnx,5,,,
Go,16,,,
Godrej,60,,,
Gokul,6,,,
Gold,5,,,
Golden,18,,,
Good,59,,,
Goodbag,10,,,
Goodhome,10,,,
Goswamy,6,,,
Gp,5,,,
Gramocef,9,,,
Grd,16,,,
Grenil,5,,,
Gride,13,,,
Grilinctus,9,,,
Groviva,30,,,
Gubb,53,,,
Gudcef,15,,,
Gudgesic,8,,,
Gudpres,6,,,
Guedel,6,,,
Gumex,5,,,
Gut,8,,,
Gutpact,6,,,
Gzor,19,,,
Haem,8,,,
Hair,32,,,
Haldirams,7,,,
Hallens,7,,,
Halobet,7,,,
Halonext,5,,,
Halotop,6,,,
Halovate,11,,,
Halox,14,,,
Handloom,5,,,
Hansaplast,30,,,
Happi,11,,,
Happy,9,,,
Happydent,6,,,
Harpic,10,Reckitt Benckiser (India) Ltd,RB brand,exact
Hatric,9,,,
Hawaban,5,,,
Hb,27,,,
Head,40,,,
Health,15,,,
Healthyr,16,,,
Hello,14,,,
Hemfer,10,,,
Hemocare,7,,,
Henotel,7,,,
Hep,5,,,
Hepa,7,,,
Hepatoglobine,6,,,
Herbale,5,,,
Herperax,5,,,
Hest,9,,,
Hexaglim,5,,,
Hexidine,5,,,
Hexilak,5,,,
Hhcefi,5,,,
Hhcepo,5,,,
Hhfexo,5,,,
Hhlevo,5,,,
Hi,20,,,
Hicet,6,,,
Hicon,7,,,
Hicope,5,,,
Hifen,10,,,
Hifenac,14,,,
High,8,,,
Hilmet,11,,,
Himalaya,359,Himalaya Wellness Company,Formerly The Himalaya Drug Company,exact
Himani,6,,,
Hinged,7,,,
Hinglact,5,,,
Hiora,12,,,
Hipres,5,,,
Hipride,7,,,
Histac,5,,,
Histafree,7,,,
Hit,22,,,
Hiv,6,,,
Hmet,12,,,
Homodip,6,,,
Honey,7,,,
Hopace,8,,,
Hopecard,7,,,
Horlicks,40,Hindustan Unilever Ltd,HUL acquired GSK Consumer's food/drinks brands,exact
Hosit,8,,,
Hot,11,,,
Hovite,5,,,
Huchnil,6,,,
Hucog,8,,,
Huggies,159,Kimberly-Clark,Kimberly-Clark brand,exact
Humalog,11,,,
Human,13,,,
Huminsulin,12,,,
Humog,5,,,
Humollient,5,,,
Hydrogen,10,,,
Hydroheal,5,,,
Hydronic,6,,,
Hyla,6,,,
Hylosoft,5,,,
Hyocimax,5,,,
Hypertel,7,,,
Hytel,9,,,
Ibugesic,12,,,
Ice,8,,,
Iconac,5,,,
Ideal,7,,,
Ignalis,9,,,
Igol,6,,,
Imf,6,,,
Imiclo,6,,,
Imidil,5,,,
Imported,14,,,
Impurose,13,,,
Imxia,12,,,
Incresit,6,,,
Indclav,6,,,
Inderal,7,,,
Indica,13,,,
Indipil,6,,,
Inditel,12,,,
Indulekha,9,,,
Infant,7,,,
Innovcares,5,,,
Instaflex,7,,,
Insuform,10,,,
Insugen,12,,,
Insulin,9,,,
Insuman,7,,,
Insupride,6,,,
Insutrend,10,,,
Intagesic,5,,,
Intaglip,8,,,
Intens,9,,,
Intoto,6,,,
Intra,10,,,
Inucard,6,,,
Inudap,5,,,
Inurosu,6,,,
Iodex,15,,,
Ipravent,5,,,
Irivisc,5,,,
Irozorb,7,,,
Irs,6,,,
Iscept,5,,,
Isotroin,5,,,
Isratel,7,,,
Isro,8,,,
Isryl,10,,,
Istaglad,6,,,
Istamet,15,,,
Istavel,9,,,
It,7,,,
Itaspor,6,,,
Itch,7,,,
Itchguard,6,,,
Itin,5,,,
Itragreat,6,,,
Itrasys,7,,,
Itratuf,6,,,
Itromed,6,,,
Itrostred,6,,,
Iv,18,,,
Ivabrad,5,,,
Ivepred,7,,,
Ivrea,6,,,
Iz,7,,,
Izra,5,,,
Jac,8,,,
Jalra,9,,,
Jankey,6,,,
Jardiance,5,,,
Jaycot,5,,,
Jbtor,7,,,
Jioglim,5,,,
Jms,5,,,
Jocare,6,,,
Jodapa,7,,,
Johnson,31,,,
Johnsonplast,6,,,
Johnsons,77,Kenvue Inc,Spun off from Johnson & Johnson's consumer arm,normalized
Joint,13,,,
Jointace,11,,,
Jolen,7,,,
Jonac,8,,,
Jotter,5,,,
Joy,36,,,
Joykem,5,,,
Joypride,5,,,
Jp,7,,,
Jubiglim,12,,,
Jubilant,5,,,
Jubilants,7,,,
Jubira,13,,,
Jupicent,5,,,
Jupiros,15,,,
Jusdee,7,,,
Juslina,6,,,
Just,7,,,
Justin,5,,,
Justoza,16,,,
Kai,5,,,
Kailas,6,,,
Kamasutra,47,,,
Kansel,8,,,
Kapiva,21,,,
Kara,9,,,
Kare,10,,,
Karman,6,,,
Kayam,6,,,
Keflor,7,,,
Kefpod,7,,,
Kelloggs,27,,,
Kenacort,6,,,
Kenko,15,,,
Kenz,9,,,
Keo,6,,,
Keppra,5,,,
Kera,9,,,
Keraglo,13,,,
Kersol,7,,,
Kesh,27,,,
Ketafung,10,,,
Keto,24,,,
Ketocip,6,,,
Ketofresh,5,,,
Ketokem,6,,,
Ketonext,5,,,
Ketorol,5,,,
Ketoscore,5,,,
Kevon,8,,,
Kiddos,85,,,
Kidicare,5,,,
Kidodent,9,,,
Kids,12,,,
Kinder,5,,,
Kinematics,8,,,
Kinley,5,,,
Kit,7,,,
Kitmox,5,,,
Klean,5,,,
Klm,10,,,
Klmklin,5,,,
Klox,5,,,
Knee,35,,,
Kneecap,6,,,
Kodak,5,,,
Kofarest,11,,,
Koflet,13,,,
Kofol,7,,,
Kohinoor,16,,,
Kojiglo,8,,,
Konaz,8,,,
Koochees,6,,,
Kotex,10,,,
Kozisol,5,,,
Krack,5,,,
Ks,43,,,
Kt,7,,,
Kufquit,6,,,
Kufril,5,,,
Kuka,9,,,
Kynzo,5,,,
Kz,11,,,
La,22,,,
Lacne,6,,,
Lacosam,6,,,
Lacotide,5,,,
Lacryl,8,,,
Lactare,7,,,
Lactifiber,5,,,
Lacto,24,,,
Lactodex,21,,,
Lactogen,21,,,
Laformin,8,,,
Lakme,73,,,
Lambency,5,,,
Lametec,6,,,
Lamez,8,,,
Lamifin,9,,,
Lamino,14,,,
Lamitor,6,,,
Lamivir,5,,,
Landex,7,,,
Laregab,8,,,
Lariago,7,,,
Lasita,5,,,
Lasma,8,,,
Laveta,8,,,
Lavian,5,,,
Laxit,5,,,
Laxmi,6,,,
Laxopeg,6,,,
Layerr,9,,,
Lays,17,,,
Lcd,5,,,
Lcz,6,,,
Lecope,6,,,
Lee,6,,,
Leeford,8,,,
Leekuf,6,,,
Lenangio,6,,,
Lethyrox,14,,,
Leukoplast,6,,,
Levemex,7,,,
Levenue,7,,,
Levepsy,7,,,
Levera,13,,,
Levesam,6,,,
Levetrix,5,,,
Levexx,5,,,
Levigress,6,,,
Levigxar,5,,,
Levipil,9,,,
Levocet,8,,,
Levolin,17,,,
Levomac,6,,,
Levroxa,6,,,
Lezyncet,6,,,
Liberty,12,,,
Life,9,,,
Lifebuoy,58,Hindustan Unilever Ltd,HUL brand,exact
Lifid,6,,,
Lifree,14,,,
Lilituf,5,,,
Limer,5,,,
Linabite,9,,,
Linacip,7,,,
Linahenz,7,,,
Linanext,9,,,
Linapil,7,,,
Linapride,10,,,
Linares,7,,,
Linaxa,13,,,
Linero,6,,,
Linzer,7,,,
Liofen,9,,,
Lion,10,,,
Lipi,5,,,
Lipicure,19,,,
Lipifine,8,,,
Lipigo,7,,,
Lipikind,11,,,
Lipirose,14,,,
Lipisafe,6,,,
Lipitab,8,,,
Lipitas,13,,,
Lipitrack,8,,,
Liponorm,7,,,
Lipril,5,,,
Lipton,7,,,
Liquid,36,,,
Listerine,27,,,
Listril,5,,,
Little,12,,,
Littles,30,,,
Liv,13,,,
Livafin,6,,,
Liveasy,109,,,
Livogen,11,,,
Livoluk,6,,,
Livomyn,7,,,
Livon,12,,,
Livopill,5,,,
Lizol,7,,,
Lm,10,,,
Ln,6,,,
Lndip,9,,,
Lo,6,,,
Lobate,10,,,
Lobazam,5,,,
Logihair,6,,,
Lonazep,9,,,
Longifene,5,,,
Lonopin,6,,,
Looz,14,,,
Lopez,6,,,
Loreal,83,,,
Lornit,6,,,
Lorsaid,8,,,
Losanorm,6,,,
Losar,8,,,
Lotus,33,,,
Lovax,6,,,
Lovin,5,,,
Lox,10,,,
Loyfenac,6,,,
Loyzide,10,,,
Lozivate,10,,,
Lps,5,,,
Lt,5,,,
Lubrijoint,8,,,
Lukotas,5,,,
Lulibet,7,,,
Lulibrut,6,,,
Lulican,10,,,
Luliconaz,5,,,
Lulifin,8,,,
Luliford,8,,,
Lulitec,5,,,
Lulizol,5,,,
Luly,6,,,
Lumbo,6,,,
Lumerax,6,,,
Lumicare,10,,,
Lupi,12,,,
Lupifit,5,,,
Lupigest,5,,,
Lupin,6,Lupin Ltd,Public company,exact
Lupisit,14,,,
Lupisulin,9,,,
Lupizyme,5,,,
Lupride,7,,,
Luvlap,6,,,
Lux,39,,,
Lycored,5,,,
Lyfcare,5,,,
Lynx,10,,,
Lyser,9,,,
M2,10,,,
Maaza,6,,,
Mac,14,,,
Macbery,11,,,
Macfast,8,,,
Macgest,6,,,
Macox,9,,,
Macpod,13,,,
Macpred,6,,,
Macpril,5,,,
Macprot,10,,,
Macsart,11,,,
Macsita,9,,,
Mactor,6,,,
Macvestin,5,,,
Maczone,8,,,
Maggi,8,,,
Magnesium,8,,,
Maha,8,,,
Mahabhringaraj,5,,,
Mahacef,20,,,
Mahaflox,6,,,
Mahagaba,5,,,
Mama,5,,,
Mamaearth,127,,,
Mamy,140,,,
Mamypoko,72,Unicharm Corporation,Unicharm brand,normalized
Manforce,72,,,
Manna,11,,,
Marvel,35,,,
Materna,5,,,
Matilda,6,,,
Matrix,8,,,
Max,12,,,
Maxgalin,13,,,
Maxical,5,,,
Maxiflo,7,,,
Maxirich,7,,,
Maxoza,5,,,
Maxrich,7,,,
Maxtra,15,,,
Maxvida,12,,,
Maxvoid,9,,,
Maybelline,8,,,
Mayuglim,11,,,
Mayurose,5,,,
Mayutel,8,,,
Mazetol,6,,,
Mclazide,5,,,
Mcrotel,8,,,
Me,10,,,
Meaxon,10,,,
Mecofol,6,,,
Meconerv,12,,,
Mecozen,6,,,
Med,73,,,
Medari,5,,,
Mederma,10,,,
Medi,29,,,
Medigold,5,,,
Mediker,5,,,
Medimet,5,,,
Medimix,29,,,
Medineuron,7,,,
Medipolis,11,,,
Medis,6,,,
Medomol,15,,,
Medplus,22,,,
Mee,80,,,
Meechu,21,,,
Meera,16,,,
Mefkind,5,,,
Meftagesic,6,,,
Meftal,17,,,
Mega,26,,,
Megaclav,5,,,
Meganeuron,9,,,
Megapen,5,,,
Meglow,11,,,
Melacare,7,,,
Melaglow,8,,,
Melalite,5,,,
Melalumin,7,,,
Melapik,5,,,
Melascreen,5,,,
Meltolan,6,,,
Meltor,5,,,
Mepresso,5,,,
Mero,7,,,
Meromac,6,,,
Merosure,6,,,
Mersilk,13,,,
Mesacol,9,,,
Met,39,,,
Metacin,10,,,
Metafort,7,,,
Metapro,6,,,
Metasens,7,,,
Metasone,5,,,
Methico,6,,,
Methora,7,,,
Methyup,5,,,
Metlin,5,,,
Meto,6,,,
Metocard,11,,,
Metofid,9,,,
Metolar,18,,,
Metopole,6,,,
Metoprol,5,,,
Metosartan,10,,,
Metpath,6,,,
Metpil,5,,,
Metpromed,15,,,
Metpure,9,,,
Metride,11,,,
Metrogyl,24,,,
Metromax,5,,,
Metsmall,8,,,
Metstop,6,,,
Metview,8,,,
Metwyn,11,,,
Mexate,5,,,
Mext,5,,,
Mhc,8,,,
Mhs,7,,,
Micro,12,,,
Microcef,10,,,
Microflox,5,,,
Microgest,6,,,
Micronac,6,,,
Micropenam,5,,,
Midrib,62,,,
Migrabeta,5,,,
Mikacin,5,,,
Milixim,9,,,
Milk,7,,,
Miloxir,5,,,
Minfin,7,,,
Minglip,6,,,
Minichek,5,,,
Minirin,5,,,
Minoil,10,,,
Minokem,6,,,
Minolast,7,,,
Minoz,7,,,
Minscalp,12,,,
Mintop,26,,,
Miofree,6,,,
Miprogen,7,,,
Mirabelle,8,,,
Mirnite,6,,,
Mithglim,5,,,
Mito,5,,,
Mms,12,,,
Modlip,11,,,
Mofecon,5,,,
Mogu,12,,,
Moisturex,12,,,
Moiz,20,,,
Moktel,5,,,
Momate,15,,,
Momoz,5,,,
Momtas,5,,,
Monast,6,,,
Moncid,5,,,
Monisons,6,,,
Monit,9,,,
Monocef,22,,,
Monoguard,5,,,
Monotrate,7,,,
Montair,14,,,
Montasma,6,,,
Montecip,6,,,
Montek,11,,,
Montemac,13,,,
Montewyn,5,,,
Monticope,5,,,
Montina,7,,,
Moods,53,,,
Moon,7,,,
Moov,25,Reckitt Benckiser (India) Ltd,RB brand,exact
Morisons,64,,,
Morr,16,,,
Mortein,15,,,
Mosi,5,,,
1,6,,,
Mother,16,,,
Mounjaro,9,,,
Movacobal,5,,,
Movicol,5,,,
Movon,7,,,
Mox,26,,,
Moxclav,16,,,
Moxicip,7,,,
Moxiforce,5,,,
Moxigram,7,,,
Moxikind,12,,,
Moza,5,,,
Mp,8,,,
Mpciferol,7,,,
Mplecet,5,,,
Mpthyro,8,,,
Mptol,6,,,
Mptus,5,,,
Mpx,5,,,
Ms,5,,,
Msn,9,,,
Mucaine,6,,,
Mucinac,6,,,
Mucobrex,5,,,
Mucolite,6,,,
Mucomix,6,,,
Mulmin,7,,,
Multani,5,,,
Multi,13,,,
Multigates,18,,,
Multivite,5,,,
Mumfer,5,,,
Muout,5,,,
Muster,9,,,
My,26,,,
Myaid,10,,,
Mycept,5,,,
Mycoclin,5,,,
Mycoderm,5,,,
Mylamin,5,,,
Myliday,5,,,
Mylomax,5,,,
Mymi,11,,,
Myo,9,,,
Myolaxin,6,,,
Myoril,7,,,
Myotan,5,,,
Myotop,5,,,
Mysore,15,,,
Nac,9,,,
Nactel,5,,,
Nadoxin,9,,,
Nan,14,Nestle India Ltd,Nestle brand,exact
Nano,7,,,
Naprosyn,12,,,
Naselin,9,,,
Nasivion,10,,,
Nasiwar,5,,,
Nasoclear,16,,,
Nasopharyngeal,9,,,
Nat,6,,,
Nature,6,,,
Natures,59,,,
Naturo,8,,,
Naturogest,11,,,
Naturolax,5,,,
Navratna,22,,,
Nazomac,5,,,
Nebi,5,,,
Nebicard,9,,,
Nebifid,5,,,
Nebilarc,5,,,
Nebilong,5,,,
Nebimol,6,,,
Nebistar,8,,,
Nebracin,6,,,
Nebula,5,,,
Nebzmart,10,,,
Nectar,5,,,
Nedol,5,,,
Needle,6,,,
Needles,7,,,
Neem,10,,,
Nefrosave,5,,,
Neksium,5,,,
Neo,30,,,
Neogadine,5,,,
Neomol,6,,,
Neopeptine,5,,,
Neopride,6,,,
Neorelax,6,,,
Neosporin,8,,,
Neptaz,5,,,
Nervijen,12,,,
Nervin,5,,,
Nervitin,5,,,
Nervmax,9,,,
Nervup,7,,,
Nervz,7,,,
Nescital,6,,,
Nestle,43,Nestle India Ltd,Indian arm of Nestle SA,exact
Nestum,8,,,
Neuciti,5,,,
Neugaba,5,,,
Neurica,6,,,
Neuro,17,,,
Neurobion,8,,,
Neurocetam,6,,,
Neurofit,7,,,
Neurokem,12,,,
Neuromin,7,,,
Neuroprime,5,,,
Neurorex,7,,,
Neurotrat,5,,,
Neurovit,5,,,
Neurozest,5,,,
Neutrogena,20,,,
Nevlon,17,,,
New,19,,,
Newbona,7,,,
Newcita,7,,,
Newtel,14,,,
Nexiron,5,,,
Nexito,8,,,
Nexovas,15,,,
Nexpro,12,,,
Nicardia,7,,,
Nice,8,,,
Nicip,9,,,
Nicogum,8,,,
Nicostar,5,,,
Nicotex,36,,,
Nihar,5,,,
Nikoran,6,,,
Nimulid,14,,,
Nippo,8,,,
Nipro,8,,,
Nisargalaya,5,,,
Nise,12,,,
Nitra,5,,,
Nivea,166,,,
Nizoclin,6,,,
Nizonide,6,,,
Nizral,6,,,
Nmc,5,,,
Nmf,20,,,
No,16,,,
Nobel,15,,,
Noblok,6,,,
Nocold,5,,,
Nodon,7,,,
Nodosis,6,,,
Nomarks,16,,,
Nootropil,6,,,
Nor,8,,,
Norflox,6,,,
Normalip,5,,,
Nortipan,5,,,
Not,8,,,
Notemp,6,,,
Nourish,12,,,
Nova,18,,,
Novamox,23,,,
Novastat,16,,,
Novel,7,,,
Novonerve,5,,,
Novotel,8,,,
Ns,34,,,
Nu,20,,,
Nucarnit,5,,,
Nucoxia,13,,,
Nudon,5,,,
Nuforce,13,,,
Nukast,5,,,
Nulet,6,,,
Nulife,15,,,
Nulong,10,,,
Numlo,6,,,
Nupenta,7,,,
Nupur,6,,,
Nureeto,5,,,
Nuro,5,,,
Nuroday,6,,,
Nurokind,25,,,
Nurozox,6,,,
Nusar,6,,,
Nutramil,5,,,
Nutri,6,,,
Nutrifacts,6,,,
Nutrihance,7,,,
Nutrimaxx,10,,,
Nutrolin,5,,,
Nutrova,19,,,
Nycil,19,,,
Nykaa,7,,,
Nyle,13,,,
O2,11,,,
Ob,6,,,
Obimet,19,,,
Ocid,7,,,
Ocupol,6,,,
Ocurest,6,,,
Ocuvir,6,,,
Odihale,8,,,
Odimont,10,,,
Odomos,19,,,
Odonil,33,,,
Odoxil,5,,,
Of,5,,,
Oflacin,5,,,
Oflin,5,,,
Oflokem,6,,,
Oflomac,18,,,
Oflox,13,,,
Oframax,5,,,
Oilatum,9,,,
Oladix,6,,,
Olanex,6,,,
Olapin,9,,,
Olay,33,,,
Olbet,6,,,
Olcure,10,,,
Old,19,,,
Oleanz,10,,,
Olemessa,7,,,
Oleptal,9,,,
Olesoft,13,,,
Olet,5,,,
Olimelt,6,,,
Oline,9,,,
Oliramp,5,,,
Olivia,6,,,
Oliza,6,,,
Olkem,13,,,
Olmark,10,,,
Olmat,13,,,
Olmax,9,,,
Olmeblu,5,,,
Olmecaid,6,,,
Olmecer,5,,,
Olmecip,6,,,
Olmedawn,9,,,
Olmedofer,13,,,
Olmepath,5,,,
Olmesar,13,,,
Olmetime,10,,,
Olmetop,6,,,
Olmetor,10,,,
Olmetrack,8,,,
Olmewyn,11,,,
Olmezest,13,,,
Olmighty,5,,,
Olmin,14,,,
Olminor,5,,,
Olmo,7,,,
Olmy,11,,,
Olopat,5,,,
Olsar,13,,,
Olsertain,14,,,
Oltha,5,,,
Olvance,10,,,
Olzic,5,,,
Olzox,10,,,
Omee,13,,,
Omeflox,5,,,
Omega,12,,,
Omen,8,,,
Omez,14,,,
Omnacortil,10,,,
Omnatax,5,,,
Omnicef,8,,,
Omnigel,15,,,
Omnivan,6,,,
Omnix,6,,,
Omron,11,Omron Healthcare India Pvt Ltd,Indian arm of Omron Corp,exact
On,6,,,
Ona,6,,,
Onabet,11,,,
Ondem,8,,,
Ondero,10,,,
One,23,,,
Onecan,6,,,
Onetouch,17,LifeScan India Pvt Ltd,Spun off from Johnson & Johnson,normalized
Only,5,,,
Oosure,5,,,
Opal,10,,,
Open,5,,,
Opox,11,,,
Opti,6,,,
Optihist,7,,,
Optimoist,6,,,
Optimum,9,,,
Oral,69,,,
Orarite,8,,,
Orasore,5,,,
Oratil,7,,,
Orbit,11,,,
Organic,17,,,
Oritel,9,,,
Orofer,16,,,
Orogard,5,,,
Orpenem,6,,,
Ors,19,,,
Ortho,10,,,
Orvas,7,,,
Orwalk,12,,,
Oryza,8,,,
Ossopan,11,,,
Osteofit,5,,,
Osteowyn,6,,,
Ostocalcium,5,,,
Otrivin,15,Haleon (formerly GSK Consumer Healthcare),GSK consumer arm spun into Haleon globally,exact
Ovazoa,5,,,
Ovigyn,6,,,
Oxalgin,6,,,
Oxetol,9,,,
Oxipod,10,,,
Oxmazetol,5,,,
Oxra,9,,,
Oxramet,17,,,
Oxring,5,,,
Oxy,13,,,
Oxygen,5,,,
Oxyglim,7,,,
Oxyrin,6,,,
Ozier,13,,,
Ozomet,8,,,
Pacimol,14,,,
Pamper,6,,,
Pampers,205,Procter & Gamble,P&G brand,exact
Pan,15,,,
Panderm,6,,,
Pangraf,5,,,
Panido,5,,,
Pankajakasthuri,11,,,
Pansec,6,,,
Pantafol,5,,,
Pantakind,7,,,
Pantene,41,,,
Panthor,5,,,
Pantin,6,,,
Pantocid,9,,,
Pantodac,7,,,
Pantop,11,,,
Pantosec,6,,,
Panwyn,7,,,
Paper,8,,,
Paperboat,5,,,
Parachute,51,,,
Paracip,6,,,
Paramet,5,,,
Parasafe,8,,,
Paraxin,5,,,
Pari,8,,,
Park,41,,,
Parle,20,,,
Paro,8,,,
Patanjali,145,Patanjali Ayurved Ltd,Private company,exact
Path,5,,,
Patroxta,5,,,
Pause,6,,,
Paxonil,5,,,
Pbren,11,,,
Pco,5,,,
Pearl,5,,,
Pears,26,,,
Pecef,6,,,
Pedia,6,,,
Pediasure,32,Abbott Nutrition,Abbott's nutrition brand,exact
Pediflor,5,,,
Pedigree,33,,,
Pee,28,,,
Peg,10,,,
Penegra,6,,,
Pentanerv,12,,,
Pentasa,5,,,
Pentasure,17,,,
Pepsigard,7,,,
Pepsodent,48,,,
Peridon,6,,,
Perinorm,7,,,
Periset,5,,,
Persinal,5,,,
Persol,6,,,
Personal,6,,,
Petril,9,,,
Petsafa,5,,,
Pevesca,5,,,
Pexep,9,,,
Pg,6,,,
Ph,8,,,
Phenergan,5,,,
Phensedyl,8,,,
Phexin,10,,,
Photoban,6,,,
Photostable,6,,,
Physiogel,8,,,
Phytoral,9,,,
Piclin,6,,,
Pigeon,49,,,
Pii,8,,,
Pilo,5,,,
Pinom,11,,,
Pio,6,,,
Piocon,6,,,
Pioglar,9,,,
Pioglit,9,,,
Piomed,6,,,
Pionorm,8,,,
Piopar,5,,,
Piopod,8,,,
Pioz,11,,,
Pirapil,5,,,
Piritexyl,6,,,
Pirox,5,,,
Placentrex,5,,,
Planep,5,,,
Planokuf,5,,,
Plaqstat,6,,,
Plaster,7,,,
Playgard,7,,,
Pleostin,6,,,
Plix,6,,,
Plum,14,,,
Podo,8,,,
Podoxim,5,,,
Polo,6,,,
Polybion,19,,,
Polyclav,6,,,
Polycrol,7,,,
Polydapa,5,,,
Polypod,6,,,
Ponds,146,,,
Potassium,6,,,
Potrate,12,,,
Pour,12,,,
Povimide,5,,,
Poviztra,6,,,
Powercort,6,,,
Powergesic,6,,,
Ppg,7,,,
Practomet,16,,,
Pramipex,8,,,
Pramirol,10,,,
Pre,13,,,
Preega,5,,,
Prega,9,,,
Pregaba,17,,,
Pregabanyl,9,,,
Pregabawyn,6,,,
Pregabid,22,,,
Pregadoc,8,,,
Pregalift,7,,,
Pregalin,20,,,
Preganerve,10,,,
Preganor,5,,,
Pregastar,8,,,
Pregavam,11,,,
Pregeb,16,,,
Prelo,6,,,
Premier,6,,,
Premium,9,,,
Prems,6,,,
Prenura,5,,,
Preva,6,,,
Prexol,7,,,
Prezivas,5,,,
Prichek,8,,,
Pridex,6,,,
Prime,7,,,
Primodil,5,,,
Pringles,13,,,
Prioglo,7,,,
Pritorva,6,,,
Prizide,8,,,
Pro,41,,,
Pro360,29,,,
Problast,5,,,
Progaba,7,,,
Progmed,5,,,
Prohance,26,,,
Prolene,30,,,
Prolet,6,,,
Prolite,5,,,
Prolol,5,,,
Prolomet,10,,,
Prolovas,6,,,
Prolus,6,,,
Prolyte,8,,,
Pronate,6,,,
Prop,5,,,
Propysalic,8,,,
Protar,5,,,
Protera,6,,,
Prothiaden,6,,,
Protinex,54,Zydus Wellness Ltd,Zydus Wellness acquired from Danone in 2022,exact
Protol,6,,,
Protopan,5,,,
Prototal,7,,,
Provanol,10,,,
Proxym,7,,,
Pru,5,,,
Psynil,8,,,
Pubergen,11,,,
Pulmo,5,,,
Pulmocef,5,,,
Pulmosmart,7,,,
Pure,34,,,
Purepet,16,,,
Puriteo,5,,,
Pushkaraj,30,,,
Puttur,5,,,
Pylodil,5,,,
Pynomax,7,,,
Pyrigesic,12,,,
Pyrocare,5,,,
Qsita,13,,,
Quel,9,,,
Quikhale,10,,,
Quser,6,,,
Qutan,10,,,
Qutipin,11,,,
Qutiwel,7,,,
R2,5,,,
Raastel,6,,,
Rabapt,5,,,
Rabekind,6,,,
Rabeloc,7,,,
Rabemac,8,,,
Rabicip,5,,,
Rabium,5,,,
Rablet,9,,,
Rabonik,6,,,
Race,5,,,
Racenerve,5,,,
Raciper,7,,,
Radant,7,,,
Rafron,8,,,
Ramace,5,,,
Ramcor,6,,,
Ramipres,6,,,
Ramisave,6,,,
Ramistar,11,,,
Ranidom,12,,,
Rantac,16,,,
Rapid,6,,,
Rapilif,11,,,
Rapitus,5,,,
Raricap,8,,,
Rastin,8,,,
Ray,7,,,
Razel,22,,,
Razo,8,,,
Rb,15,,,
Rcin,5,,,
Rd,6,,,
Rdl,11,,,
Re,16,,,
Real,7,,,
Recal,5,,,
Recita,5,,,
Reclide,8,,,
Reclimet,7,,,
Recofast,8,,,
Reconerve,6,,,
Recosulin,9,,,
Red,18,,,
Redustat,5,,,
Reflora,5,,,
Refresh,5,,,
Refzil,6,,,
Regen,5,,,
Reinforced,6,,,
Rejoice,5,,,
Rejoint,5,,,
Rejuglow,5,,,
Rejuhair,8,,,
Rejulol,8,,,
Rejunex,10,,,
Rejunuron,14,,,
Rejuroz,6,,,
Rejuv,5,,,
Rekool,9,,,
Relaxyl,10,,,
Relent,5,,,
Relidep,6,,,
Relish,7,,,
Relispray,10,,,
Reliwyn,8,,,
Remethyl,9,,,
Remetor,10,,,
Remo,13,,,
Remylin,6,,,
Renerve,19,,,
Renewa,50,,,
Renewderm,7,,,
Reno,6,,,
Renocel,5,,,
Renu,6,,,
Repace,6,,,
Repaglimed,5,,,
Resource,19,,,
Respicure,14,,,
Respira,7,,,
Restodry,5,,,
Restyl,5,,,
Resun,5,,,
Rethyro,7,,,
Retino,5,,,
Retoz,8,,,
Retro,12,,,
Revas,8,,,
Revelol,13,,,
Revital,17,Sun Pharma Consumer Healthcare Ltd,Sun Pharma's consumer arm,exact
Revize,5,,,
Revlin,7,,,
Revlon,7,,,
Revostat,5,,,
Rexcof,6,,,
Rexidin,9,,,
Rexipra,10,,,
Rexona,13,,,
Reyglim,5,,,
Rez,6,,,
Rhinoryl,6,,,
Rib,6,,,
Richar,6,,,
Riconia,8,,,
Ridacne,5,,,
Ride,7,,,
Rifa,5,,,
Rifaxigyl,6,,,
Riflux,5,,,
Rin,6,,,
Ring,7,,,
Riomet,9,,,
Riscalm,6,,,
Riscon,8,,,
Riscure,6,,,
Risdone,11,,,
Risetelmi,5,,,
Rismenta,6,,,
Risnia,7,,,
Risp,6,,,
Risperdal,5,,,
Rispond,7,,,
Riswel,8,,,
Rite,9,,,
Ritebite,10,,,
Ritecheck,8,,,
Rivela,5,,,
Riya,7,,,
Rl,11,,,
Rnd,8,,,
Roghan,7,,,
Roles,5,,,
Roliptin,9,,,
Roll,5,,,
Romilast,11,,,
Romo,17,,,
Romolene,6,,,
Romsons,21,,,
Roop,7,,,
Rootgain,5,,,
Ropark,7,,,
Rosachol,5,,,
Rosanz,5,,,
Rosave,17,,,
Roscillin,8,,,
Roseday,18,,,
Rosevast,5,,,
Rosiflex,5,,,
Roslaren,13,,,
Rosloy,16,,,
Rospitril,5,,,
Rosubest,8,,,
Rosucord,6,,,
Rosucus,11,,,
Rosudus,5,,,
Rosufit,11,,,
Rosuhenz,7,,,
Rosukaa,11,,,
Rosukem,12,,,
Rosuless,14,,,
Rosulife,10,,,
Rosulip,15,,,
Rosumac,16,,,
Rosumep,18,,,
Rosumyk,5,,,
Rosuneip,5,,,
Rosupack,6,,,
Rosur,8,,,
Rosurica,11,,,
Rosuson,8,,,
Rosutalix,8,,,
Rosutor,6,,,
Rosuvas,19,,,
Rosuvastin,6,,,
Rosuvotin,9,,,
Rosuwyn,10,,,
Rosuzun,6,,,
Rosvie,9,,,
Rosvin,8,,,
Roswow,7,,,
Rosycap,19,,,
Rosys,5,,,
Rotin,10,,,
Rovapure,5,,,
Roxid,7,,,
Royal,6,,,
Rozaguar,6,,,
Rozanex,5,,,
Rozat,12,,,
Rozavel,13,,,
Rozbite,7,,,
Rozedoc,6,,,
Rozfirst,6,,,
Rozitiq,7,,,
Roznyle,7,,,
Rozras,7,,,
Rozstyl,7,,,
Rozucor,22,,,
Rozudoc,8,,,
Rozula,10,,,
Rozustat,11,,,
Rozutek,9,,,
Rozutin,9,,,
Rozze,5,,,
Rpo,5,,,
Rubired,7,,,
Ruchiga,9,,,
Rudimin,5,,,
Rumalaya,8,,,
Rvs,8,,,
Rx,8,,,
Rxtor,8,,,
Rylestube,6,,,
Sa,5,,,
Safe,10,,,
Saffola,10,,,
Salbair,16,,,
Salbid,5,,,
Salisia,5,,,
Sallaki,10,,,
Salytar,6,,,
Samson,8,,,
Sanity,5,,,
Sanomet,6,,,
Santoor,27,,,
Sapat,7,,,
Sartel,15,,,
Saslic,5,,,
Sat,6,,,
Saveglim,5,,,
Saveglip,5,,,
Savlon,30,ITC Ltd,ITC's personal care division,exact
Sb,7,,,
Scalp,12,,,
Scalpe,6,,,
Schizonil,5,,,
Scholl,9,,,
Seacod,7,,,
Sebamed,70,,,
Sebifin,5,,,
Secalia,5,,,
Sefmet,5,,,
Sego,18,,,
Sel,5,,,
Selsun,11,,,
Selzic,8,,,
Semasize,9,,,
Sembolic,5,,,
Semi,11,,,
Semitor,8,,,
Seni,6,,,
Senquel,10,,,
Sensiclav,12,,,
Sensocure,8,,,
Sensodent,26,,,
Sensodyne,37,Haleon (formerly GSK Consumer Healthcare),GSK consumer arm spun into Haleon globally,exact
Sensoform,8,,,
Sensur,5,,,
Septran,6,,,
Seradic,5,,,
Serenace,9,,,
Seretide,8,,,
Serjun,6,,,
Seroflo,15,,,
Seropax,5,,,
Servace,7,,,
Servil,6,,,
Sesa,12,,,
Set,24,,,
Sg,5,,,
Sgltd,8,,,
Shapers,5,,,
Shatavari,7,,,
She,8,,,
Shee,6,,,
Shelcal,23,Torrent Pharmaceuticals Ltd,Acquired from Elder Pharmaceuticals,exact
Shine,6,,,
Shoulder,5,,,
Shower,7,,,
Shrin,5,,,
Shy,7,,,
Siaglide,11,,,
Sifasi,6,,,
Siglyn,13,,,
Signiture,5,,,
Signoflam,5,,,
Sildoo,9,,,
Silicone,8,,,
Silodal,11,,,
Silofast,11,,,
Silogreat,5,,,
Silotime,8,,,
Silotrif,6,,,
Siloxio,5,,,
Silverex,12,,,
Silybon,5,,,
Similac,30,Abbott Nutrition,Abbott's nutrition brand,exact
Simmom,8,,,
Simvotin,6,,,
Simyl,5,,,
Sinarest,22,Centaur Pharmaceuticals Pvt Ltd,Private company,exact
Sirona,8,,,
Sita,16,,,
Sitabetic,5,,,
Sitabite,13,,,
Sitabless,6,,,
Sitacip,16,,,
Sitaclass,9,,,
Sitaday,11,,,
Sitadoc,5,,,
Sitadus,7,,,
Sitagix,11,,,
Sitaglip,5,,,
Sitaglo,17,,,
Sitaglyn,15,,,
Sitagrav,9,,,
Sitahenz,23,,,
Sitalembic,9,,,
Sitalong,9,,,
Sitamax,9,,,
Sitamep,11,,,
Sitanat,5,,,
Sitaneu,5,,,
Sitanorm,17,,,
Sitapaz,5,,,
Sitapride,14,,,
Sitara,18,,,
Sitared,11,,,
Sitashine,9,,,
Sitason,5,,,
Sitatrack,7,,,
Sitawok,6,,,
Sitaxa,19,,,
Sitazit,15,,,
Sitdc,6,,,
Sitoha,7,,,
Sizodon,11,,,
Skin,12,,,
Skinella,14,,,
Skizoril,12,,,
Skore,35,,,
Slc,8,,,
Slurrp,6,,,
Small,14,,,
Smart,8,,,
Smuth,7,,,
Smylox,5,,,
Snickers,9,,,
Sodium,18,,,
Sofidew,7,,,
Soft,6,,,
Softee,5,,,
Softeron,6,,,
Softovac,11,,,
Softswab,5,,,
Sofy,41,,,
Sofzid,5,,,
Soha,5,,,
Soltus,8,,,
Solvin,20,,,
Sompraz,9,,,
Sonaderm,5,,,
Sonaxa,9,,,
Sotret,7,,,
Soulflower,18,,,
Soval,6,,,
Soventus,9,,,
Sp,6,,,
Spasmo,6,,,
Spenzo,5,,,
Spinal,8,,,
Spingab,6,,,
Spinz,22,,,
Spirodin,6,,,
Spiromont,5,,,
Splint,5,,,
Sporidex,17,,,
Sporlac,9,,,
Sportz,14,,,
Spraymintt,5,,,
Sprite,7,,,
Sputnix,5,,,
Sri,16,,,
Stablanz,6,,,
Stafcure,6,,,
Stalix,15,,,
Stalopam,8,,,
Stamina,8,,,
Stamlo,16,,,
Starcad,5,,,
Starpress,16,,,
Startglim,10,,,
Startnerve,7,,,
Startsita,6,,,
Starvog,6,,,
Statiga,10,,,
Statix,5,,,
Stator,13,,,
Statpure,15,,,
Stayfree,49,,,
Stenix,6,,,
Stenza,6,,,
Steri,7,,,
Sterile,11,,,
Sternon,9,,,
Stig,6,,,
Stolin,8,,,
Ston,7,,,
Storvas,13,,,
Streax,38,,,
Strepsils,9,Reckitt Benckiser (India) Ltd,RB brand,exact
Stresnil,8,,,
Strocit,5,,,
Strone,11,,,
Subneuro,8,,,
Sucrafil,5,,,
Sucral,13,,,
Suction,7,,,
Sudin,8,,,
Sufalit,5,,,
Sufrate,8,,,
Sugaflo,10,,,
Sugamet,6,,,
Sugar,40,,,
Sugaray,15,,,
Suhagra,5,,,
Suitglip,7,,,
Sulforyl,8,,,
Sulpitac,6,,,
Sumo,25,,,
Sun,8,,,
Sunban,9,,,
Sunbless,7,,,
Suncros,10,,,
Sunetra,5,,,
Sunmate,5,,,
Sunsilk,35,,,
Sunstop,9,,,
Super,15,,,
Supermet,5,,,
Supracal,14,,,
Supradyn,7,,,
Surbex,5,,,
Sureglim,5,,,
Surf,8,,,
Surfaz,10,,,
Surgical,20,,,
Surgicare,10,,,
Surgicom,8,,,
Surgipad,8,,,
Surzeekem,5,,,
Susten,11,,,
Suthol,17,,,
Sutupak,5,,,
Svashicalis,8,,,
Sweet,5,,,
Swich,13,,,
Swirls,20,,,
Switdapa,6,,,
Switglim,16,,,
Switpride,6,,,
Sylate,5,,,
Synaptol,6,,,
Syndopa,5,,,
Syntran,6,,,
Syringe,6,,,
Syringes,11,,,
Sysfol,5,,,
Systane,6,,,
Szetalo,7,,,
T2c,5,,,
Tacrovera,5,,,
Tacrovin,5,,,
Tacroz,6,,,
Tactile,6,,,
Tagamox,6,,,
Takfa,8,,,
Talo,5,,,
Taloprex,8,,,
Tang,7,,,
Tapal,6,,,
Targit,6,,,
Tasiron,9,,,
Tata,7,,,
Taxim,25,,,
Tayo,14,,,
Tazlive,10,,,
Tazloc,15,,,
Tazpure,9,,,
Tbis,5,,,
Tears,6,,,
Techglim,7,,,
Techsart,9,,,
Teczine,6,,,
Teddyy,35,,,
Tedibar,7,,,
Tegaderm,11,,,
Tegrital,7,,,
Tel,17,,,
Telaid,9,,,
Telapp,7,,,
Telben,6,,,
Telbind,7,,,
Telbrit,11,,,
Telcend,5,,,
Telcros,5,,,
Telcure,17,,,
Teldawn,12,,,
Telday,9,,,
Teleact,10,,,
Teledoc,8,,,
Telefix,8,,,
Telefra,5,,,
Telekast,11,,,
Telelak,7,,,
Telfirst,7,,,
Telhour,7,,,
Teli,6,,,
Telicus,8,,,
Telihep,5,,,
Telinor,8,,,
Telismart,5,,,
Telista,23,,,
Telkonol,13,,,
Tellite,5,,,
Tellmcard,5,,,
Tellme,5,,,
Tellzy,21,,,
Telma,37,,,
Telmed,19,,,
Telmichek,8,,,
Telmicure,9,,,
Telmiduce,6,,,
Telmifine,6,,,
Telmiget,7,,,
Telmijub,11,,,
Telmikaa,8,,,
Telmikind,24,,,
Telminorm,7,,,
Telmiprime,12,,,
Telmiride,9,,,
Telmisat,7,,,
Telmishine,7,,,
Telmitos,7,,,
Telmiviti,9,,,
Telmiwyn,13,,,
Telmizio,6,,,
Telmodor,9,,,
Telmsvan,19,,,
Telnyle,10,,,
Telo,6,,,
Telpax,9,,,
Telpres,19,,,
Telsaan,7,,,
Telsacare,6,,,
Telsar,23,,,
Telsart,6,,,
Telsartan,30,,,
Telsite,7,,,
Telsyd,10,,,
Telsyday,6,,,
Teltexa,9,,,
Telturn,6,,,
Telvas,20,,,
Telvo,6,,,
Telwis,5,,,
Telzen,6,,,
Telzox,13,,,
Telzun,7,,,
Temsan,13,,,
Ten,6,,,
Tena,12,,,
Tenderils,8,,,
Tendia,5,,,
Tendo,5,,,
Tenepride,5,,,
Tennis,5,,,
Tenolol,9,,,
Tenoric,5,,,
Tenovate,7,,,
Terbest,5,,,
Terbinaforce,7,,,
Tergra,5,,,
Terifrac,5,,,
Tetan,12,,,
Tetmosol,7,,,
Tg,13,,,
The,30,,,
Themibutol,5,,,
Theo,6,,,
Thermokind,6,,,
Thermoseal,15,,,
Thioquest,5,,,
Threptin,14,,,
Thrive,5,,,
Thums,9,,,
Thyrofit,11,,,
Thyrogear,12,,,
Thyroneed,11,,,
Thyronorm,24,,,
Thyrorich,9,,,
Thyroup,12,,,
Thyrowyn,6,,,
Thyrox,22,,,
Tic,13,,,
Tide,11,,,
Tigatel,10,,,
Tiger,14,,,
Timolet,5,,,
Tincture,7,,,
Tinfal,5,,,
Tiptop,19,,,
Tixylix,6,,,
Tlet,5,,,
Tlm,6,,,
Tmr,5,,,
Tofadoz,5,,,
Tofajak,5,,,
Tolaz,10,,,
Tolol,8,,,
Tolperitas,5,,,
Tonact,21,,,
Tonoferon,5,,,
Top,16,,,
Topaz,5,,,
Topcef,6,,,
Topinate,6,,,
Topisal,10,,,
Topnerve,5,,,
Tor,6,,,
Torbrit,5,,,
Tordura,5,,,
Torescit,9,,,
Torget,7,,,
Torglip,15,,,
Torib,7,,,
Torleva,8,,,
Tormax,6,,,
Torpanel,5,,,
Torsid,7,,,
Torvason,5,,,
Torvate,7,,,
Torvigress,5,,,
Torwyn,6,,,
Toughcal,7,,,
Tozaar,6,,,
Tracheostomy,8,,,
Traditional,13,,,
Tramazac,7,,,
Trancodol,5,,,
Tranesma,7,,,
Translol,5,,,
Trapic,5,,,
Traxol,5,,,
Trazer,5,,,
Tresemme,28,,,
Tretin,5,,,
Tretiva,6,,,
Tri,20,,,
Triben,17,,,
Triblend,5,,,
Trichoton,9,,,
Trichup,12,,,
Tricium,16,,,
Tricomax,5,,,
Triexer,5,,,
Trigaine,6,,,
Triglimibrit,5,,,
Triglimisave,10,,,
Triglynase,5,,,
Trika,7,,,
Trinergic,5,,,
Trioderm,5,,,
Trioptal,5,,,
Triphala,11,,,
Triple,15,,,
Tripride,7,,,
Triptamin,10,,,
Trocar,5,,,
Tru,8,,,
Truderma,7,,,
Trugut,10,,,
Truvas,9,,,
Tryptomer,6,,,
Tsart,16,,,
Tubifix,6,,,
Tugain,12,,,
Tulips,15,,,
Tummy,5,,,
Turbovas,14,,,
Turby,5,,,
Tuspel,6,,,
Tusq,16,,,
Tvs,8,,,
Twinblok,6,,,
Tyfy,6,,,
Tymolytic,6,,,
Tynor,310,,,
Tyrodin,5,,,
Tyza,6,,,
Ubi,7,,,
Udapa,14,,,
Udiliv,5,,,
Udimarin,5,,,
Ulgel,7,,,
Ulpan,8,,,
Ultra,31,,,
Umbilical,6,,,
Uniaz,7,,,
Unibic,6,,,
Unienzyme,6,,,
Unistar,7,,,
Upakarma,5,,,
Uprise,9,,,
Upxime,5,,,
Urea,6,,,
Urikind,5,,,
Urimax,10,,,
Urine,9,,,
Uritop,5,,,
Ursocol,5,,,
Uv,42,,,
Uvis,7,,,
Vacuette,11,,,
Vaidya,5,,,
Valance,10,,,
Valdiff,7,,,
Valentas,6,,,
Valeptol,5,,,
Valkem,5,,,
Valparin,9,,,
Valprol,9,,,
Valros,5,,,
Valzaar,5,,,
Van,6,,,
Vaporin,5,,,
Vaseline,70,,,
Vasmol,8,,,
Vb,6,,,
Vc,5,,,
Vcare,26,,,
Vedapride,5,,,
Veet,44,,,
Vega,7,,,
Vein,7,,,
Veinflux,6,,,
Velol,7,,,
Veloz,7,,,
Veltam,7,,,
Venflon,7,,,
Venpres,5,,,
Vent,6,,,
Ventab,8,,,
Ventidox,5,,,
Ventorlin,6,,,
Venusia,29,,,
Vepan,5,,,
Verifica,10,,,
Vertin,9,,,
Vertistar,5,,,
Vg,6,,,
Vi,25,,,
Vibrocar,5,,,
Vicco,49,,,
Vicks,30,Procter & Gamble,P&G brand,exact
Vicra,6,,,
Vicryl,57,,,
Vidaglo,7,,,
Vidavance,6,,,
Vigoquin,5,,,
Vil,5,,,
Vilatin,7,,,
Vilco,8,,,
Vildagard,5,,,
Vildamac,11,,,
Vildanat,6,,,
Vildanex,8,,,
Vildapride,9,,,
Vildaprime,9,,,
Vildaray,10,,,
Vildawyn,5,,,
Vildus,5,,,
Vilor,10,,,
Vilpower,7,,,
Viltab,11,,,
Vim,6,,,
Vinerve,5,,,
Vinglyn,8,,,
Vinicor,8,,,
Vinlep,5,,,
Vinsorin,5,,,
Vintor,5,,,
Vip,5,,,
Viscodyne,5,,,
Vissco,99,,,
Vit,9,,,
Vita,5,,,
Vital,6,,,
Vitamin,8,,,
Vitanova,6,,,
Vitaresp,5,,,
Vitazyme,6,,,
Vitcofol,11,,,
Vitel,12,,,
Vithoba,10,,,
Vitibex,7,,,
Vitomin,6,,,
Vitrace,6,,,
Vivamom,10,,,
Vivel,7,,,
Vizylac,10,,,
Vlcc,34,,,
Voage,12,,,
Vobit,10,,,
Vogli,15,,,
Voglibite,7,,,
Vogliboz,6,,,
Voglifin,5,,,
Voglikem,6,,,
Voglimac,10,,,
Voglinorm,8,,,
Voglistar,9,,,
Voglitab,6,,,
Voglitor,10,,,
Voglow,10,,,
Vogloyd,14,,,
Voglyson,5,,,
Vogs,8,,,
Volibo,8,,,
Volibose,7,,,
Volicure,9,,,
Volini,28,Sun Pharma Consumer Healthcare Ltd,Sun Pharma's consumer arm,exact
Volix,15,,,
J,5,,,
Volpost,6,,,
Voltido,5,,,
Vomikind,7,,,
Voot,5,,,
Vovelarc,6,,,
Voveran,15,,,
Vozuca,8,,,
Vt,5,,,
Vwash,9,,,
Vylda,12,,,
Vysov,8,,,
Walaphage,10,,,
Walker,8,,,
Walyte,11,,,
Wanto,5,,,
Waxonil,5,,,
Wegovy,5,,,
Well,11,,,
Wellman,5,,,
Welminic,9,,,
Weltelmi,10,,,
Weltone,6,,,
Wepox,6,,,
Whiskas,13,,,
Whisper,100,,,
White,16,,,
Wikoryl,14,,,
Wild,23,,,
Willgo,5,,,
Win,8,,,
Winbp,12,,,
Winkies,15,,,
Wipro,29,,,
Wizmont,5,,,
Wokadine,12,,,
Wonder,18,,,
Wonfit,5,,,
Wosulin,23,,,
Wow,11,,,
Wowper,7,,,
Wrist,16,,,
Wymox,6,,,
Wynator,7,,,
Wynciferol,6,,,
Xadomet,5,,,
Xarelto,5,,,
Xenia,6,,,
Xet,9,,,
Xilia,9,,,
Xl,16,,,
Xmet,7,,,
Xone,10,,,
Xop,5,,,
Xoten,10,,,
Xoxe,5,,,
Xpect,9,,,
Xplore,7,,,
Xstan,7,,,
Xsulin,9,,,
Xtor,9,,,
Xtra,6,,,
Xtracal,7,,,
Xykaa,12,,,
Xylocaine,12,,,
Xynotel,5,,,
Xyzal,9,,,
Xzid,6,,,
Yaher,5,,,
Yardley,62,,,
Yoga,7,,,
Yogatel,5,,,
Yogi,6,,,
Yurpeak,7,,,
Zabesta,6,,,
Zac,5,,,
Zacy,6,,,
Zadro,7,,,
Zady,6,,,
Zam,5,,,
Zandu,52,,,
Zanocin,11,,,
Zaporil,5,,,
Zathrin,11,,,
Zavamet,9,,,
Zayo,10,,,
Zeblong,5,,,
Zecal,10,,,
Zedex,6,,,
Zedocef,10,,,
Zedott,5,,,
Zee,5,,,
Zefu,5,,,
Zeldinac,6,,,
Zen,14,,,
Zenbriv,5,,,
Zenflox,15,,,
Zenoxa,10,,,
Zenoxidil,8,,,
Zensita,7,,,
Zensoft,5,,,
Zeptol,6,,,
Zero,5,,,
Zerodol,18,,,
Zeroscab,5,,,
Zerotuss,10,,,
Zest,9,,,
Zetaglim,13,,,
Zevert,9,,,
Zifi,33,,,
Ziglim,8,,,
Zilda,5,,,
Zinc,5,,,
Zincitotal,5,,,
Zincoderm,6,,,
Zincold,10,,,
Zincovit,9,Apex Laboratories Pvt Ltd,Part of USV group,exact
Zipod,6,,,
Ziprax,5,,,
Zita,18,,,
Zitcare,5,,,
Zithrox,6,,,
Zivast,7,,,
Zix,10,,,
Zn,5,,,
Zo,7,,,
Zobid,5,,,
Zocef,10,,,
Zocon,16,,,
Zofer,7,,,
Zolax,6,,,
Zole,5,,,
Zomelis,14,,,
Zorem,9,,,
Zoryl,33,,,
Zostum,7,,,
Zovirax,5,,,
Zoxan,10,,,
Zucapride,5,,,
Zukanorm,10,,,
Zuvog,5,,,
Zy,5,,,
Zycet,5,,,
Zydip,5,,,
Zylotor,5,,,
Zynac,6,,,
Zyrop,6,,,
Zyrova,14,,,
Zytee,5,,,
Zyvana,7,,,
Akt,4,,,
Bt,4,,,
Dk,4,,,
Gmp,4,,,
Liq,4,,,
Ltk,4,,,
Microtek,4,,,
Mim,4,,,
Ne,4,,,
Nel,4,,,
Normal,4,,,
Pza,4,,,
Sn,4,,,
Ssv,4,,,
Aachi,4,,,
Abhayarishta,4,,,
Accu,4,,,
Aero,4,,,
Poct,4,,,
Orthofeel,4,,,
Normabrain,4,,,
Anakku,4,,,
Ashwagandharishta,4,,,
Respirometer,4,,,
Zinda,4,,,
Babyvita,4,,,
Lil,4,,,
Truenurs,4,,,
Cloth,4,,,
Green,4,,,
Blynds,4,,,
Minute,4,,,
Raskik,4,,,
Senolin,4,,,
Abivit,4,,,
Ablife,4,,,
Abnerv,4,,,
Absomega,4,,,
Accurate,4,,,
Acephymed,4,,,
Acetis,4,,,
Acutret,4,,,
Adicobal,4,,,
Adliv,4,,,
Affical,4,,,
Alcros,4,,,
Alphadol,4,,,
Aminofit,4,,,
Amree,4,,,
Angiplat,4,,,
Angispan,4,,,
Antoxid,4,,,
Aristozyme,4,,,
Arnopen,4,,,
Arpimune,4,,,
Astyfer,4,,,
Atowin,4,,,
Axogurd,4,,,
Azplat,4,,,
Besvil,4,,,
Biomus,4,,,
Bonmax,4,,,
Bonultra,4,,,
Brace,4,,,
Calcigen,4,,,
Calcitas,4,,,
Caldob,4,,,
Caldox,4,,,
Calwheel,4,,,
Calzilon,4,,,
Carispec,4,,,
Carlistat,4,,,
Cbfol,4,,,
Channel,4,,,
Chexid,4,,,
Clomipure,4,,,
Clopilet,4,,,
Cobadex,4,,,
Cobaforte,4,,,
Cobalfit,4,,,
Coedhea,4,,,
Coerip,4,,,
Cognitrust,4,,,
Coldact,4,,,
Collashine,4,,,
Coltro,4,,,
Conceva,4,,,
Cranpac,4,,,
Cyclophil,4,,,
Cytogard,4,,,
Dalacin,4,,,
Dazzle,4,,,
Deep,4,,,
Delphi,4,,,
Depin,4,,,
Divagest,4,,,
Domadol,4,,,
Dotshine,4,,,
Dream,4,,,
Durajoint,4,,,
Dvive,4,,,
Dz,4,,,
Edge,4,,,
Eiref,4,,,
Entroflora,4,,,
Enzase,4,,,
Epi,4,,,
Es,4,,,
Esofag,4,,,
Esofine,4,,,
Esofit,4,,,
Espra,4,,,
Essom,4,,,
Evongest,4,,,
Fenobate,4,,,
Fenza,4,,,
Feredet,4,,,
Ferro,4,,,
Feton,4,,,
Fixmyel,4,,,
Flokind,4,,,
Fludac,4,,,
Fluoxet,4,,,
Folirich,4,,,
Folvite,4,,,
Gabadon,4,,,
Gabafix,4,,,
Gabalept,4,,,
Gabaniche,4,,,
Gabavent,4,,,
Gabawell,4,,,
Gabawyn,4,,,
Garlic,4,,,
Gasotop,4,,,
Gen,4,,,
Glad,4,,,
Gladvas,4,,,
Glenza,4,,,
Golite,4,,,
Goodova,4,,,
Gopan,4,,,
Hald,4,,,
Hemsi,4,,,
Heol,4,,,
Hksome,4,,,
Ig,4,,,
Imax,4,,,
Indamet,4,,,
Inmecin,4,,,
Itra,4,,,
Itrazest,4,,,
Itzhh,4,,,
Kerashine,4,,,
Kolq,4,,,
Labmox,4,,,
Lax,4,,,
Lecal,4,,,
Lenalid,4,,,
Levorid,4,,,
Lmx,4,,,
Lockstat,4,,,
Macfolate,4,,,
Macuchek,4,,,
Maxdulin,4,,,
Maxmala,4,,,
Maxnerve,4,,,
Mecomulty,4,,,
Mecovon,4,,,
Megaceclo,4,,,
Melazove,4,,,
Migrate,4,,,
Miol,4,,,
Mitocal,4,,,
Mono,4,,,
Mplitra,4,,,
Mplus,4,,,
Multineuron,4,,,
Mycoclear,4,,,
Nalneuron,4,,,
Natvie,4,,,
Nervite,4,,,
Neucobal,4,,,
Neuromed,4,,,
Neuronz,4,,,
Neurototal,4,,,
Neurozide,4,,,
Nidagen,4,,,
Norflora,4,,,
Novoret,4,,,
Nuhenz,4,,,
Osil,4,,,
Osteo,4,,,
Osteocal,4,,,
Ovares,4,,,
Overzyme,4,,,
Panimun,4,,,
Pansa,4,,,
Pansped,4,,,
Panum,4,,,
Pepcia,4,,,
Pinoin,4,,,
Pm,4,,,
Pnz,4,,,
Podox,4,,,
Pregabrit,4,,,
Pregachamp,4,,,
Pregcert,4,,,
Prelin,4,,,
Primosa,4,,,
Prixain,4,,,
Profine,4,,,
Prostagard,4,,,
Psorid,4,,,
Pudin,4,,,
Pulmoxyl,4,,,
Rabalkem,4,,,
Rabesec,4,,,
Rabifast,4,,,
Rabiplus,4,,,
Rabiros,4,,,
Ramihart,4,,,
Rcinex,4,,,
Redclox,4,,,
Rejumins,4,,,
Rejuminz,4,,,
Remywyn,4,,,
Respifresh,4,,,
Richtrol,4,,,
Rinifol,4,,,
Rofast,4,,,
Roliten,4,,,
Rosafin,4,,,
Roseoli,4,,,
Roseup,4,,,
Rosimit,4,,,
Rosquel,4,,,
Rostake,4,,,
Rosuaid,4,,,
Rosucad,4,,,
Rosufy,4,,,
Rosunova,4,,,
Rosuseez,4,,,
Rosuwon,4,,,
Rourax,4,,,
Rozon,4,,,
Rozpure,4,,,
Roztek,4,,,
Rozution,4,,,
Sd,4,,,
Secef,4,,,
Shelgain,4,,,
Shinogab,4,,,
Sioneuron,4,,,
Spectra,4,,,
Spirulina,4,,,
Statolip,4,,,
Steon,4,,,
Storva,4,,,
Sugest,4,,,
Superflora,4,,,
Supractiv,4,,,
Supreo,4,,,
Synprotik,4,,,
Syscan,4,,,
Tacrocord,4,,,
Tacrograf,4,,,
Tacromus,4,,,
Tacroren,4,,,
Tacrosum,4,,,
Thank,4,,,
Thioact,4,,,
Thiospas,4,,,
Tricogro,4,,,
Ubicar,4,,,
Vincomo,4,,,
Unicobal,4,,,
Unizuva,4,,,
Ural,4,,,
Viminta,4,,,
Vingraf,4,,,
Vizibion,4,,,
Voltanerv,4,,,
Vomiteb,4,,,
Wayo,4,,,
Whit,4,,,
Wyn,4,,,
Wynstat,4,,,
Xpace,4,,,
Zitran,4,,,
Zolgas,4,,,
Zosa,4,,,
Zovanta,4,,,
Zylin,4,,,
Arthocerin,4,,,
Mersutures,4,,,
Cord,4,,,
Medtech,4,,,
Dynacrepe,4,,,
Flami,4,,,
Gamjee,4,,,
Leukocrepe,4,,,
Plain,4,,,
Steripad,4,,,
Sterizone,4,,,
Strauss,4,,,
Coban,4,,,
Anaphase,4,,,
Pronuries,4,,,
Puave,4,,,
Cock,4,,,
Candy,4,,,
Acnedew,4,,,
Aktisoft,4,,,
Anthocyn,4,,,
Beparine,4,,,
Biocollaz,4,,,
Biosilk,4,,,
Biowright,4,,,
Candiderma,4,,,
Candidox,4,,,
Carofit,4,,,
Ceflox,4,,,
Ceratop,4,,,
Chromalite,4,,,
Clearz,4,,,
Clinred,4,,,
Cloben,4,,,
Clobetamil,4,,,
Clonit,4,,,
Coniderm,4,,,
Conzole,4,,,
Copil,4,,,
Cotaryl,4,,,
Dermacan,4,,,
Dermi,4,,,
Deso,4,,,
Diprobec,4,,,
Doux,4,,,
Dp,4,,,
Eazy,4,,,
Eberclin,4,,,
Eberfine,4,,,
Ecglow,4,,,
Elosone,4,,,
Emcort,4,,,
Enmoist,4,,,
Epigen,4,,,
Eukroma,4,,,
Exel,4,,,
Ezanic,4,,,
Facifame,4,,,
Fixglow,4,,,
Fudic,4,,,
Fungigris,4,,,
Fusep,4,,,
Futop,4,,,
Ga,4,,,
Glambak,4,,,
Gly,4,,,
Gris,4,,,
Halostrol,4,,,
Hhmite,4,,,
Hydramost,4,,,
Ikin,4,,,
Ketoff,4,,,
Ketorex,4,,,
Ketostar,4,,,
Ketoya,4,,,
Kl,4,,,
Ktc,4,,,
Lobwyn,4,,,
Logifeel,4,,,
Lotril,4,,,
Lozisoft,4,,,
Ludura,4,,,
Luliact,4,,,
Luliclinz,4,,,
Luliderm,4,,,
Lulimac,4,,,
Lumivoid,4,,,
Lutiderm,4,,,
Lzhh,4,,,
Maxisoft,4,,,
Melano,4,,,
Metro,4,,,
Moha,4,,,
Momesone,4,,,
Myfair,4,,,
Nadibact,4,,,
Olacter,4,,,
Oxerute,4,,,
Parasoft,4,,,
Peritop,4,,,
Pilorute,4,,,
Praiscort,4,,,
Premarin,4,,,
Propynate,4,,,
Provate,4,,,
Raplite,4,,,
Rexizole,4,,,
Ritch,4,,,
Shyn,4,,,
Silcoll,4,,,
Sitcom,4,,,
Skinocean,4,,,
Skinshine,4,,,
Soframycin,4,,,
Sucralcoat,4,,,
Supirocin,4,,,
Tazret,4,,,
Tebina,4,,,
Teraderm,4,,,
Tezcort,4,,,
Ultravex,4,,,
Vitinext,4,,,
Wanish,4,,,
Zempred,4,,,
Zykt,4,,,
Elbow,4,,,
5d,4,,,
Aer,4,,,
Avent,4,,,
Gemtide,4,,,
Insupen,4,,,
Transpacer,4,,,
Xglar,4,,,
Zotide,4,,,
Plastic,4,,,
Drools,4,,,
Locula,4,,,
Aglozyme,4,,,
Articlor,4,,,
Babygesic,4,,,
Bexol,4,,,
Bimat,4,,,
Bonnisan,4,,,
Brio,4,,,
Cebran,4,,,
Cephagraine,4,,,
Cofheal,4,,,
Coniflox,4,,,
Conimax,4,,,
Delpoclav,4,,,
Diamond,4,,,
Digipen,4,,,
Dortas,4,,,
Drep,4,,,
Et,4,,,
Flogel,4,,,
Fml,4,,,
Gatiquin,4,,,
Gentalab,4,,,
Grow,4,,,
Hydrox,4,,,
Iotim,4,,,
Kep,4,,,
Lacoma,4,,,
Levobact,4,,,
Lotepred,4,,,
Lp,4,,,
Lubimoist,4,,,
Lubistar,4,,,
Lupitros,4,,,
Mariliv,4,,,
Maxim,4,,,
Merizyme,4,,,
Mfc,4,,,
Milflox,4,,,
Misty,4,,,
Moxiblu,4,,,
Moxiquin,4,,,
Mr,4,,,
Nicetamol,4,,,
Nozuka,4,,,
Ofron,4,,,
Oh,4,,,
Ontears,4,,,
Orixime,4,,,
Orovit,4,,,
Osmo,4,,,
Otobiotic,4,,,
Otocin,4,,,
Otrinoz,4,,,
Polychlor,4,,,
Predace,4,,,
Predmet,4,,,
Puc,4,,,
Senzmox,4,,,
Sneezee,4,,,
Soliwax,4,,,
Sumocold,4,,,
Tobacin,4,,,
Tovaxo,4,,,
Trifect,4,,,
Trifer,4,,,
Tropicacyl,4,,,
Vegefer,4,,,
Vitasurge,4,,,
Winolap,4,,,
Xoaqua,4,,,
Zeal,4,,,
Zoamet,4,,,
Zyrtec,4,,,
Coloressence,4,,,
Ascabiol,4,,,
Easylax,4,,,
Lactihep,4,,,
Epilight,4,,,
Dilo,4,,,
Dilosyn,4,,,
Hhlinctus,4,,,
Lcf,4,,,
Lincotus,4,,,
Mucaryl,4,,,
Toff,4,,,
Ventryl,4,,,
Silicon,4,,,
5,4,,,
Kitkath,4,,,
Trichospire,4,,,
Vasofix,4,,,
Ldpe,4,,,
Acpose,4,,,
Aquahance,4,,,
Axinac,4,,,
Benzonix,4,,,
Casifenac,4,,,
Clearzit,4,,,
Cligel,4,,,
Clin,4,,,
Dentogel,4,,,
Diasdac,4,,,
Diclofam,4,,,
Diclogain,4,,,
Diclolab,4,,,
Diclospin,4,,,
Dofaq,4,,,
Domina,4,,,
Etolgia,4,,,
Femcinol,4,,,
Flexilace,4,,,
Gabaprime,4,,,
Hairgro,4,,,
Ikon,4,,,
Infen,4,,,
Jusgo,4,,,
Klmc,4,,,
Lysoflam,4,,,
Manexil,4,,,
Megaheal,4,,,
Myostaal,4,,,
Niamax,4,,,
Nizer,4,,,
Orasep,4,,,
Pain,4,,,
Paknet,4,,,
Pgi,4,,,
Purodil,4,,,
Revera,4,,,
Rhumasyl,4,,,
Saliderm,4,,,
Scarend,4,,,
Sensokare,4,,,
Setolac,4,,,
Smyle,4,,,
Solasafe,4,,,
Systaflam,4,,,
Thrombophob,4,,,
Trp,4,,,
Trypentin,4,,,
Ulethon,4,,,
Unijoint,4,,,
Vaniza,4,,,
Volitra,4,,,
Vovedic,4,,,
Xeroflam,4,,,
Ziffinac,4,,,
Hershey,4,,,
Sitopaladi,4,,,
Glycerine,4,,,
Assure,4,,,
Cellucor,4,,,
Cherry,4,,,
Darcey,4,,,
Denim,4,,,
Gurudev,4,,,
Hamam,4,,,
Kissan,4,,,
Laxura,4,,,
Liril,4,,,
Mahanarayan,4,,,
Mcvitie,4,,,
Menthodex,4,,,
Milo,4,,,
Mums,4,,,
Nefdyl,4,,,
Nisha,4,,,
Optifast,4,,,
Pet,4,,,
Prominent,4,,,
Pronex,4,,,
Signature,4,,,
Vaporub,4,,,
Yash,4,,,
After,4,,,
Hicks,4,,,
Micropore,4,,,
Primecast,4,,,
Aerocort,4,,,
Avessa,4,,,
Ciclohale,4,,,
Formosone,4,,,
Tiomate,4,,,
Tiova,4,,,
Vapoz,4,,,
Alphamix,4,,,
Andol,4,,,
Anin,4,,,
Apresol,4,,,
Basalog,4,,,
Buprigesic,4,,,
Cefamid,4,,,
Ceftrilive,4,,,
Clexane,4,,,
Cobatus,4,,,
Ct,4,,,
Cycloxan,4,,,
Deca,4,,,
Depotex,4,,,
Dixin,4,,,
Emigo,4,,,
Encicarb,4,,,
Endoxan,4,,,
Eprex,4,,,
Erypeg,4,,,
Ethasyl,4,,,
Fepink,4,,,
Fiscol,4,,,
Foliculin,4,,,
Folisurge,4,,,
Gl,4,,,
Gonal,4,,,
Grandem,4,,,
Hemsyl,4,,,
Heparen,4,,,
Homin,4,,,
Homisure,4,,,
Hopstin,4,,,
Idrofos,4,,,
Insucare,4,,,
Jectocos,4,,,
Kenadion,4,,,
Lacopsy,4,,,
Lantus,4,,,
Lesuride,4,,,
Levoflox,4,,,
Lmwx,4,,,
Luprodex,4,,,
Magnex,4,,,
Maxcobal,4,,,
Mecofree,4,,,
Meconeuron,4,,,
Mego,4,,,
Mont,4,,,
Montaz,4,,,
Neodrol,4,,,
Netromycin,4,,,
Neutron,4,,,
Novomix,4,,,
Octride,4,,,
Oltum,4,,,
Ondet,4,,,
Onvin,4,,,
Optineuron,4,,,
Reactin,4,,,
Reglan,4,,,
Relinase,4,,,
Renocrit,4,,,
Renoheal,4,,,
Rockbon,4,,,
Ropin,4,,,
Sam,4,,,
Solumedrol,4,,,
Strolin,4,,,
Tazar,4,,,
Td,4,,,
Tidilan,4,,,
Tranlok,4,,,
Trenaxa,4,,,
Vitneurin,4,,,
Zaxter,4,,,
Zonamax,4,,,
Crape,4,,,
Transpore,4,,,
Invalid,4,,,
Ciprobid,4,,,
Levoday,4,,,
Lizomac,4,,,
Megazolid,4,,,
Metron,4,,,
Graduate,4,,,
Ecg,4,,,
Adjustable,4,,,
Altris,4,,,
Duovir,4,,,
Femoston,4,,,
Flotral,4,,,
Trust,4,,,
Mankind,4,Mankind Pharma Ltd,Public company,exact
Bailley,4,,,
Bodizon,4,,,
Silco,4,,,
Truuth,4,,,
Cling,4,,,
Male,4,,,
Presens,4,,,
Arlin,4,,,
Acetone,4,,,
Cystone,4,,,
Dresin,4,,,
Gynedol,4,,,
Hepatogard,4,,,
Immulina,4,,,
Krishna,4,,,
Rcifax,4,,,
Rebalanz,4,,,
Rejucalcium,4,,,
Varunadi,4,,,
Afedol,4,,,
Aquadew,4,,,
Caladryl,4,,,
Calora,4,,,
Dipsalic,4,,,
Elugia,4,,,
Fenceta,4,,,
Glymed,4,,,
Glyolive,4,,,
Hhsalic,4,,,
Imograf,4,,,
Kidogem,4,,,
Logidruf,4,,,
Lookman,4,,,
Melagard,4,,,
Niosalic,4,,,
Novale,4,,,
Prugo,4,,,
Scabelice,4,,,
Scaboma,4,,,
Softsens,4,,,
Sorifix,4,,,
Sper,4,,,
Terfin,4,,,
Trichonic,4,,,
Herbal,4,,,
Adhesive,4,,,
Disha,4,,,
Rgb,4,,,
Sharkoferrol,4,,,
Venus,4,,,
Maxi,4,,,
Medicrepe,4,,,
Humming,4,,,
Lorfast,4,,,
Mentos,4,,,
Breathe,4,,,
Limcee,4,,,
Pyzina,4,,,
Aris,4,,,
Banocide,4,,,
Broncho,4,,,
Bruit,4,,,
Chetak,4,,,
Clenzo,4,,,
Ducray,4,,,
He,4,,,
Maclar,4,,,
Measuring,4,,,
Niva,4,,,
Ossa,4,,,
Palmolive,4,,,
Pipettes,4,,,
Renocia,4,,,
Hamdard,4,,,
Rose,4,,,
Rumago,4,,,
Sandu,4,,,
Turpentine,4,,,
Vanesa,4,,,
Xamic,4,,,
Yardly,4,,,
3m,4,,,
Monocryl,4,,,
Hydent,4,,,
Vantej,4,,,
Nelcath,4,,,
Mits,4,,,
Herpikind,4,,,
Mpower,4,,,
Novanib,4,,,
Pigmento,4,,,
Pilex,4,,,
Povi,4,,,
Psorolin,4,,,
Salicylix,4,,,
Salid,4,,,
Tfct,4,,,
Tofasure,4,,,
Tofatas,4,,,
Lupisafe,4,,,
Nicorite,4,,,
Lexanox,4,,,
Curkey,4,,,
Albuzest,4,,,
Amaze,4,,,
Benefit,4,,,
Cystop,4,,,
Ecoprot,4,,,
Fibril,4,,,
Flexi,4,,,
Flumet,4,,,
Glucipro,4,,,
Itchstop,4,,,
Ketofly,4,,,
Ketograce,4,,,
Magix,4,,,
Niofine,4,,,
Nusobee,4,,,
Protimed,4,,,
Provexia,4,,,
Rematin,4,,,
Renopro,4,,,
Spert,4,,,
Sustacal,4,,,
Tyteen,4,,,
Veelac,4,,,
Walking,4,,,
Relyon,4,,,
Roller,4,,,
Derisone,4,,,
Dewfresh,4,,,
Notty,4,,,
Nua,4,,,
Realcare,4,,,
Ryze,4,,,
Teddy,4,,,
Uni,4,,,
Lrzin,4,,,
Argi,4,,,
Arkacal,4,,,
Crantop,4,,,
Enhance,4,,,
Obesigo,4,,,
Rowasa,4,,,
Vegaz,4,,,
4season,4,,,
Densyl,4,,,
Proanagen,4,,,
Racine,4,,,
Root,4,,,
Tririse,4,,,
Dankare,4,,,
Minopep,4,,,
Thoraco,4,,,
Acnestal,4,,,
Pathiglo,4,,,
Skinsect,4,,,
Bilazest,4,,,
Bresol,4,,,
Brivahenz,4,,,
Chekfall,4,,,
Coverit,4,,,
Emty,4,,,
Inbilt,4,,,
Melbild,4,,,
Melboost,4,,,
Minoboost,4,,,
Mx,4,,,
Noculi,4,,,
Strandz,4,,,
Valpido,4,,,
Valrate,4,,,
Cipher,4,,,
Ezicas,4,,,
Gtn,4,,,
Magvion,4,,,
Reebok,4,,,
Xymoheal,4,,,
Tadasure,4,,,
Dulcoflex,4,,,
Gerbisa,4,,,
Rectol,4,,,
Abd,4,,,
Aceto,4,,,
Azax,4,,,
Azicip,4,,,
Azikem,4,,,
Bax,4,,,
Cefitaxe,4,,,
Cefnest,4,,,
Cepoway,4,,,
Cetrizine,4,,,
Cheer,4,,,
Clarinova,4,,,
Clarit,4,,,
Eltocin,4,,,
Enzocort,4,,,
Foloup,4,,,
Frisium,4,,,
Hhamclav,4,,,
Immunace,4,,,
Levokast,4,,,
Levoz,4,,,
Liveril,4,,,
Malidens,4,,,
Medler,4,,,
Microbact,4,,,
Nam,4,,,
Ofler,4,,,
Perampa,4,,,
Prulastin,4,,,
Rapiclav,4,,,
Reheptin,4,,,
Sancium,4,,,
Solacid,4,,,
Spectratil,4,,,
Steomin,4,,,
Sucrachem,4,,,
Sucragel,4,,,
Tricaine,4,,,
Zithium,4,,,
Zovatil,4,,,
Zydol,4,,,
Alez,4,,,
Ancer,4,,,
Aristopod,4,,,
Axvitall,4,,,
Azifine,4,,,
Azimax,4,,,
Aziwin,4,,,
Bacigyl,4,,,
Bilafav,4,,,
Bilazap,4,,,
Cavit,4,,,
Cerecetam,4,,,
Cereflo,4,,,
Cetiriz,4,,,
Ciplactin,4,,,
Clistin,4,,,
Cofstop,4,,,
Cognicare,4,,,
Cogvin,4,,,
Coralium,4,,,
Coznil,4,,,
Criz,4,,,
Decoril,4,,,
Dotcoff,4,,,
Exil,4,,,
Fenixa,4,,,
Flocetam,4,,,
Ignicar,4,,,
Incid,4,,,
Iq,4,,,
Kiwicet,4,,,
Klarim,4,,,
Lacoxa,4,,,
Leviwyn,4,,,
Levzin,4,,,
Logical,4,,,
Medzovit,4,,,
Metoxim,4,,,
Minmin,4,,,
Montewok,4,,,
Montral,4,,,
Neeri,4,,,
Nimegesic,4,,,
Nimek,4,,,
Normet,4,,,
Okacet,4,,,
Oriel,4,,,
Peritol,4,,,
Pirament,4,,,
Polares,4,,,
Practin,4,,,
Predone,4,,,
Pulmoclear,4,,,
Relikast,4,,,
Reswas,4,,,
Rhino,4,,,
Ritecef,4,,,
Safexim,4,,,
Satrogyl,4,,,
Storax,4,,,
Sundari,4,,,
Synclar,4,,,
Toonz,4,,,
Tossex,4,,,
Totalvit,4,,,
Traxin,4,,,
Tricodex,4,,,
Triz,4,,,
Valpo,4,,,
Ventex,4,,,
Viduf,4,,,
Zeet,4,,,
Zeez,4,,,
Zincofer,4,,,
Zithrocin,4,,,
Zovax,4,,,
Zymnet,4,,,
Nusafe,4,,,
Abaxis,4,,,
Acarmep,4,,,
Acceclowoc,4,,,
Acebless,4,,,
Acenomac,4,,,
Acentio,4,,,
Aceroc,4,,,
Aceron,4,,,
Acimol,4,,,
Acloboot,4,,,
Actsita,4,,,
Acutrol,4,,,
Adride,4,,,
Adrole,4,,,
Advog,4,,,
Agivog,4,,,
Agivogmed,4,,,
Ajaduo,4,,,
Aladrine,4,,,
Alfusin,4,,,
Aloja,4,,,
Alonac,4,,,
Alrista,4,,,
Alsartan,4,,,
Amdepin,4,,,
Amis,4,,,
Amisuit,4,,,
Amit,4,,,
Amitop,4,,,
Amitrinor,4,,,
Amlip,4,,,
Amlovin,4,,,
Amnuring,4,,,
Ancolam,4,,,
Angiotel,4,,,
Angizaar,4,,,
Aquatel,4,,,
Arbprime,4,,,
Ariday,4,,,
Aroff,4,,,
Arsnic,4,,,
Arstatin,4,,,
Arthopan,4,,,
Artiflo,4,,,
Arzu,4,,,
Telon,4,,,
Atenex,4,,,
Atorcaid,4,,,
Atorfirst,4,,,
Atornet,4,,,
Atorvastat,4,,,
Atpure,4,,,
Attera,4,,,
Atyquip,4,,,
Augxetil,4,,,
Auroempa,4,,,
Auroglyde,4,,,
Auxisoda,4,,,
Avicus,4,,,
Azerva,4,,,
Azoran,4,,,
Azusa,4,,,
Bakflex,4,,,
Bestor,4,,,
Betabest,4,,,
Betabid,4,,,
Bilahist,4,,,
Bilashine,4,,,
Bisosafe,4,,,
Bisobrit,4,,,
Bisocut,4,,,
Bisodren,4,,,
Bisokem,4,,,
Blesopod,4,,,
Bosefor,4,,,
Britvog,4,,,
Brivalex,4,,,
Brivanext,4,,,
Brivepsy,4,,,
Brivigxar,4,,,
Bupron,4,,,
Caat,4,,,
Caditor,4,,,
Calaptin,4,,,
Calbrit,4,,,
Caltuf,4,,,
Carbatol,4,,,
Cardalev,4,,,
Cardibis,4,,,
Carryl,4,,,
Caxetil,4,,,
Cefitebac,4,,,
Cefix,4,,,
Cetabloc,4,,,
Cilabest,4,,,
Cilarem,4,,,
Cilatab,4,,,
Ciledge,4,,,
Cilentra,4,,,
Cilinext,4,,,
Cilnifit,4,,,
Cilnipine,4,,,
Cilniright,4,,,
Cilnisky,4,,,
Cilvet,4,,,
Cipin,4,,,
Cipril,4,,,
Ciprolet,4,,,
Citafiz,4,,,
Clasical,4,,,
Clindinol,4,,,
Clip,4,,,
Clofranil,4,,,
Clonampel,4,,,
Clonil,4,,,
Clopezam,4,,,
Clozepam,4,,,
Cobal,4,,,
Conpride,4,,,
Conram,4,,,
Corcal,4,,,
Corvadil,4,,,
Corwyn,4,,,
Cpz,4,,,
Creditel,4,,,
Crestor,4,,,
Cupine,4,,,
Cureglim,4,,,
Cyclotin,4,,,
Cytopill,4,,,
Czep,4,,,
Dailycal,4,,,
Dapablu,4,,,
Dapaearth,4,,,
Dapaflex,4,,,
Dapaglonov,4,,,
Daparay,4,,,
Dapatrend,4,,,
Dapavas,4,,,
Dapaxifra,4,,,
Dapazep,4,,,
Dapnat,4,,,
Dart,4,,,
Dayo,4,,,
Delacort,4,,,
Depakote,4,,,
Depicor,4,,,
Depsol,4,,,
Depstar,4,,,
Desrina,4,,,
Dewnac,4,,,
Dexiglu,4,,,
Dgson,4,,,
Dhyan,4,,,
Diaglim,4,,,
Diamet,4,,,
Diamin,4,,,
Dibeta,4,,,
Dilcontin,4,,,
Dilex,4,,,
Dimip,4,,,
Diominic,4,,,
Dipwell,4,,,
Dispitor,4,,,
Divalgress,4,,,
Dolofab,4,,,
Donance,4,,,
Dope,4,,,
Doth,4,,,
Doverin,4,,,
Dtmide,4,,,
Dulotin,4,,,
Duzmax,4,,,
Dvn,4,,,
Dyamide,4,,,
Dydrogest,4,,,
Dyloop,4,,,
Dynaduo,4,,,
Ebmont,4,,,
Ebov,4,,,
Ect,4,,,
Efonta,4,,,
Elesert,4,,,
Elm,4,,,
Elprol,4,,,
Emanzen,4,,,
Empadus,4,,,
Empajust,4,,,
Emparaise,4,,,
Empatyt,4,,,
Enam,4,,,
Enapril,4,,,
Endoflozin,4,,,
Enractin,4,,,
Entacom,4,,,
Entehep,4,,,
Enzictra,4,,,
Enzycare,4,,,
Epcon,4,,,
Epitra,4,,,
Eplebless,4,,,
Erinac,4,,,
Eritric,4,,,
Escifine,4,,,
Escipra,4,,,
Escitalent,4,,,
Esilaze,4,,,
Etody,4,,,
Etoford,4,,,
Etogesic,4,,,
Etosaid,4,,,
Etoshine,4,,,
Etoxib,4,,,
Exafib,4,,,
Exena,4,,,
Ezact,4,,,
Ezeepam,4,,,
Ferbuster,4,,,
Feron,4,,,
Fertisure,4,,,
Fidglips,4,,,
Finabald,4,,,
Firsito,4,,,
Floatin,4,,,
Flovas,4,,,
Folimax,4,,,
Fpgli,4,,,
Fusys,4,,,
Gabacent,4,,,
Gabafiz,4,,,
Gabiver,4,,,
Geeprim,4,,,
Geneglim,4,,,
Genxvast,4,,,
Geroz,4,,,
Glamaryl,4,,,
Gli,4,,,
Glicstart,4,,,
Glidot,4,,,
Gliflocure,4,,,
Glilar,4,,,
Glimda,4,,,
Glimesoft,4,,,
Glimfra,4,,,
Glimifix,4,,,
Glimigrand,4,,,
Glimija,4,,,
Glimismall,4,,,
Glimiwin,4,,,
Glimixia,4,,,
Glimnew,4,,,
Glimpelarc,4,,,
Glimpide,4,,,
Gliprip,4,,,
Gliptaking,4,,,
Glizasay,4,,,
Glizihenz,4,,,
Glotret,4,,,
Glucobay,4,,,
Glucored,4,,,
Glucowave,4,,,
Glucowin,4,,,
Gluflozin,4,,,
Gluzda,4,,,
Glycigon,4,,,
Glyciray,4,,,
Glyconex,4,,,
Glycostar,4,,,
Glycozar,4,,,
Glydip,4,,,
Glynase,4,,,
Glytime,4,,,
Gm,4,,,
Hairbless,4,,,
Haldol,4,,,
Halobid,4,,,
Hiltel,4,,,
Hipril,4,,,
Hoaxon,4,,,
Homo,4,,,
Ilosure,4,,,
Imextor,4,,,
Immune,4,,,
Increvil,4,,,
Infigaba,4,,,
Ins3tactiv,4,,,
Inspiral,4,,,
Intacoxia,4,,,
Inubloc,4,,,
Isonorm,4,,,
Itor,4,,,
Ivabid,4,,,
Ivecop,4,,,
Ivermectol,4,,,
Ixarola,4,,,
Jespride,4,,,
Joten,4,,,
Ketoflam,4,,,
Laconext,4,,,
Lacoset,4,,,
Lacove,4,,,
Lakmet,4,,,
Lamictal,4,,,
Larentine,4,,,
Lartan,4,,,
Levacetam,4,,,
Levazeo,4,,,
Levosiz,4,,,
Libotryp,4,,,
Linanat,4,,,
Linotril,4,,,
Linpride,4,,,
Lipicon,4,,,
Liralin,4,,,
Lisoril,4,,,
Livixiga,4,,,
Lol,4,,,
Lonacalm,4,,,
Lonapam,4,,,
Lonitab,4,,,
Lopresor,4,,,
Loram,4,,,
Lornicam,4,,,
Lorox,4,,,
Losacar,4,,,
Losium,4,,,
Lotak,4,,,
Loxof,4,,,
Lupidip,4,,,
Macorate,4,,,
Macrozide,4,,,
Mage,4,,,
Magprol,4,,,
Marktorva,4,,,
Matnerve,4,,,
Mayucil,4,,,
Mdd,4,,,
Medipride,4,,,
Medohar,4,,,
Mefomin,4,,,
Megalis,4,,,
Megatas,4,,,
Megavog,4,,,
Melzap,4,,,
Meplol,4,,,
Mepride,4,,,
Metffil,4,,,
Mettop,4,,,
Metoheal,4,,,
Metozaar,4,,,
Metzok,4,,,
Mevotrex,4,,,
Mg,4,,,
Mhstelmis,4,,,
Mignar,4,,,
Milcef,4,,,
Ministat,4,,,
Mirabig,4,,,
Mirbeg,4,,,
Misartan,4,,,
Misobit,4,,,
Misoprost,4,,,
Mofilet,4,,,
Montebless,4,,,
Montegress,4,,,
Mopaday,4,,,
Mpabliss,4,,,
Mpride,4,,,
Mycobutol,4,,,
Nap,4,,,
Napra,4,,,
Natcocil,4,,,
Nebiloc,4,,,
Nephtor,4,,,
Nerve,4,,,
Nervtrix,4,,,
Neurigold,4,,,
Neuroja,4,,,
Nildep,4,,,
Nitrofix,4,,,
Nordys,4,,,
Norten,4,,,
Nortimer,4,,,
Nubeta,4,,,
Nufex,4,,,
Nvm,4,,,
Ocdox,4,,,
Olanmat,4,,,
Olemar,4,,,
Olglimide,4,,,
Olinstab,4,,,
Olmecool,4,,,
Olmeflex,4,,,
Olmenorm,4,,,
Olmesafe,4,,,
Olmesmart,4,,,
Olsart,4,,,
Olsong,4,,,
Olvas,4,,,
Onarni,4,,,
Oncotrex,4,,,
Ontel,4,,,
Ovacare,4,,,
Oxcarb,4,,,
Oxeltra,4,,,
Oxepin,4,,,
Oxzepirep,4,,,
Ozapin,4,,,
Ozotel,4,,,
Ozovas,4,,,
Panex,4,,,
Paxit,4,,,
Piofix,4,,,
Pioglaz,4,,,
Piohope,4,,,
Piokind,4,,,
Piolet,4,,,
Piosafe,4,,,
Piozone,4,,,
Pirfenex,4,,,
Pizowyn,4,,,
Piztamed,4,,,
Plagril,4,,,
Powerpride,4,,,
Pozitiv,4,,,
Prazopress,4,,,
Pregnidoxin,4,,,
Prilmep,4,,,
Psypid,4,,,
Qpen,4,,,
Qt,4,,,
Quetigress,4,,,
Qytal,4,,,
Regisita,4,,,
Regrace,4,,,
Relicalm,4,,,
Relline,4,,,
Renator,4,,,
Renecar,4,,,
Renosave,4,,,
Repanza,4,,,
Repvog,4,,,
Respidon,4,,,
Retorlix,4,,,
Reznew,4,,,
Riax,4,,,
Ricosprin,4,,,
Rifastop,4,,,
Rimactazid,4,,,
Rioci,4,,,
Triolsar,4,,,
Rivaban,4,,,
Rivaflo,4,,,
Rivared,4,,,
Rivaxa,4,,,
Rivolas,4,,,
Rixabitor,4,,,
Rizdomed,4,,,
Rosafe,4,,,
Rosamy,4,,,
Roslong,4,,,
Rosta,4,,,
Rostar,4,,,
Rovor,4,,,
Roxipod,4,,,
Rozatus,4,,,
Rozemake,4,,,
Rpigat,4,,,
Saanbeta,4,,,
Saanvas,4,,,
Sacutan,4,,,
Safetelmi,4,,,
Sambose,4,,,
Saridon,4,,,
Sefglip,4,,,
Senciglim,4,,,
Serax,4,,,
Sgltr,4,,,
Sisglim,4,,,
Sitabet,4,,,
Sitalarc,4,,,
Sitalent,4,,,
Sitanoon,4,,,
Sizopin,4,,,
Sizq,4,,,
Slew,4,,,
Sodocel,4,,,
Soliact,4,,,
Solian,4,,,
Solopose,4,,,
Sove,4,,,
Stabglu,4,,,
Startbose,4,,,
Startempa,4,,,
Styptovit,4,,,
Sucrazide,4,,,
Sulphonorm,4,,,
Sulpidon,4,,,
Suminat,4,,,
Suprabenz,4,,,
Sustameto,4,,,
Switsita,4,,,
Sydnerve,4,,,
Symbal,4,,,
Synoglim,4,,,
Sysvog,4,,,
Tadalosky,4,,,
Tamsukem,4,,,
Tazzle,4,,,
Telcem,4,,,
Telemar,4,,,
Telflor,4,,,
Telicad,4,,,
Telivi,4,,,
Telmavas,4,,,
Telmevel,4,,,
Telmicrine,4,,,
Telmipharm,4,,,
Telmipil,4,,,
Telmirem,4,,,
Telmisafe,4,,,
Telmiwock,4,,,
Telplus,4,,,
Telraas,4,,,
Telrich,4,,,
Telsky,4,,,
Telspade,4,,,
Teltan,4,,,
Teltop,4,,,
Telverge,4,,,
Telwalk,4,,,
Teneblu,4,,,
Thiovas,4,,,
Thyrocab,4,,,
Thyromed,4,,,
Thyropax,4,,,
Tidomet,4,,,
Tolkem,4,,,
Tonofolic,4,,,
Topdip,4,,,
Topnac,4,,,
Torcilin,4,,,
Torpres,4,,,
Torsinex,4,,,
Torvazest,4,,,
Trajenta,4,,,
Trend,4,,,
Tribetrol,4,,,
Trigli,4,,,
Triglimicure,4,,,
Trimetaday,4,,,
Triolmesar,4,,,
Triolmezest,4,,,
Tritelsar,4,,,
Ulyses,4,,,
Upadoz,4,,,
Urihold,4,,,
Uvox,4,,,
Valembic,4,,,
Valent,4,,,
Vasotrate,4,,,
Venlite,4,,,
Ventomet,4,,,
Venusmin,4,,,
Versitol,4,,,
Vertirest,4,,,
Vesibeta,4,,,
Vibite,4,,,
Vicemic,4,,,
Vilact,4,,,
Vilapil,4,,,
Vildact,4,,,
Vildader,4,,,
Vildalive,4,,,
Vildambic,4,,,
Vildasmart,4,,,
Vilsure,4,,,
Vilzato,4,,,
Vobose,4,,,
Vodis,4,,,
Voglicad,4,,,
Voglidase,4,,,
Voglidez,4,,,
Vogligress,4,,,
Voglistat,4,,,
Voglus,4,,,
Vogo,4,,,
Vogolarc,4,,,
Volga,4,,,
Voliphage,4,,,
Vose,4,,,
Warf,4,,,
Wellwoman,4,,,
Winril,4,,,
Xapilis,4,,,
Xbaren,4,,,
Xem,4,,,
Xemsit,4,,,
Xiagem,4,,,
Xilingio,4,,,
Xircox,4,,,
Xirtam,4,,,
Yaw,4,,,
Yogamet,4,,,
Yograj,4,,,
Zapiz,4,,,
Zesita,4,,,
Zicam,4,,,
Zidolam,4,,,
Zilos,4,,,
Zisper,4,,,
Zypine,4,,,
Zyven,4,,,
Truskin,4,,,
8x,4,,,
777,3,,,
Cip,3,,,
Co2,3,,,
Cyp,3,,,
D5,3,,,
Dip,3,,,
Dis,3,,,
Ec,3,,,
Ets,3,,,
Isp,3,,,
Ivf,3,,,
Ligaclip,3,,,
Ofc,3,,,
Tam,3,,,
Tp,3,,,
Trd,3,,,
Bain,3,,,
Peritoneal,3,,,
Amla,3,,,
Happynerve,3,,,
Tetanus,3,,,
Arul,3,,,
Ashwagandha,3,,,
A2b,3,,,
Stress,3,,,
Everyday,3,,,
Bell,3,,,
Arbanox,3,,,
Jeeni,3,,,
Krushnat,3,,,
Millet,3,,,
Laser,3,,,
Oxylife,3,,,
Cornerstone,3,,,
Visco,3,,,
Clinsodent,3,,,
Glosseline,3,,,
Hs,3,,,
Md,3,,,
Calamine,3,,,
Calmagic,3,,,
Enema,3,,,
Abdifer,3,,,
Abevia,3,,,
Abipan,3,,,
Ablung,3,,,
Abound,3,,,
Abrostep,3,,,
Aciban,3,,,
Acicheck,3,,,
Acicurb,3,,,
Aciright,3,,,
Acnetoin,3,,,
Adcef,3,,,
Adcumin,3,,,
Addon,3,,,
Adgril,3,,,
Admax,3,,,
Advagraf,3,,,
Afogatran,3,,,
Agiclop,3,,,
Algiace,3,,,
Alkemox,3,,,
Alomox,3,,,
Amycordial,3,,,
Antarth,3,,,
Antiflu,3,,,
Antovit,3,,,
Aphyren,3,,,
Argigold,3,,,
Attentrol,3,,,
Auxipro,3,,,
Auxitrol,3,,,
Avoprost,3,,,
Awin,3,,,
Aximox,3,,,
Axinerve,3,,,
Ayaangest,3,,,
Basivite,3,,,
Baxin,3,,,
Becadexamin,3,,,
Becostar,3,,,
Bencal,3,,,
Beneficiale,3,,,
Benfoceum,3,,,
Benfomet,3,,,
Bentop,3,,,
Betagrain,3,,,
Biokraft,3,,,
Bistla,3,,,
Bizytab,3,,,
Blupraz,3,,,
Bonion,3,,,
Bonmin,3,,,
Bonshine,3,,,
Bravia,3,,,
Briomed,3,,,
Brisc,3,,,
Briza,3,,,
Bromolin,3,,,
Bronchoril,3,,,
Brophyle,3,,,
Chop,3,,,
Cadbe,3,,,
Calcilark,3,,,
Caldemure,3,,,
Calonest,3,,,
Calshel,3,,,
Caltic,3,,,
Cardibeta,3,,,
Cardiozen,3,,,
Carilift,3,,,
Cariquel,3,,,
Carni,3,,,
Cartimost,3,,,
Cel,3,,,
Cephadex,3,,,
Cernos,3,,,
Ceruvin,3,,,
Cetjoint,3,,,
Chloromycetin,3,,,
Clavilip,3,,,
Clincin,3,,,
Clinzucia,3,,,
Clofresh,3,,,
Clopired,3,,,
Clopitorva,3,,,
Clopiwyn,3,,,
Cnx,3,,,
Col,3,,,
Collaflex,3,,,
Collarise,3,,,
Collesta,3,,,
Colospa,3,,,
Conimune,3,,,
Coolgi,3,,,
Coqueen,3,,,
Coralrite,3,,,
Corcell,3,,,
Cordcal,3,,,
Coxcal,3,,,
Cozim,3,,,
Crezio,3,,,
Cugrel,3,,,
Cyfolac,3,,,
Dabiclot,3,,,
Dabigat,3,,,
Dabigo,3,,,
Dabigza,3,,,
Dabistar,3,,,
Dablexa,3,,,
Danogen,3,,,
Ddr,3,,,
Defrose,3,,,
Delok,3,,,
Dexa,3,,,
Dexorange,3,,,
Dha,3,,,
Dia,3,,,
Diabetone,3,,,
Diabnerve,3,,,
Dial,3,,,
Dobesil,3,,,
Dodila,3,,,
Dolgon,3,,,
Domped,3,,,
Dosin,3,,,
Doxt,3,,,
Doxypal,3,,,
Drego,3,,,
Ducored,3,,,
Dutas,3,,,
Duvadilan,3,,,
Dvion,3,,,
Dycerin,3,,,
Ecorab,3,,,
Ecpan,3,,,
Ed,3,,,
Efivas,3,,,
Egnerve,3,,,
Elipro,3,,,
Encefalon,3,,,
Ensorex,3,,,
Ential,3,,,
Enzoloy,3,,,
Ephedrex,3,,,
Epione,3,,,
Eposoft,3,,,
Eq,3,,,
Erirab,3,,,
Erzol,3,,,
Esmocreta,3,,,
Esodrive,3,,,
Esoja,3,,,
Esokem,3,,,
Esomeza,3,,,
Esvoz,3,,,
Eyevital,3,,,
Fanty,3,,,
Fc,3,,,
Ferox,3,,,
Ferpill,3,,,
Ferrwyn,3,,,
Fevirich,3,,,
Fexid,3,,,
Finast,3,,,
Fitjoint,3,,,
Fixtral,3,,,
Flasomed,3,,,
Flavedon,3,,,
Flex,3,,,
Flodart,3,,,
Flugesic,3,,,
Flush,3,,,
Flutee,3,,,
Fluvir,3,,,
Folcovit,3,,,
Folinext,3,,,
Folinine,3,,,
Folinow,3,,,
Folsafe,3,,,
Folygel,3,,,
Gabin,3,,,
Gama,3,,,
Ganaton,3,,,
Gaspaz,3,,,
Gemitrol,3,,,
Gemstrong,3,,,
Geo,3,,,
Gestogest,3,,,
Globiron,3,,,
Gloristat,3,,,
Glospor,3,,,
Glycobreez,3,,,
Goeuti,3,,,
Goldcal,3,,,
Gonablok,3,,,
Grogain,3,,,
Gynazol,3,,,
Gyno,3,,,
Hadensa,3,,,
Hairich,3,,,
Hairomax,3,,,
Harty,3,,,
Herbolax,3,,,
Hermin,3,,,
Hey,3,,,
Hilin,3,,,
Icos,3,,,
Iladac,3,,,
Indactiv,3,,,
Innovfol,3,,,
Iprazest,3,,,
Iron,3,,,
Isopure,3,,,
Isoset,3,,,
Itraclar,3,,,
Itralase,3,,,
Itralent,3,,,
Itrazax,3,,,
Ivaclenz,3,,,
Juene,3,,,
Jupicid,3,,,
Juvinate,3,,,
Kondro,3,,,
Kq,3,,,
Kuffdryl,3,,,
Lactobacil,3,,,
Lactogut,3,,,
Lan,3,,,
Lanspro,3,,,
Limarin,3,,,
Lineator,3,,,
Lipicard,3,,,
Lipisky,3,,,
Livina,3,,,
Lobun,3,,,
Loftair,3,,,
Loycoral,3,,,
Loymax,3,,,
Lumia,3,,,
Lupcal,3,,,
Lupirtin,3,,,
Lupoxa,3,,,
Lutiz,3,,,
Lyco,3,,,
Lycoten,3,,,
Ma,3,,,
Macbrite,3,,,
Macphylline,3,,,
Mactotal,3,,,
Macuvon,3,,,
Magma,3,,,
Magna,3,,,
Mahagesic,3,,,
Makecal,3,,,
Marshel,3,,,
Mashyne,3,,,
Matiz,3,,,
Maxavail,3,,,
Maxnuron,3,,,
Mcbm,3,,,
Mecoblend,3,,,
Mecolab,3,,,
Mecon,3,,,
Mecoryl,3,,,
Mecozia,3,,,
Megacholin,3,,,
Memorin,3,,,
Meryton,3,,,
Methoben,3,,,
Microdox,3,,,
Militia,3,,,
Minvet,3,,,
Miraqule,3,,,
Mith,3,,,
Monosprin,3,,,
Morease,3,,,
Moxemp,3,,,
Moxitec,3,,,
Multiblist,3,,,
Multilife,3,,,
Multilon,3,,,
Mycolon,3,,,
Mycosol,3,,,
Mygaba,3,,,
Myospas,3,,,
Natclovir,3,,,
Needfol,3,,,
Nephro,3,,,
Nerfspas,3,,,
Nervedel,3,,,
Nervelex,3,,,
Nervisave,3,,,
Nervo,3,,,
Neuben,3,,,
Neu,3,,,
Neuractin,3,,,
Neurit,3,,,
Neurolace,3,,,
Neuron,3,,,
Neurostab,3,,,
Neutro,3,,,
Nexiflora,3,,,
Nex,3,,,
Niftran,3,,,
Nintib,3,,,
Nitnib,3,,,
Nixitral,3,,,
Normaxin,3,,,
Novaclox,3,,,
Nurac,3,,,
Nusecal,3,,,
Nutractiv,3,,,
Nutrigain,3,,,
Nutsmin,3,,,
Nyros,3,,,
Ocubless,3,,,
Od,3,,,
Odipril,3,,,
Odpep,3,,,
Olfit,3,,,
Oligo,3,,,
Omepramed,3,,,
Omewyn,3,,,
Omg,3,,,
Onitraz,3,,,
Onrose,3,,,
Orcerin,3,,,
Osmega,3,,,
Otocap,3,,,
Oxylak,3,,,
Oxyn,3,,,
Pachak,3,,,
Palm,3,,,
Palmiges,3,,,
Pamco,3,,,
Panbloc,3,,,
Panbric,3,,,
Pancremep,3,,,
Pandiox,3,,,
Panlipase,3,,,
Panpace,3,,,
Panplus,3,,,
Panpro,3,,,
Pansalve,3,,,
Pansio,3,,,
Pansol,3,,,
Pantium,3,,,
Pantocar,3,,,
Pantocoat,3,,,
Pantofer,3,,,
Pantofresh,3,,,
Pantotab,3,,,
Panvie,3,,,
Paxotus,3,,,
Pb,3,,,
Pd,3,,,
Peblin,3,,,
Pegabanyl,3,,,
Pegten,3,,,
Pentowok,3,,,
Peptard,3,,,
Perfect,3,,,
Pharcal,3,,,
Piciclib,3,,,
Pilogo,3,,,
Plagerine,3,,,
Pms,3,,,
Pomalid,3,,,
Ppiaid,3,,,
Pradaxa,3,,,
Prat,3,,,
Prax,3,,,
Prechoice,3,,,
Pregabel,3,,,
Pregacent,3,,,
Pregacon,3,,,
Pregagrip,3,,,
Pregalyv,3,,,
Preganix,3,,,
Pregasol,3,,,
Pregatense,3,,,
Pregnacare,3,,,
Primcyv,3,,,
Probineph,3,,,
Prodep,3,,,
Progwyn,3,,,
Propanal,3,,,
Propanz,3,,,
Prowel,3,,,
Pudina,3,,,
Pulcebro,3,,,
Purol,3,,,
Qiq,3,,,
Quogress,3,,,
Rab,3,,,
Rabecris,3,,,
Raben,3,,,
Rabera,3,,,
Rabewide,3,,,
Rabez,3,,,
Rabicent,3,,,
Rabicer,3,,,
Rabifer,3,,,
Rabilife,3,,,
Rabitab,3,,,
Rabitop,3,,,
Rabriton,3,,,
Rabwyn,3,,,
Rabzer,3,,,
Rador,3,,,
Rancad,3,,,
Rapeed,3,,,
Ravoz,3,,,
Razberg,3,,,
Razypra,3,,,
Rbp,3,,,
Ready,3,,,
Rebozen,3,,,
Recharje,3,,,
Redotil,3,,,
Redulid,3,,,
Redux,3,,,
Regitor,3,,,
Reju,3,,,
Rejulox,3,,,
Rejuone,3,,,
Rejushine,3,,,
Rekfa,3,,,
Remineuron,3,,,
Remune,3,,,
Renomega,3,,,
Renuro,3,,,
Reptrol,3,,,
Retroser,3,,,
Rexflora,3,,,
Rexneuro,3,,,
Richtotal,3,,,
Ristrose,3,,,
Ritomin,3,,,
Roscad,3,,,
Rosetab,3,,,
Rostree,3,,,
Rosudin,3,,,
Rosuhunt,3,,,
Rosular,3,,,
Rosupharm,3,,,
Rosusure,3,,,
Rosuvamax,3,,,
Rosuzen,3,,,
Rovastin,3,,,
Rovatab,3,,,
Rozatrend,3,,,
Rozutos,3,,,
Rs,3,,,
Rt,3,,,
Rumex,3,,,
Scribnor,3,,,
Sensa,3,,,
Senseit,3,,,
Setfrac,3,,,
Signolol,3,,,
Sildura,3,,,
Silodozen,3,,,
Silofka,3,,,
Siluts,3,,,
Sinovent,3,,,
Slim,3,,,
Smartova,3,,,
Smartpain,3,,,
Smartvit,3,,,
Sms,3,,,
Snovit,3,,,
Sofia,3,,,
Solis,3,,,
Solpure,3,,,
Somi,3,,,
Somifiz,3,,,
Sopio,3,,,
Spark,3,,,
Sunova,3,,,
Sprintas,3,,,
Stamvita,3,,,
Stay,3,,,
Stelvit,3,,,
Step,3,,,
Stromix,3,,,
Sudol,3,,,
Sulgiride,3,,,
Sunarin,3,,,
Superia,3,,,
Symbiotik,3,,,
Symbiva,3,,,
Tacronix,3,,,
Tacrorite,3,,,
Tacrosan,3,,,
Tacrotor,3,,,
Tacstead,3,,,
Tacsure,3,,,
Tamflo,3,,,
Tamlocept,3,,,
Temoside,3,,,
Tendocel,3,,,
Terramycin,3,,,
Thichoren,3,,,
Tiate,3,,,
Timovit,3,,,
Topin,3,,,
Topp,3,,,
Totalees,3,,,
Toxiphage,3,,,
Trufol,3,,,
Trustnerve,3,,,
Turmicure,3,,,
Ultican,3,,,
Ultrafolin,3,,,
Ultranuron,3,,,
Upnuron,3,,,
Uritin,3,,,
Ursodil,3,,,
Vageston,3,,,
Valuvit,3,,,
Vanlid,3,,,
Venla,3,,,
Veenat,3,,,
Veniz,3,,,
Venlift,3,,,
Venlor,3,,,
Venphylin,3,,,
Vibact,3,,,
Vigorvit,3,,,
Vilfuro,3,,,
Vitakind,3,,,
Vitminpil,3,,,
Vms,3,,,
Vofol,3,,,
Vrx,3,,,
Wal,3,,,
Winofit,3,,,
Xantox,3,,,
Yees,3,,,
Zaptra,3,,,
Zendol,3,,,
Zerofat,3,,,
Zevit,3,,,
Zipsydon,3,,,
Ziram,3,,,
Zitblow,3,,,
Zivacal,3,,,
Zonisep,3,,,
Zoom,3,,,
Zycel,3,,,
Gabalent,3,,,
Orthofit,3,,,
Carent,3,,,
Cast,3,,,
Catheter,3,,,
Artificial,3,,,
Wheel,3,,,
Allevyn,3,,,
Bed,3,,,
Rapidur,3,,,
Central,3,,,
Crepe,3,,,
Cuticell,3,,,
Dynafix,3,,,
Hip,3,,,
Innova,3,,,
Ivalon,3,,,
Kollagen,3,,,
Kulpa,3,,,
Leukomed,3,,,
Medica,3,,,
Opsite,3,,,
Pcn,3,,,
Primapore,3,,,
Under,3,,,
Ren,3,,,
Three,3,,,
Colostomy,3,,,
Commode,3,,,
Grip,3,,,
Funtime,3,,,
Corrugated,3,,,
Finger,3,,,
Acnemoist,3,,,
Advan,3,,,
Aloesof,3,,,
Alonurish,3,,,
Alovee,3,,,
Angelskin,3,,,
Aqurea,3,,,
Atonide,3,,,
Avarta,3,,,
Avexa,3,,,
Az,3,,,
Belzole,3,,,
Beneflex,3,,,
Betagel,3,,,
Bugblok,3,,,
Cebhydra,3,,,
Chitomesh,3,,,
Civaderm,3,,,
Clobet,3,,,
Clobetero,3,,,
Clodel,3,,,
Clos,3,,,
Cosglo,3,,,
Crotorax,3,,,
Cuticolor,3,,,
Cutinorm,3,,,
Cutisoft,3,,,
Cwin,3,,,
Czson,3,,,
Danclear,3,,,
Dc,3,,,
Depig,3,,,
Dermiford,3,,,
Dermorize,3,,,
Desowen,3,,,
Dexperts,3,,,
Dilutop,3,,,
Dosetil,3,,,
Dreamlite,3,,,
Drymed,3,,,
Duvitin,3,,,
Eberjen,3,,,
Ebspor,3,,,
Ecoket,3,,,
Elketo,3,,,
Emmoist,3,,,
Endew,3,,,
Ensi,3,,,
Episert,3,,,
Episilk,3,,,
Esava,3,,,
Etaze,3,,,
Evalon,3,,,
Exazel,3,,,
Fairlite,3,,,
Fintop,3,,,
Fittydent,3,,,
Fluderm,3,,,
Fluimucil,3,,,
Flutisone,3,,,
Freedom,3,,,
Furr,3,,,
Fusee,3,,,
Glomycan,3,,,
Gloskin,3,,,
Glowphin,3,,,
Glowriance,3,,,
Glutessa,3,,,
Grazia,3,,,
Halo,3,,,
Haloderm,3,,,
Herpex,3,,,
Hhsone,3,,,
Hy,3,,,
Hyde,3,,,
Hydrofil,3,,,
Hydromax,3,,,
Ibglow,3,,,
Kemydaz,3,,,
Ketoford,3,,,
Ketomac,3,,,
Ketoscab,3,,,
Ketovate,3,,,
Ketz,3,,,
Ketzi,3,,,
Klmite,3,,,
Kojic,3,,,
Kojidew,3,,,
Kojimed,3,,,
Kozifive,3,,,
Kozilite,3,,,
Kromaglo,3,,,
Kumkumadi,3,,,
Kzop,3,,,
Lacsoft,3,,,
Loceryl,3,,,
Loket,3,,,
Lozee,3,,,
Lucoz,3,,,
Lulibor,3,,,
Lulicoz,3,,,
Lulidila,3,,,
Luligee,3,,,
Lulilok,3,,,
Lulimark,3,,,
Lulipex,3,,,
Lulyera,3,,,
Lupiderm,3,,,
Luray,3,,,
Melanorm,3,,,
Micogent,3,,,
Mofurmed,3,,,
Moistar,3,,,
Moiste,3,,,
Moiztal,3,,,
Momento,3,,,
Momerex,3,,,
Monosone,3,,,
Mosoft,3,,,
Motimesh,3,,,
Mupibact,3,,,
Mycospor,3,,,
Naftifast,3,,,
Nailrox,3,,,
Napigard,3,,,
Niosol,3,,,
Normaderm,3,,,
Noskurf,3,,,
Novasoft,3,,,
Nushell,3,,,
Obril,3,,,
Orkid,3,,,
Pacroma,3,,,
Paralite,3,,,
Pearldew,3,,,
Permite,3,,,
Piles,3,,,
Pileum,3,,,
Prilox,3,,,
Propygenta,3,,,
Psomoist,3,,,
Puldem,3,,,
Raindew,3,,,
Remoiz,3,,,
Scabex,3,,,
Scabiped,3,,,
Scabvent,3,,,
Scrabic,3,,,
Secure,3,,,
Sensicort,3,,,
Sensicure,3,,,
Sertaspor,3,,,
Sigmaderm,3,,,
Silk,3,,,
Skinlite,3,,,
Sofinox,3,,,
Sofradex,3,,,
Softcor,3,,,
Soronil,3,,,
Sparsh,3,,,
Stretch,3,,,
Sucralime,3,,,
Supragent,3,,,
Tendrone,3,,,
Terbicip,3,,,
Terbison,3,,,
Terbonate,3,,,
Texifen,3,,,
Topisone,3,,,
Toplap,3,,,
Trfy,3,,,
Triclear,3,,,
Ultracera,3,,,
Vera,3,,,
Vetadew,3,,,
Viclob,3,,,
Wbc,3,,,
Wyndid,3,,,
Xerina,3,,,
Zincal,3,,,
Zoderm,3,,,
Hearty,3,,,
Cuvia,3,,,
Ut,3,,,
Glycine,3,,,
Metronidazole,3,,,
Evaparin,3,,,
Humapen,3,,,
Mypen,3,,,
Nebulizer,3,,,
Nuby,3,,,
Optium,3,,,
Stim,3,,,
Zerostat,3,,,
Napiez,3,,,
Dot,3,,,
Ketlur,3,,,
Pilocar,3,,,
Zospar,3,,,
Alerminic,3,,,
Alphagan,3,,,
Arbivit,3,,,
Aristomol,3,,,
Bc,3,,,
Bidin,3,,,
Brezvent,3,,,
Brieze,3,,,
Brimocom,3,,,
Brimosoft,3,,,
Cmc,3,,,
Calibrain,3,,,
Candibiotic,3,,,
Careprost,3,,,
Ccs,3,,,
Choliv,3,,,
Cinaryl,3,,,
Clearliv,3,,,
Clinterol,3,,,
Colicure,3,,,
Colinol,3,,,
Coliza,3,,,
Combiflora,3,,,
Comfortz,3,,,
Cyclomune,3,,,
Delices,3,,,
Deximon,3,,,
Dexoren,3,,,
Dimol,3,,,
Dorfort,3,,,
Ecoviva,3,,,
Elcarim,3,,,
Engatt,3,,,
Essensuals,3,,,
Eyemist,3,,,
Ferilite,3,,,
Ferrochelate,3,,,
Ferrofit,3,,,
Fersoft,3,,,
Fevago,3,,,
Flatuna,3,,,
Flucol,3,,,
Flurisone,3,,,
Gainup,3,,,
Gastica,3,,,
Gentoson,3,,,
Gfc,3,,,
Hikeset,3,,,
Hyalate,3,,,
Hynasal,3,,,
Hysodew,3,,,
Imuplex,3,,,
Insta,3,,,
Isi,3,,,
Lacrimos,3,,,
Leshmox,3,,,
Livfit,3,,,
Lubi,3,,,
Lubrex,3,,,
Lumifit,3,,,
Maximin,3,,,
Mofloren,3,,,
Motinorm,3,,,
Moxif,3,,,
Moxiford,3,,,
Moxisurge,3,,,
Moxoft,3,,,
Myatro,3,,,
Nasomist,3,,,
Nepalact,3,,,
Nepatop,3,,,
Nepavon,3,,,
Nestpod,3,,,
Nosikind,3,,,
Obra,3,,,
Occumox,3,,,
Oflo,3,,,
Ondiron,3,,,
Orange,3,,,
Otek,3,,,
Otiflox,3,,,
Oyovita,3,,,
Parafast,3,,,
Patarid,3,,,
Patine,3,,,
Pcm,3,,,
Pediawise,3,,,
Progg,3,,,
Pyrakem,3,,,
Pyrimon,3,,,
Quinshine,3,,,
Remox,3,,,
Renicol,3,,,
Septilin,3,,,
Sofirx,3,,,
Softdrops,3,,,
Softvisc,3,,,
Spasmonil,3,,,
Sure,3,,,
Sweetex,3,,,
Synlube,3,,,
Tear,3,,,
Takfresh,3,,,
Tisol,3,,,
Tizta,3,,,
Toba,3,,,
Tobaren,3,,,
Tobracid,3,,,
Travisight,3,,,
Travosun,3,,,
Tussalyte,3,,,
Unicflora,3,,,
Ventiphylline,3,,,
Wise,3,,,
Xymex,3,,,
Zigat,3,,,
Zincogut,3,,,
Zivimox,3,,,
Zobra,3,,,
Zyaqua,3,,,
Durasalyn,3,,,
Dyrade,3,,,
Easifiz,3,,,
Pur,3,,,
Elfri,3,,,
Bronchopress,3,,,
Laxikem,3,,,
Perfecxa,3,,,
Aerodil,3,,,
Cosome,3,,,
Instaryl,3,,,
Terpect,3,,,
Fevi,3,,,
Flexo,3,,,
Hairjoy,3,,,
Ferrero,3,,,
Kellogg,3,,,
Kidney,3,,,
Betalarc,3,,,
Prolidon,3,,,
Puradine,3,,,
Tantum,3,,,
Acmist,3,,,
Acnewar,3,,,
Acnorm,3,,,
Acnovate,3,,,
Acwash,3,,,
Amfy,3,,,
Ar,3,,,
Azifast,3,,,
Bioran,3,,,
Bioren,3,,,
Caterpil,3,,,
Cleargel,3,,,
Clearwin,3,,,
Cliface,3,,,
Clinfresh,3,,,
Clinlook,3,,,
Cutiwash,3,,,
Diclomint,3,,,
Dicure,3,,,
Difzol,3,,,
Digecaine,3,,,
Diptase,3,,,
Dolentia,3,,,
Epiduo,3,,,
Erady,3,,,
Estrabet,3,,,
Gesterol,3,,,
Gumtone,3,,,
Inac,3,,,
Keracnyl,3,,,
Kojivit,3,,,
Ligantin,3,,,
Lotel,3,,,
Metrohex,3,,,
Minym,3,,,
Myofenac,3,,,
Nanofen,3,,,
Nax,3,,,
Nestdol,3,,,
Omnident,3,,,
Ora,3,,,
Oraflora,3,,,
Orasmuth,3,,,
Orex,3,,,
Orogem,3,,,
Orthomac,3,,,
Permed,3,,,
Prostium,3,,,
Quik,3,,,
Rega,3,,,
Salyzap,3,,,
Scar,3,,,
Sebonac,3,,,
Sebumclear,3,,,
Sepgard,3,,,
Sunheal,3,,,
Supergin,3,,,
Supramoist,3,,,
Tcitib,3,,,
Tercin,3,,,
Thaiclo,3,,,
Thiocor,3,,,
Thiowell,3,,,
Tolagin,3,,,
Tolpa,3,,,
Tonenglo,3,,,
Uvedge,3,,,
Viticure,3,,,
Zoray,3,,,
Dercos,3,,,
Jus,3,,,
Kajah,3,,,
Laxman,3,,,
Pt,3,,,
Acmed,3,,,
Amulspray,3,,,
Color,3,,,
Dentassure,3,,,
Divya,3,,,
Dologel,3,,,
Easifud,3,,,
Electrokind,3,,,
Enfamil,3,,,
Geofresh,3,,,
Glyserin,3,,,
Hesh,3,,,
Isabgol,3,,,
Jinvar,3,,,
Jiwadaya,3,,,
Karthika,3,,,
Lifebouy,3,,,
Losweat,3,,,
Lumacip,3,,,
Madhivala,3,,,
Madhuraj,3,,,
Meadows,3,,,
Meswak,3,,,
Moti,3,,,
Nutriright,3,,,
Oleo,3,,,
Omkar,3,,,
Parodontax,3,,,
Phondaghat,3,,,
Pyroflex,3,,,
Quaker,3,,,
Relizo,3,,,
Rightpick,3,,,
Saaral,3,,,
Sleep,3,,,
Sloans,3,,,
Smooth,3,,,
Sunfeast,3,,,
Surya,3,,,
Urbania,3,,,
Vasu,3,,,
Viva,3,,,
Zerolac,3,,,
Woodwards,3,,,
Gutclear,3,,,
Kabz,3,,,
Lg,3,,,
Gulkand,3,,,
Protein,3,,,
Heritage,3,,,
Hme,3,,,
Homeaid,3,,,
P2i,3,,,
Hospicrape,3,,,
Sodac,3,,,
Derihaler,3,,,
Duova,3,,,
Fullform,3,,,
Moslev,3,,,
Optima,3,,,
Respi,3,,,
Simplyone,3,,,
Symbicort,3,,,
Triohale,3,,,
Accutaz,3,,,
Acton,3,,,
Actorise,3,,,
Albucel,3,,,
Alburel,3,,,
Alfakim,3,,,
Amikamac,3,,,
Anawin,3,,,
Anxol,3,,,
Apidra,3,,,
Auffcef,3,,,
Azom,3,,,
Baclycin,3,,,
Bandrone,3,,,
Basugine,3,,,
Bevac,3,,,
Biofer,3,,,
Bluvial,3,,,
Bonista,3,,,
Botroclot,3,,,
Bovine,3,,,
Bupinerve,3,,,
Buscogast,3,,,
Capnea,3,,,
Cefbioti,3,,,
Cefglobe,3,,,
Cefkem,3,,,
Cepime,3,,,
Cibiparin,3,,,
Cidal,3,,,
Clopixol,3,,,
Colistin,3,,,
Combimak,3,,,
Complamina,3,,,
Coraile,3,,,
Cordarone,3,,,
Corparin,3,,,
Darbecon,3,,,
Dargen,3,,,
Depo,3,,,
Divaine,3,,,
Doliprane,3,,,
Drotikind,3,,,
Epocept,3,,,
Eposis,3,,,
Epotop,3,,,
Esa,3,,,
Espogen,3,,,
Etacept,3,,,
Eupen,3,,,
Extensior,3,,,
Fenak,3,,,
Fercee,3,,,
Ferinject,3,,,
Fertigyn,3,,,
Fiasp,3,,,
Finecef,3,,,
Fortum,3,,,
Fosolin,3,,,
Fraxiparine,3,,,
Fupan,3,,,
Gemfrac,3,,,
Genevac,3,,,
Gpred,3,,,
Gynonys,3,,,
Havrix,3,,,
Hembeec,3,,,
Heparin,3,,,
Imferon,3,,,
Insuquick,3,,,
Invega,3,,,
Ivimicin,3,,,
Kanamac,3,,,
Ketanov,3,,,
Larinject,3,,,
Lasix,3,,,
Levo,3,,,
Lizoforce,3,,,
Lizolid,3,,,
Lobet,3,,,
Lomovian,3,,,
Lovolkem,3,,,
Lupenox,3,,,
Luprova,3,,,
Macmika,3,,,
Maintane,3,,,
Match,3,,,
Maxicef,3,,,
Merolive,3,,,
Meroplan,3,,,
Merotrol,3,,,
Methycobal,3,,,
Mezolam,3,,,
Microtaz,3,,,
Mikastar,3,,,
Mircera,3,,,
Mixtard,3,,,
Monobact,3,,,
Netmicin,3,,,
Neurogard,3,,,
Nexinem,3,,,
Nobeglar,3,,,
Nostof,3,,,
Novorapid,3,,,
Nucetex,3,,,
Nudiclo,3,,,
Nuroz,3,,,
Oflotas,3,,,
Oxiox,3,,,
Ozempic,3,,,
Paliris,3,,,
Pamorelin,3,,,
Pazom,3,,,
Pipzo,3,,,
Positaz,3,,,
Powercef,3,,,
Pyricool,3,,,
Ranitin,3,,,
Reflin,3,,,
Relipoietin,3,,,
Revac,3,,,
Seacure,3,,,
Semaglu,3,,,
Sensorcaine,3,,,
Shanvac,3,,,
Sigma,3,,,
Sky,3,,,
Somazina,3,,,
Supacef,3,,,
Tamik,3,,,
Taximax,3,,,
Tazact,3,,,
Tazomac,3,,,
Texakind,3,,,
Thiamin,3,,,
Tox,3,,,
Tramic,3,,,
Tranostat,3,,,
Transfer,3,,,
Tricort,3,,,
Troufiz,3,,,
Typbar,3,,,
Unicalcin,3,,,
Vanking,3,,,
Distil,3,,,
Winaxon,3,,,
Zadimac,3,,,
Zinetac,3,,,
Zolam,3,,,
Electrolyte,3,,,
Floxip,3,,,
Linospan,3,,,
Tiniba,3,,,
Maltova,3,,,
Vidaslim,3,,,
Karela,3,,,
Ketoadd,3,,,
Kho,3,,,
Epnone,3,,,
Forecox,3,,,
Leg,3,,,
Plush,3,,,
Cb,3,,,
Actismart,3,,,
Alpas,3,,,
Elnova,3,,,
Hincryl,3,,,
Medisafe,3,,,
Thigh,3,,,
Femme,3,,,
Kaltex,3,,,
Mypink,3,,,
Leukoplaster,3,,,
Bestlin,3,,,
Elagesic,3,,,
Nucart,3,,,
Trioflam,3,,,
Aloha,3,,,
Amflor,3,,,
Colin,3,,,
Drakshasav,3,,,
Erzl,3,,,
Gnc,3,,,
Healthy,3,,,
Laxolite,3,,,
Lemolinctus,3,,,
Lukoskin,3,,,
Orahex,3,,,
Orsl,3,,,
Pankreoflat,3,,,
Patankar,3,,,
Ranbaxy,3,,,
Sumod,3,,,
Tan,3,,,
Teel,3,,,
Triguard,3,,,
Tulsi,3,,,
Vernol,3,,,
Zeolin,3,,,
Lord,3,,,
Calak,3,,,
Calapure,3,,,
Caloap,3,,,
Dandrop,3,,,
Deophin,3,,,
Dutamax,3,,,
Epilyno,3,,,
Flakeoff,3,,,
Gbhc,3,,,
Halosys,3,,,
Ketag,3,,,
Keteen,3,,,
Ketoscalp,3,,,
Ketoterg,3,,,
Melgain,3,,,
Nemus,3,,,
Nosoap,3,,,
Ocona,3,,,
Octamop,3,,,
Pmt,3,,,
Prutrax,3,,,
Relysal,3,,,
Revilus,3,,,
Reximoist,3,,,
Scabper,3,,,
Sebo,3,,,
St,3,,,
Tacmod,3,,,
Tecum,3,,,
Uvdoux,3,,,
Xictra,3,,,
Zalim,3,,,
Zensalic,3,,,
O3,3,,,
Airways,3,,,
Dynafit,3,,,
Fixomull,3,,,
Flexocrepe,3,,,
Olivice,3,,,
Optygauzz,3,,,
Madiphal,3,,,
Mansi,3,,,
Margo,3,,,
Medismart,3,,,
Girnar,3,,,
Optcare,3,,,
Ascensia,3,,,
Mienta,3,,,
Alo,3,,,
Ambi,3,,,
Bertolli,3,,,
Ciphands,3,,,
Dicynene,3,,,
Electro,3,,,
French,3,,,
Glycoflo,3,,,
Healthcon,3,,,
Hersheys,3,,,
Hp,3,,,
Jivan,3,,,
Kama,3,,,
Maharaja,3,,,
Maxo,3,,,
Murivenna,3,,,
Nok,3,,,
Noorani,3,,,
Novegrow,3,,,
Nurture,3,,,
Nuzen,3,,,
Punarnavadi,3,,,
Rio,3,,,
Rootz,3,,,
Sastry,3,,,
Sheetal,3,,,
Trichoz,3,,,
Vvd,3,,,
Zincocet,3,,,
Oro,3,,,
B4,3,,,
Vaxo,3,,,
Neoshield,3,,,
Orthoherb,3,,,
Rajbindu,3,,,
Trichobest,3,,,
Aldine,3,,,
Aztofa,3,,,
Cadomer,3,,,
Dermoquinol,3,,,
Diclo,3,,,
Gabci,3,,,
Jakhme,3,,,
Lichensa,3,,,
Melanocyl,3,,,
Mupicip,3,,,
Mupimet,3,,,
Pasitrex,3,,,
Pilief,3,,,
Povikem,3,,,
Prevent,3,,,
Salicure,3,,,
Shield,3,,,
Sorvate,3,,,
Tacvido,3,,,
Tobraza,3,,,
Tofa,3,,,
Tofatop,3,,,
Whitfields,3,,,
Xengab,3,,,
Photon,3,,,
Hiphop,3,,,
Arodent,3,,,
Cheerio,3,,,
Buvalor,3,,,
Hetriva,3,,,
Tuloplast,3,,,
Snow,3,,,
Vaporizer,3,,,
Pigtail,3,,,
Clinisafe,3,,,
Mediswab,3,,,
Portex,3,,,
Amrit,3,,,
Ayurvel,3,,,
Bleaching,3,,,
Coslyte,3,,,
Cramp,3,,,
Deeaid,3,,,
Dex,3,,,
Eagle,3,,,
Elnutrin,3,,,
Freelac,3,,,
Fungicruz,3,,,
Inkrizz,3,,,
Kabipro,3,,,
Kaifluk,3,,,
Lf,3,,,
Lycalmag,3,,,
Mum,3,,,
Nswet,3,,,
Nusowin,3,,,
Obicure,3,,,
Proteinina,3,,,
Protex,3,,,
Protilab,3,,,
Protinules,3,,,
Protitas,3,,,
Protovic,3,,,
Pulmocare,3,,,
Quista,3,,,
Reshape,3,,,
Softolax,3,,,
Truhanz,3,,,
Uktical,3,,,
Wisetin,3,,,
Zefrich,3,,,
Raystop,3,,,
Binafide,3,,,
Bunase,3,,,
Glynium,3,,,
Hyperneb,3,,,
Back,3,,,
Bumsuit,3,,,
Daiva,3,,,
Freestyle,3,,,
Gumycious,3,,,
Mars,3,,,
Neko,3,,,
Nine,3,,,
Respect,3,,,
Aminofull,3,,,
Argihope,3,,,
Argin,3,,,
Citro,3,,,
Coll,3,,,
Colon,3,,,
Dd,3,,,
Emefilm,3,,,
Fertipro,3,,,
Flextra,3,,,
Gestinova,3,,,
Gramoz,3,,,
Ketohold,3,,,
Kg,3,,,
Mbryo,3,,,
Mesarem,3,,,
Mesinta,3,,,
Normoz,3,,,
Racigyl,3,,,
Tracnil,3,,,
Uti,3,,,
Zindee,3,,,
Seekcaus,3,,,
Cafune,3,,,
Cuticapil,3,,,
Eclat,3,,,
Folgroom,3,,,
Hairizer,3,,,
Melarid,3,,,
Xgain,3,,,
Biotin,3,,,
Danfree,3,,,
Ketamide,3,,,
Ketol,3,,,
Mildy,3,,,
Protek,3,,,
Spoo,3,,,
Zoltina,3,,,
Acnerex,3,,,
Acnewin,3,,,
Acnoff,3,,,
Glutafine,3,,,
Zyndet,3,,,
Calciway,3,,,
Callite,3,,,
Car,3,,,
Catch,3,,,
Diclotroy,3,,,
Fultress,3,,,
Gushout,3,,,
Laxose,3,,,
Minxivo,3,,,
Prolox,3,,,
Regaine,3,,,
Reshed,3,,,
Spirit,3,,,
Austril,3,,,
Boneo,3,,,
Duonase,3,,,
Fluticone,3,,,
Flutinase,3,,,
Flutitroy,3,,,
Freeair,3,,,
Gentrivin,3,,,
Lure,3,,,
Medistat,3,,,
Midacip,3,,,
Nasohold,3,,,
Nezact,3,,,
Orinase,3,,,
Physiomer,3,,,
Ryaltris,3,,,
Spiroflut,3,,,
Vigore,3,,,
Wincold,3,,,
Sunshade,3,,,
Corect,3,,,
Cruxol,3,,,
Dulcolax,3,,,
Suppol,3,,,
Omnipore,3,,,
Abipod,3,,,
Actis,3,,,
Alapod,3,,,
Albend,3,,,
Almefkem,3,,,
An,3,,,
Ancool,3,,,
Aristomox,3,,,
Azeltra,3,,,
Azikind,3,,,
Azimid,3,,,
Aziter,3,,,
Azitreat,3,,,
Azro,3,,,
Bactofix,3,,,
Bilarin,3,,,
Bilasooth,3,,,
Bilatis,3,,,
Biltal,3,,,
Bioclar,3,,,
Bonemac,3,,,
Boostim,3,,,
Brutacef,3,,,
Calcimid,3,,,
Caron,3,,,
Cefiwok,3,,,
Cefpoglen,3,,,
Centamol,3,,,
Cepomex,3,,,
Ceponow,3,,,
Clariwin,3,,,
Coatz,3,,,
Conoflox,3,,,
Curam,3,,,
Dezacor,3,,,
Diof,3,,,
Diptamp,3,,,
Dmont,3,,,
Ducaine,3,,,
Emquine,3,,,
Everclav,3,,,
Fermax,3,,,
Fevril,3,,,
Fexy,3,,,
Freelex,3,,,
Fx,3,,,
Genmol,3,,,
Himcocid,3,,,
Instaraft,3,,,
Joymol,3,,,
Klofen,3,,,
Levozet,3,,,
Liquibile,3,,,
Lupituss,3,,,
Magadol,3,,,
Marvella,3,,,
Maxstine,3,,,
Mefmin,3,,,
Moxact,3,,,
Netazox,3,,,
Nidacef,3,,,
Nuloc,3,,,
Ofm,3,,,
Oforc,3,,,
Pa,3,,,
Pacinova,3,,,
Pararite,3,,,
Parawyn,3,,,
Princiclav,3,,,
Reziz,3,,,
Ryduce,3,,,
Safo,3,,,
Sedosolvin,3,,,
Settle,3,,,
Sft,3,,,
Sneez,3,,,
Softools,3,,,
Sparacid,3,,,
Sucraday,3,,,
Sucralarc,3,,,
Udofix,3,,,
Uriliser,3,,,
Urofit,3,,,
Wormectol,3,,,
Zinova,3,,,
Abi,3,,,
Acolate,3,,,
Albutamol,3,,,
Alkamax,3,,,
Alkasol,3,,,
Alzero,3,,,
Ambresp,3,,,
Amrutarishta,3,,,
Anofer,3,,,
App,3,,,
Ascotor,3,,,
Ashokarishta,3,,,
Astozyme,3,,,
Atanec,3,,,
Atazis,3,,,
Augwyn,3,,,
Autocoff,3,,,
Azeelarc,3,,,
Azgil,3,,,
Balant,3,,,
Bilachek,3,,,
Billargic,3,,,
Biochemdryl,3,,,
Biokof,3,,,
Brocojoy,3,,,
Brozine,3,,,
Calbisix,3,,,
Carnipil,3,,,
Cefoxim,3,,,
Cefproxil,3,,,
Cefredrox,3,,,
Ceham,3,,,
Cetalore,3,,,
Cetcip,3,,,
Cetfast,3,,,
Cetrest,3,,,
Cifomed,3,,,
Citabest,3,,,
Clevira,3,,,
Clobium,3,,,
Cof,3,,,
Cofaid,3,,,
Cognipil,3,,,
Cognitam,3,,,
Cognivin,3,,,
Cognix,3,,,
Colgin,3,,,
Combither,3,,,
Cuflift,3,,,
Decof,3,,,
Deconmep,3,,,
Dialex,3,,,
Diapepsin,3,,,
Disogel,3,,,
Doxoril,3,,,
Ducof,3,,,
Encephabol,3,,,
Entcof,3,,,
Enzox,3,,,
Eradiclav,3,,,
Erythrocin,3,,,
Femax,3,,,
Ferose,3,,,
Flumont,3,,,
Geriforte,3,,,
Gramogyl,3,,,
Graniforce,3,,,
Haldi,3,,,
Havital,3,,,
Healvit,3,,,
Histakind,3,,,
Hizet,3,,,
Hymont,3,,,
Hyrax,3,,,
Isivit,3,,,
Kiwicaine,3,,,
Kiwirex,3,,,
Laciclav,3,,,
Lacotab,3,,,
Letzit,3,,,
Levesure,3,,,
Levocetrizen,3,,,
Liofast,3,,,
Lizomed,3,,,
Macalvit,3,,,
Magnakof,3,,,
Magnatuss,3,,,
Megamox,3,,,
Mentat,3,,,
Monotax,3,,,
Montel,3,,,
Montemed,3,,,
Moxibond,3,,,
Moxiklen,3,,,
Natofer,3,,,
Naviglobin,3,,,
Nirocil,3,,,
Nitacure,3,,,
Noctura,3,,,
Norvent,3,,,
Nupod,3,,,
Oncet,3,,,
Onimex,3,,,
Parakind,3,,,
Parakros,3,,,
Pharbedex,3,,,
Piracet,3,,,
Piriton,3,,,
Polaramine,3,,,
Prexaron,3,,,
Proditil,3,,,
Respinil,3,,,
Rifaset,3,,,
Safi,3,,,
Sinawyn,3,,,
Stimuliv,3,,,
Strocoz,3,,,
Strozina,3,,,
Sumol,3,,,
Thermal,3,,,
Topline,3,,,
Trunap,3,,,
Twinox,3,,,
Utronorm,3,,,
Veebion,3,,,
Verocet,3,,,
Vomiford,3,,,
Vominil,3,,,
Vomiset,3,,,
Wish,3,,,
Xoclave,3,,,
Zinconia,3,,,
Zofix,3,,,
Zyrcold,3,,,
Zyroclav,3,,,
Abel,3,,,
Abiglym,3,,,
Abiways,3,,,
Acecloease,3,,,
Aceclotrue,3,,,
Acefile,3,,,
Acelera,3,,,
Acenext,3,,,
Acephar,3,,,
Aditel,3,,,
Adp,3,,,
Afanat,3,,,
Afoglip,3,,,
Aglozin,3,,,
Airkast,3,,,
Ajapride,3,,,
Aldonil,3,,,
Aldotel,3,,,
Alenix,3,,,
Alerfix,3,,,
Alermont,3,,,
Alevo,3,,,
Algina,3,,,
Alleripen,3,,,
Allerkey,3,,,
Allerminate,3,,,
Allertuf,3,,,
Allrite,3,,,
Alora,3,,,
Alphavog,3,,,
Alsectan,3,,,
Altiva,3,,,
Altoran,3,,,
Alzolam,3,,,
Amantex,3,,,
Amantrel,3,,,
Ambidext,3,,,
Ambose,3,,,
Ambulax,3,,,
Amicalm,3,,,
Amifru,3,,,
Amigold,3,,,
Amilift,3,,,
Amimind,3,,,
Amipride,3,,,
Amisant,3,,,
Amisugyl,3,,,
Amixide,3,,,
Amlogard,3,,,
Amlozaar,3,,,
Ampanel,3,,,
Amvalor,3,,,
Amwel,3,,,
Analiv,3,,,
Angicor,3,,,
Angitor,3,,,
Angsart,3,,,
Anxozap,3,,,
Anzatric,3,,,
Aortel,3,,,
Apraize,3,,,
Aprezo,3,,,
Aprizol,3,,,
Aqufix,3,,,
Arco,3,,,
Aretodol,3,,,
Arirazo,3,,,
Arkamin,3,,,
Arney,3,,,
Arnicor,3,,,
Arnipin,3,,,
Arnisac,3,,,
Arniv,3,,,
Arnoza,3,,,
Arnx,3,,,
Artho,3,,,
Asar,3,,,
Asthamon,3,,,
Asvicroci,3,,,
Asvilevo,3,,,
Atelol,3,,,
Atenrite,3,,,
Atlast,3,,,
Atol,3,,,
Atorem,3,,,
Atoritic,3,,,
Atp,3,,,
Atrocord,3,,,
Atrolet,3,,,
Attor,3,,,
Aver,3,,,
Avibose,3,,,
Aviglen,3,,,
Axcer,3,,,
Aztric,3,,,
Azmarda,3,,,
Azneten,3,,,
Aztolet,3,,,
Azukon,3,,,
Baclotab,3,,,
Bamlo,3,,,
Barcose,3,,,
Baycip,3,,,
Belar,3,,,
Belol,3,,,
Beminal,3,,,
Bempesta,3,,,
Benepack,3,,,
Benformin,3,,,
Benigold,3,,,
Benitor,3,,,
Bestoglim,3,,,
Betagold,3,,,
Betalol,3,,,
Betigo,3,,,
Betine,3,,,
Beugli,3,,,
Bilacip,3,,,
Bilambic,3,,,
Bilanta,3,,,
Bilazo,3,,,
Bilxiga,3,,,
Bioclaz,3,,,
Bioglim,3,,,
Biopril,3,,,
Biosuganril,3,,,
Biotee,3,,,
Biovas,3,,,
Biovert,3,,,
Bis,3,,,
Biselect,3,,,
Bisolong,3,,,
Bisonicus,3,,,
Bisotrak,3,,,
Bisozox,3,,,
Bisval,3,,,
Bitatel,3,,,
Bizlo,3,,,
Blesxime,3,,,
Blonitas,3,,,
Bludrox,3,,,
Bluglip,3,,,
Bnign,3,,,
Bonwick,3,,,
Bp,3,,,
Bploc,3,,,
Brezatel,3,,,
Bricobal,3,,,
Brilinta,3,,,
Brintellix,3,,,
Bripca,3,,,
Briviact,3,,,
Brupal,3,,,
Bularid,3,,,
Byloza,3,,,
Cabolong,3,,,
Cadbis,3,,,
Cadian,3,,,
Calciflex,3,,,
Calcilace,3,,,
Caleat,3,,,
Callos,3,,,
Calmnerve,3,,,
Calonat,3,,,
Caluran,3,,,
Calvit,3,,,
Capiibine,3,,,
Carbanerve,3,,,
Cardilarc,3,,,
Cardiotel,3,,,
Carfolina,3,,,
Carmada,3,,,
Carnimac,3,,,
Cartipred,3,,,
Cartiquin,3,,,
Carvil,3,,,
Carvipress,3,,,
Carzec,3,,,
Catecor,3,,,
Caverta,3,,,
Ceclobis,3,,,
Cefixiwyn,3,,,
Cefsafe,3,,,
Ceftum,3,,,
Cefukamed,3,,,
Celetoin,3,,,
Celglip,3,,,
Cerom,3,,,
Ceroxim,3,,,
Cetrezol,3,,,
Chronotab,3,,,
Chymoflam,3,,,
Chymomerg,3,,,
Chymonac,3,,,
Ciboz,3,,,
Cil,3,,,
Cilagard,3,,,
Cilamet,3,,,
Cilapress,3,,,
Cilblock,3,,,
Cilicad,3,,,
Cilinimore,3,,,
Cilinix,3,,,
Cilmikaa,3,,,
Cilnibeat,3,,,
Cilniblu,3,,,
Cilnicab,3,,,
Cilnix,3,,,
Clinidip,3,,,
Cilonest,3,,,
Cilovin,3,,,
Cilsam,3,,,
Cilvas,3,,,
Cinzan,3,,,
Cipmido,3,,,
Citapure,3,,,
Citconit,3,,,
Clinispect,3,,,
Clocalm,3,,,
Clodrel,3,,,
Cloflow,3,,,
Clomach,3,,,
Clome,3,,,
Clonabris,3,,,
Clonawyn,3,,,
Clonorest,3,,,
Clopam,3,,,
Clopinol,3,,,
Clopivas,3,,,
Cloyd,3,,,
Clozep,3,,,
Cnn,3,,,
Coelone,3,,,
Cognilong,3,,,
Colihenz,3,,,
Collacium,3,,,
Combipara,3,,,
Convistat,3,,,
Corabrad,3,,,
Coral,3,,,
Coralan,3,,,
Corectia,3,,,
Cosart,3,,,
Cosmetin,3,,,
Covel,3,,,
Coxrella,3,,,
Crampcure,3,,,
Cugli,3,,,
Custat,3,,,
Cymet,3,,,
Cynaptin,3,,,
Cytolog,3,,,
Daffodil,3,,,
Daflonex,3,,,
Dailyglim,3,,,
Danneuro,3,,,
Dapabiso,3,,,
Dapabric,3,,,
Dapacrine,3,,,
Dapafine,3,,,
Dapaflin,3,,,
Dapafree,3,,,
Dapaglozin,3,,,
Dapagnx,3,,,
Dapagza,3,,,
Dapajust,3,,,
Dapasan,3,,,
Dapasis,3,,,
Dapatac,3,,,
Dapaview,3,,,
Daventyl,3,,,
Daxid,3,,,
Dayflozin,3,,,
Dazit,3,,,
Debrilyse,3,,,
Decet,3,,,
Declenta,3,,,
Decorib,3,,,
Dedapa,3,,,
Defrijet,3,,,
Delgado,3,,,
Depnoc,3,,,
Depranex,3,,,
Depranil,3,,,
Deprid,3,,,
Depsert,3,,,
Depsonil,3,,,
Dericip,3,,,
Dermotrex,3,,,
Desilam,3,,,
Desvelaf,3,,,
Desvenif,3,,,
Desvenvis,3,,,
Dezlin,3,,,
Dezlorid,3,,,
Diabetrol,3,,,
Diabiz,3,,,
Diafer,3,,,
Diavild,3,,,
Diepirate,3,,,
Dilvas,3,,,
Diprowize,3,,,
Dirifa,3,,,
Divalna,3,,,
Divalpromex,3,,,
Divaltec,3,,,
Divalz,3,,,
Dizeral,3,,,
Dizibeat,3,,,
Diziron,3,,,
Dlimpride,3,,,
Doculum,3,,,
Dolobest,3,,,
Dolomed,3,,,
Donamem,3,,,
Donecept,3,,,
Dopress,3,,,
Dothip,3,,,
Dothix,3,,,
Doxacard,3,,,
Doxebet,3,,,
Doxeject,3,,,
Doxiflo,3,,,
Dozep,3,,,
Dpnp,3,,,
Dpvil,3,,,
Dronis,3,,,
Drotitec,3,,,
Dulomed,3,,,
Duonem,3,,,
Duotrol,3,,,
Duphaston,3,,,
Dydro,3,,,
Dydroboon,3,,,
Dydroease,3,,,
Ebal,3,,,
Ecbdol,3,,,
Ecitalop,3,,,
Ecotel,3,,,
Edon,3,,,
Efil,3,,,
Eflin,3,,,
Eglaf,3,,,
Egluna,3,,,
Eklot,3,,,
Elate,3,,,
Eldozide,3,,,
Elferri,3,,,
Eliocal,3,,,
Eliptin,3,,,
Eliquis,3,,,
Eliwel,3,,,
Elnadipin,3,,,
Elromo,3,,,
Elsar,3,,,
Em,3,,,
Emgikast,3,,,
Emlinz,3,,,
Empactus,3,,,
Empamedis,3,,,
Empri,3,,,
Emsolone,3,,,
Endobloc,3,,,
Endocal,3,,,
Endtens,3,,,
Enlarmp,3,,,
Enzem,3,,,
Enzobless,3,,,
Eofiles,3,,,
Eplerta,3,,,
Eplinora,3,,,
Ergomont,3,,,
Eriglip,3,,,
Erostin,3,,,
Esam,3,,,
Esamlo,3,,,
Escitalovis,3,,,
Escitapax,3,,,
Esitor,3,,,
Eslizen,3,,,
Esnax,3,,,
Espazine,3,,,
Etocel,3,,,
Etofine,3,,,
Etogen,3,,,
Etoril,3,,,
Etorvel,3,,,
Etoshift,3,,,
Etotroy,3,,,
Etoximed,3,,,
Etrobax,3,,,
Etru,3,,,
Euthyroid,3,,,
Evacure,3,,,
Evimeto,3,,,
Evog,3,,,
Exenta,3,,,
Ezolent,3,,,
Ezypram,3,,,
Farobact,3,,,
Faroright,3,,,
Favilow,3,,,
Favtel,3,,,
Febuget,3,,,
Feburic,3,,,
Febustat,3,,,
Febutaz,3,,,
Felogard,3,,,
Ferosvis,3,,,
Fertiglow,3,,,
Fertomid,3,,,
Fevimax,3,,,
Fexival,3,,,
Fibrodone,3,,,
Finobrate,3,,,
Flanzen,3,,,
Flexilor,3,,,
Floxin,3,,,
Fludep,3,,,
Flutense,3,,,
Fluvo,3,,,
Folcure,3,,,
Fole,3,,,
Fontel,3,,,
Frext,3,,,
Fritolev,3,,,
Fruselac,3,,,
Fycompa,3,,,
Fynal,3,,,
Gabacrine,3,,,
Gabalus,3,,,
Gabamira,3,,,
Gabared,3,,,
Gabasol,3,,,
Gabastar,3,,,
Gadliv,3,,,
Gafercal,3,,,
Galamer,3,,,
Galvusmet,3,,,
Gantra,3,,,
Geoglim,3,,,
Geripan,3,,,
Gestrim,3,,,
Gfr,3,,,
Gidom,3,,,
Giftan,3,,,
Gladlac,3,,,
Glez,3,,,
Glibenmp,3,,,
Gliclavin,3,,,
Glicsaan,3,,,
Glidum,3,,,
Glim,3,,,
Glimblist,3,,,
Glimchek,3,,,
Glimcyn,3,,,
Glime,3,,,
Glimelot,3,,,
Glimevel,3,,,
Glimidib,3,,,
Glimifon,3,,,
Glimip,3,,,
Glimiscore,3,,,
Glimpy,3,,,
Glimsafe,3,,,
Glimtyt,3,,,
Glimzio,3,,,
Glinate,3,,,
Glipijub,3,,,
Glipon,3,,,
Glipsov,3,,,
Glipti,3,,,
Gliptiwell,3,,,
Glisim,3,,,
Glista,3,,,
Glitus,3,,,
Gliva,3,,,
Glivie,3,,,
Glizone,3,,,
Golbi,3,,,
Gloritel,3,,,
Glucostat,3,,,
Glucowise,3,,,
Glucowyn,3,,,
Gluside,3,,,
Glutaderm,3,,,
Gluvas,3,,,
Glybovin,3,,,
Glyci,3,,,
Glycifit,3,,,
Glycimark,3,,,
Glycinova,3,,,
Glykind,3,,,
Glylinx,3,,,
Glyloc,3,,,
Glypass,3,,,
Glypride,3,,,
Glypten,3,,,
Glytop,3,,,
Glytrin,3,,,
Glyzovil,3,,,
Goecyst,3,,,
Goodmorn,3,,,
Gosita,3,,,
Gravipiride,3,,,
Gressami,3,,,
Gynaset,3,,,
Gzide,3,,,
Halopel,3,,,
Hcqs,3,,,
Hefcard,3,,,
Hetq,3,,,
Hexidol,3,,,
Hftril,3,,,
Hical,3,,,
Hisone,3,,,
Histabil,3,,,
Histavert,3,,,
Homet,3,,,
Hopjoy,3,,,
Hoxi,3,,,
Hqtor,3,,,
Huntred,3,,,
Hycibex,3,,,
Hyq,3,,,
Hytrin,3,,,
Icosar,3,,,
Ilet,3,,,
Imeglyn,3,,,
Imezemic,3,,,
Immutil,3,,,
Imutrex,3,,,
Indap,3,,,
Inogla,3,,,
Inosert,3,,,
Insumark,3,,,
Insupio,3,,,
Intor,3,,,
Irovel,3,,,
Ismet,3,,,
Ismo,3,,,
Isofit,3,,,
Italtric,3,,,
Itza,3,,,
Ivamedine,3,,,
Ivanode,3,,,
Jactel,3,,,
Jaknat,3,,,
Jakura,3,,,
Janumet,3,,,
Januvia,3,,,
Jestel,3,,,
Jogsita,3,,,
Joingates,3,,,
Jolivel,3,,,
Joycom,3,,,
Jsita,3,,,
Jubiflam,3,,,
Junior,3,,,
Jupishine,3,,,
Kenflox,3,,,
Kimet,3,,,
Kyglip,3,,,
Laconsyl,3,,,
Lacoptal,3,,,
Lamepil,3,,,
Lamipel,3,,,
Lamosan,3,,,
Lamosyn,3,,,
Landvog,3,,,
Lara,3,,,
Lcr,3,,,
Leon,3,,,
Leptomate,3,,,
Levalty,3,,,
Levilex,3,,,
Levocetirizine,3,,,
Levoroy,3,,,
Lgpin,3,,,
Linadel,3,,,
Linamac,3,,,
Linatin,3,,,
Lindapa,3,,,
Lipvas,3,,,
Lntrio,3,,,
Lnbloc,3,,,
Loclan,3,,,
Lodens,3,,,
Lonafest,3,,,
Longhold,3,,,
Lornoxi,3,,,
Lorsave,3,,,
Losacure,3,,,
Losakind,3,,,
Losamax,3,,,
Losarite,3,,,
Losartar,3,,,
Losartas,3,,,
Losasun,3,,,
Losatec,3,,,
Losatimed,3,,,
Losatrust,3,,,
Losavas,3,,,
Losawyn,3,,,
Lostat,3,,,
Lotace,3,,,
Lotensyl,3,,,
Lowchol,3,,,
Lower,3,,,
Lozapin,3,,,
Lumenac,3,,,
Lunch,3,,,
Lupihope,3,,,
Lupimeg,3,,,
Lupivestin,3,,,
Lytix,3,,,
Magdep,3,,,
Magvite,3,,,
Mahanac,3,,,
Manoprolol,3,,,
Martifur,3,,,
Mattocal,3,,,
Maxpride,3,,,
Maxum,3,,,
Mayudap,3,,,
Meco,3,,,
Mecobal,3,,,
Mecobion,3,,,
Mecocel,3,,,
Medbose,3,,,
Medfebux,3,,,
Medhicq,3,,,
Medilol,3,,,
Medistatin,3,,,
Meditas,3,,,
Meditrex,3,,,
Medlina,3,,,
Medrol,3,,,
Megagliptin,3,,,
Melarian,3,,,
Meling,3,,,
Melmet,3,,,
Melocure,3,,,
Merital,3,,,
Mesahenz,3,,,
Metagard,3,,,
Metapol,3,,,
Metatime,3,,,
Metbeta,3,,,
Metfirst,3,,,
Metgain,3,,,
Methycomed,3,,,
Metlong,3,,,
Metni,3,,,
Metogard,3,,,
Metonce,3,,,
Metopride,3,,,
Metopt,3,,,
Metoray,3,,,
Metoshine,3,,,
Metprocer,3,,,
Mi,3,,,
Midorise,3,,,
Migon,3,,,
Milical,3,,,
Minimaxx,3,,,
Minvital,3,,,
Mirablad,3,,,
Mirago,3,,,
Mirajet,3,,,
Mirakem,3,,,
Miramed,3,,,
Mirator,3,,,
Mirsol,3,,,
Mirtakem,3,,,
Mirtaz,3,,,
Mitocent,3,,,
Mitozis,3,,,
Mitpin,3,,,
Mlrepa,3,,,
Modafil,3,,,
Monlet,3,,,
Monomet,3,,,
Monotrolarc,3,,,
Montas,3,,,
Monticon,3,,,
Monto,3,,,
Montus,3,,,
Moracetam,3,,,
Movexx,3,,,
Moviz,3,,,
Moxid,3,,,
Mplistine,3,,,
Mprol,3,,,
Mucotab,3,,,
Mycofit,3,,,
Myjas,3,,,
Mynorm,3,,,
Myocom,3,,,
Myonit,3,,,
Myosone,3,,,
Mysensi,3,,,
Nacfil,3,,,
Nacnarv,3,,,
Nales,3,,,
Naprolet,3,,,
Narvaday,3,,,
Natrilam,3,,,
Nebiqol,3,,,
Nebivie,3,,,
Nebivol,3,,,
Nebycare,3,,,
Necnil,3,,,
Neojoint,3,,,
Neptpride,3,,,
Nervedoc,3,,,
Nervee,3,,,
Nervegab,3,,,
Nervilax,3,,,
Neurex,3,,,
Neuropill,3,,,
Neurotide,3,,,
Neuvert,3,,,
Nevelol,3,,,
Nevilast,3,,,
Newgtn,3,,,
Nexipride,3,,,
Nexovia,3,,,
Nextop,3,,,
Nexvenla,3,,,
Nicoduce,3,,,
Nicomalen,3,,,
Nifedicard,3,,,
Nifedine,3,,,
Nikos,3,,,
Nimeson,3,,,
Nitrolong,3,,,
Noax,3,,,
Nocram,3,,,
Noklot,3,,,
Normoric,3,,,
Nortryptomer,3,,,
Nostra,3,,,
Notence,3,,,
Novonorm,3,,,
Nubrain,3,,,
Nucort,3,,,
Numox,3,,,
Nuril,3,,,
Nurona,3,,,
Nurotide,3,,,
Nuxib,3,,,
Nuzide,3,,,
Nvill,3,,,
Ocal,3,,,
Ocium,3,,,
Octocal,3,,,
Ocuspan,3,,,
Office,3,,,
Ofla,3,,,
Ojen,3,,,
Okamet,3,,,
Olace,3,,,
Olagress,3,,,
Olan,3,,,
Olandus,3,,,
Olans,3,,,
Olanzawyn,3,,,
Olanzoren,3,,,
Olarc,3,,,
Oligocare,3,,,
Olmecard,3,,,
Olmeglare,3,,,
Olmeprax,3,,,
Olmicheck,3,,,
Olmilace,3,,,
Olsacare,3,,,
Olvina,3,,,
Olymprix,3,,,
Omnipres,3,,,
Omnitan,3,,,
Onoff,3,,,
Opirest,3,,,
Orbone,3,,,
Oresta,3,,,
Ortan,3,,,
Orthodex,3,,,
Oscartin,3,,,
Osicare,3,,,
Oson,3,,,
Osteofos,3,,,
Ostium,3,,,
Ovabless,3,,,
Ovisterone,3,,,
Oxacent,3,,,
Oxanic,3,,,
Oxcq,3,,,
Oxemia,3,,,
Oxnig,3,,,
Ozepam,3,,,
Ozym,3,,,
Panazep,3,,,
Paradise,3,,,
Parkitidin,3,,,
Parvon,3,,,
Patinex,3,,,
Paxidep,3,,,
Pentab,3,,,
Pentacid,3,,,
Pentids,3,,,
Pepraz,3,,,
Perigard,3,,,
Pexopram,3,,,
Phoscut,3,,,
Pildoth,3,,,
Piobit,3,,,
Piodart,3,,,
Pioglu,3,,,
Piogood,3,,,
Piokap,3,,,
Piorun,3,,,
Pioshrin,3,,,
Piotyt,3,,,
Pirfetab,3,,,
Pivasta,3,,,
Platloc,3,,,
Pleat,3,,,
Plendil,3,,,
Pmf,3,,,
Podime,3,,,
Polytide,3,,,
Populas,3,,,
Posmeal,3,,,
Powermet,3,,,
Pp26,3,,,
Ppvog,3,,,
Practozide,3,,,
Prandial,3,,,
Pregahart,3,,,
Premeal,3,,,
Prestiller,3,,,
Prezar,3,,,
Prezem,3,,,
Priglip,3,,,
Primestat,3,,,
Primiwal,3,,,
Primolut,3,,,
Productiv,3,,,
Prolage,3,,,
Propranalarc,3,,,
Propraneta,3,,,
Psymenzil,3,,,
Psypine,3,,,
Pulmofib,3,,,
Pulmonext,3,,,
Pylowin,3,,,
Pyricontin,3,,,
Pyrodip,3,,,
Qheart,3,,,
Quintor,3,,,
Qure,3,,,
Qutin,3,,,
Rafacol,3,,,
Rafle,3,,,
Ramcet,3,,,
Rami,3,,,
Ramilace,3,,,
Rancil,3,,,
Ranismol,3,,,
Ranwyn,3,,,
Razin,3,,,
Rcc,3,,,
Rebopag,3,,,
Refract,3,,,
Regestrone,3,,,
Rejun,3,,,
Relevit,3,,,
Remmag,3,,,
Rencap,3,,,
Reneplus,3,,,
Renodapt,3,,,
Resheath,3,,,
Resner,3,,,
Resolve,3,,,
Rest,3,,,
Restalo,3,,,
Restonorm,3,,,
Retcil,3,,,
Reva,3,,,
Rexigut,3,,,
Rezidone,3,,,
Ribaxa,3,,,
Ridazin,3,,,
Rifagut,3,,,
Rifakem,3,,,
Rifasmart,3,,,
Rifaxigress,3,,,
Rifaximax,3,,,
Risdee,3,,,
Risdil,3,,,
Risofos,3,,,
Rivotril,3,,,
Rizact,3,,,
Rlip,3,,,
Rofon,3,,,
Rollosert,3,,,
Roseberd,3,,,
Rosewellia,3,,,
Rosi,3,,,
Rospire,3,,,
Rosucrest,3,,,
Rosurite,3,,,
Rosuroy,3,,,
Rosuvford,3,,,
Rosvastat,3,,,
Rosyheal,3,,,
Rovio,3,,,
Roznight,3,,,
Rozugus,3,,,
Rpdone,3,,,
Rybelsus,3,,,
Sacu,3,,,
Sacumada,3,,,
Sacurise,3,,,
Sacuval,3,,,
Safecet,3,,,
Safeguard,3,,,
Safepodox,3,,,
Saferet,3,,,
Safronac,3,,,
Saltum,3,,,
Samion,3,,,
Sandimmun,3,,,
Sarotena,3,,,
Sarpot,3,,,
Sartibloc,3,,,
Sazo,3,,,
Sedogest,3,,,
Seglim,3,,,
Seizgard,3,,,
Seloken,3,,,
Selotol,3,,,
Semalix,3,,,
Serbest,3,,,
Serfenac,3,,,
Serlift,3,,,
Sermind,3,,,
Serta,3,,,
Sertagile,3,,,
Sertagress,3,,,
Sertalarc,3,,,
Sertima,3,,,
Sertrax,3,,,
Shavidha,3,,,
Shelwyn,3,,,
Shicalm,3,,,
Shicobal,3,,,
Shortepa,3,,,
Shrintel,3,,,
Si,3,,,
Sibofix,3,,,
Sidacor,3,,,
Sigdoth,3,,,
Silosam,3,,,
Simcard,3,,,
Simvas,3,,,
Singulair,3,,,
Siphene,3,,,
Sitabest,3,,,
Sitadase,3,,,
Sitalive,3,,,
Sitapril,3,,,
Sitasafe,3,,,
Sitasmart,3,,,
Sitasys,3,,,
Sitawick,3,,,
Sitawow,3,,,
Sitazox,3,,,
Sizon,3,,,
Sizonorm,3,,,
Sizopride,3,,,
Skizofinale,3,,,
Skizosmooth,3,,,
Smarti,3,,,
Snigtrypt,3,,,
Sobisis,3,,,
Sodalog,3,,,
Sodamint,3,,,
Sodanet,3,,,
Soglyt,3,,,
Solonex,3,,,
Solotrate,3,,,
Sommeil,3,,,
Sorafenat,3,,,
Sorbidiol,3,,,
Sorbilarc,3,,,
Speridon,3,,,
Spinin,3,,,
Srt,3,,,
Starstat,3,,,
Startmet,3,,,
Startpio,3,,,
Stelbid,3,,,
Sterio,3,,,
Stugeron,3,,,
Sualin,3,,,
Subhcal,3,,,
Sugarpil,3,,,
Sugatab,3,,,
Sulidapa,3,,,
Sulpra,3,,,
Supralarc,3,,,
Sweep,3,,,
Syncapone,3,,,
Sysron,3,,,
Tadaflo,3,,,
Tadagain,3,,,
Tagon,3,,,
Tamica,3,,,
Tantel,3,,,
Tanza,3,,,
Tavin,3,,,
Teamtel,3,,,
Tedup,3,,,
Teglimed,3,,,
Tegliptin,3,,,
Tegliwyn,3,,,
Telaxle,3,,,
Telblok,3,,,
Telco,3,,,
Telhart,3,,,
Telibest,3,,,
Telight,3,,,
Teliglip,3,,,
Telmecard,3,,,
Telmeros,3,,,
Telmevas,3,,,
Telmi,3,,,
Telmicool,3,,,
Telmidez,3,,,
Telmidil,3,,,
Telmifree,3,,,
Telmikeen,3,,,
Telmin,3,,,
Telminate,3,,,
Telmipack,3,,,
Telmipower,3,,,
Telmiral,3,,,
Telmiroot,3,,,
Telmisim,3,,,
Telmison,3,,,
Telmit,3,,,
Telrep,3,,,
Telron,3,,,
Telsal,3,,,
Telster,3,,,
Teltel,3,,,
Telvie,3,,,
Telx,3,,,
Telzat,3,,,
Telzia,3,,,
Temcar,3,,,
Tenace,3,,,
Tenali,3,,,
Tencrine,3,,,
Tenebite,3,,,
Tenefit,3,,,
Tenelect,3,,,
Tenelife,3,,,
Teneliglip,3,,,
Tenelivio,3,,,
Tenepla,3,,,
Tenepure,3,,,
Teneza,3,,,
Tenginow,3,,,
Tenglyn,3,,,
Teniva,3,,,
Tenliday,3,,,
Tenligress,3,,,
Tenlimac,3,,,
Tenlip,3,,,
Tenlitab,3,,,
Tenoclor,3,,,
Tenoha,3,,,
Tenohep,3,,,
Tenomac,3,,,
Tenorex,3,,,
Tenormin,3,,,
Tensimin,3,,,
Tensitel,3,,,
Tensorin,3,,,
Tenvir,3,,,
Tepride,3,,,
Terapress,3,,,
Terostil,3,,,
Texidep,3,,,
Thioford,3,,,
Thioril,3,,,
Thrize,3,,,
Thyroxinol,3,,,
Tiare,3,,,
Tiban,3,,,
Ti,3,,,
Ticabid,3,,,
Tofe,3,,,
Tolby,3,,,
Toldin,3,,,
Tolifast,3,,,
Tolmove,3,,,
Tolvat,3,,,
Topamac,3,,,
Topamed,3,,,
Topirawyn,3,,,
Topiraze,3,,,
Topirol,3,,,
Topride,3,,,
Topse,3,,,
Torcard,3,,,
Torcel,3,,,
Torcoxia,3,,,
Tordim,3,,,
Torfix,3,,,
Torlactone,3,,,
Torsepure,3,,,
Torsoanz,3,,,
Torvel,3,,,
Torvox,3,,,
Tracloze,3,,,
Tranecare,3,,,
Transnerv,3,,,
Trazaril,3,,,
Trazine,3,,,
Trazonil,3,,,
Triactin,3,,,
Tricare,3,,,
Trinicalm,3,,,
Tritin,3,,,
Trived,3,,,
Trivedon,3,,,
Trivoglitor,3,,,
Trivolib,3,,,
Trivose,3,,,
Trivoxetin,3,,,
Trixide,3,,,
Trizid,3,,,
Tropan,3,,,
Troycobal,3,,,
Trugaba,3,,,
Trugrel,3,,,
Tryhp,3,,,
Tryp,3,,,
Twincal,3,,,
Typlin,3,,,
Ubivit,3,,,
Uc,3,,,
Ulotric,3,,,
Urdohep,3,,,
Urlimed,3,,,
Urotone,3,,,
Urotor,3,,,
Ursetor,3,,,
Ursobile,3,,,
Ursokem,3,,,
Ursomax,3,,,
Uthral,3,,,
Uvito,3,,,
Valera,3,,,
Valgress,3,,,
Valitus,3,,,
Valium,3,,,
Valpex,3,,,
Valporate,3,,,
Valprid,3,,,
Valprowyn,3,,,
Valsac,3,,,
Valsira,3,,,
Valtec,3,,,
Vantaxa,3,,,
Vasoglor,3,,,
Vasograin,3,,,
Vasupride,3,,,
Vehycal,3,,,
Velaf,3,,,
Velfu,3,,,
Verbet,3,,,
Vermact,3,,,
Vernil,3,,,
Verquvo,3,,,
Vertiford,3,,,
Vertigon,3,,,
Vertihist,3,,,
Vertipress,3,,,
Vesbal,3,,,
Vetory,3,,,
Vibraset,3,,,
Vilcure,3,,,
Vildablis,3,,,
Vildaday,3,,,
Vildadip,3,,,
Vildagile,3,,,
Vildan,3,,,
Vildana,3,,,
Vildanol,3,,,
Vildaphage,3,,,
Vildoha,3,,,
Vildov,3,,,
Vilmax,3,,,
Vilnip,3,,,
Vilsef,3,,,
Viltrack,3,,,
Visirimir,3,,,
Vitabend,3,,,
Vitacore,3,,,
Vitasave,3,,,
Vitazed,3,,,
Vivadapa,3,,,
Vivax,3,,,
Vobind,3,,,
Voceclo,3,,,
Vofid,3,,,
Voglilar,3,,,
Voglimed,3,,,
Voglimet,3,,,
Voglital,3,,,
Vomilast,3,,,
Vortica,3,,,
Vortidif,3,,,
Voxidep,3,,,
Voxigain,3,,,
Voxitin,3,,,
Vozet,3,,,
Vymada,3,,,
Waltryp,3,,,
Winpres,3,,,
Winsart,3,,,
Winzest,3,,,
Witanthyl,3,,,
Wyncobal,3,,,
Wynvert,3,,,
Wysolone,3,,,
Wytrocit,3,,,
Xarb,3,,,
Xatilin,3,,,
Xecute,3,,,
Xemlina,3,,,
Xenopost,3,,,
Xigduo,3,,,
Xygrel,3,,,
Ycyst,3,,,
Zaart,3,,,
Zadaptin,3,,,
Zanella,3,,,
Zargo,3,,,
Zava,3,,,
Zemidep,3,,,
Zepatric,3,,,
Zeptin,3,,,
Zerograin,3,,,
Zestril,3,,,
Zglipt,3,,,
Zicla,3,,,
Zigma,3,,,
Zilarbi,3,,,
Zilarta,3,,,
Zildaglip,3,,,
Zilsar,3,,,
Zilzox,3,,,
Zimigut,3,,,
Zinfate,3,,,
Zinip,3,,,
Ziogluz,3,,,
Zipio,3,,,
Ziten,3,,,
Zolent,3,,,
Zolfresh,3,,,
Zolgo,3,,,
Zolipax,3,,,
Zolnap,3,,,
Zolpirest,3,,,
Zomet,3,,,
Zosert,3,,,
Zosta,3,,,
Zucator,3,,,
Zunaglim,3,,,
Zupitor,3,,,
Zurig,3,,,
Zyltan,3,,,
Teleflex,3,,,
Eppendorf,3,,,
Glipiq,3,,,
50,2,,,
9,2,,,
Ca,2,,,
Cf3,2,,,
Essvit,2,,,
Fin,2,,,
Fpp,2,,,
Ful,2,,,
Hmg,2,,,
N95,2,,,
Og,2,,,
Ph4,2,,,
Q10,2,,,
Rem,2,,,
Sal,2,,,
Sof,2,,,
Trigabantin,2,,,
T3,2,,,
Double,2,,,
Romoseal,2,,,
Advacat,2,,,
Aeromist,2,,,
Slide,2,,,
Aquaviron,2,,,
Hylcoba,2,,,
Neurabol,2,,,
Nurosurge,2,,,
6,2,,,
Ariel,2,,,
Fluxum,2,,,
2,2,,,
404,2,,,
Xm,2,,,
Rubber,2,,,
Gel,2,,,
Hydralipz,2,,,
Omnibalm,2,,,
Velsoft,2,,,
Bounty,2,,,
Panasonic,2,,,
Obeta,2,,,
Water,2,,,
Hernia,2,,,
Im,2,,,
Sanjeevani,2,,,
Semital,2,,,
Mucos,2,,,
Bilateral,2,,,
Biomulty,2,,,
Laryngo,2,,,
Original,2,,,
Bindu,2,,,
Bornfree,2,,,
Camp,2,,,
Limca,2,,,
Dosi,2,,,
Plakoff,2,,,
Tt,2,,,
Warren,2,,,
C3,2,,,
Coca,2,,,
Abetaneuron,2,,,
Above,2,,,
Acebrolarc,2,,,
Acevel,2,,,
Acify,2,,,
Acipsor,2,,,
Acrotac,2,,,
Actamin,2,,,
Actiflora,2,,,
Activ,2,,,
Actoid,2,,,
Acumox,2,,,
Adcob,2,,,
Adeb,2,,,
Adtrol,2,,,
Aeovit,2,,,
Agepro,2,,,
Agna,2,,,
Agro,2,,,
Airacal,2,,,
Alceff,2,,,
Aldinir,2,,,
Alfacip,2,,,
Alfatam,2,,,
Algesia,2,,,
Algibra,2,,,
Allerbio,2,,,
Almecol,2,,,
Alphamec,2,,,
Altibrain,2,,,
Amcoral,2,,,
Amnio,2,,,
Amoxyrite,2,,,
Amoxywyn,2,,,
Amsela,2,,,
Antace,2,,,
Antiban,2,,,
Apexitra,2,,,
Aquasol,2,,,
Arginitric,2,,,
Aristocal,2,,,
Aristoneurol,2,,,
Arthocare,2,,,
Arthrill,2,,,
Ascent,2,,,
Ascovent,2,,,
Asidrop,2,,,
Astashyn,2,,,
Astesol,2,,,
At,2,,,
Atheronil,2,,,
Atoran,2,,,
Atorsim,2,,,
Atorzio,2,,,
Atosnerve,2,,,
Au,2,,,
Auro,2,,,
Austro,2,,,
Avertz,2,,,
Awaytox,2,,,
Ayushfe,2,,,
Aztogold,2,,,
Bacilon,2,,,
Balaji,2,,,
Baleno,2,,,
Balila,2,,,
Balvibe,2,,,
Bdenza,2,,,
Becelac,2,,,
Becomust,2,,,
Belitra,2,,,
Beloc,2,,,
Benalgis,2,,,
Benfica,2,,,
Benfocare,2,,,
Benfogen,2,,,
Benfolyst,2,,,
Benfomega,2,,,
Benfozest,2,,,
Benizep,2,,,
Benthai,2,,,
Bentoz,2,,,
Benz,2,,,
Betamox,2,,,
Betazine,2,,,
Bigvin,2,,,
Bildmune,2,,,
Bindbone,2,,,
Biocal,2,,,
Biocod,2,,,
Biodoxi,2,,,
Biogut,2,,,
Biopreg,2,,,
Biopregab,2,,,
Biorich,2,,,
Biosil,2,,,
Biotral,2,,,
Biovital,2,,,
Bl,2,,,
Blocacid,2,,,
Blowcid,2,,,
Blurin,2,,,
Bodyrich,2,,,
Bonami,2,,,
Bricera,2,,,
Broncofil,2,,,
Btoneca,2,,,
Budez,2,,,
Bun,2,,,
Burnstop,2,,,
Buta,2,,,
Bv,2,,,
Cadbios,2,,,
Cadipan,2,,,
Cadotril,2,,,
Caladd,2,,,
Calcab,2,,,
Calcirin,2,,,
Calcitch,2,,,
Calcom,2,,,
Calcurosin,2,,,
Calcydon,2,,,
Caledoc,2,,,
Calferon,2,,,
Calkariaa,2,,,
Calmed,2,,,
Calnate,2,,,
Calpitrol,2,,,
Calrado,2,,,
Calrex,2,,,
Calspen,2,,,
Calsurze,2,,,
Caltate,2,,,
Calten,2,,,
Caltoday,2,,,
Calzoy,2,,,
Calztrol,2,,,
Candipraz,2,,,
Canditz,2,,,
Cansoft,2,,,
Canthnil,2,,,
Carbomox,2,,,
Carinia,2,,,
Carti,2,,,
Cartikool,2,,,
Cartilox,2,,,
Carvic,2,,,
Casipylin,2,,,
Catol,2,,,
Cdstat,2,,,
Cefdiel,2,,,
Cefrine,2,,,
Celadrin,2,,,
Celcotriol,2,,,
Celebrex,2,,,
Celedol,2,,,
Celerab,2,,,
Cellcept,2,,,
Celprotik,2,,,
Centrivive,2,,,
Chi,2,,,
Chupp,2,,,
Cipmox,2,,,
Cisscal,2,,,
Cissguard,2,,,
Citical,2,,,
Cizaspa,2,,,
Clagen,2,,,
Clasprin,2,,,
Clindatec,2,,,
Clindawill,2,,,
Clopact,2,,,
Clopikind,2,,,
Clopiros,2,,,
Clupan,2,,,
Cobafast,2,,,
Cobantin,2,,,
Cobasoft,2,,,
Cobastart,2,,,
Cocid,2,,,
Cocvit,2,,,
Codox,2,,,
Coed3,2,,,
Coenzbio,2,,,
Coeringa,2,,,
Cofcross,2,,,
Coflora,2,,,
Cogneurone,2,,,
Colatage,2,,,
Cold,2,,,
Colonise,2,,,
Colozo,2,,,
Combi,2,,,
Combinorm,2,,,
Conflu,2,,,
Conjoint,2,,,
Consistam,2,,,
Conviron,2,,,
Coonabis,2,,,
Cosfen,2,,,
Cosimmune,2,,,
Creafine,2,,,
Creapase,2,,,
Creopase,2,,,
Crystacal,2,,,
Cudce,2,,,
Cudo,2,,,
Cupenta,2,,,
Curcumega,2,,,
Cute,2,,,
Cyclonox,2,,,
Cygerd,2,,,
Cynomycin,2,,,
Cystarx,2,,,
Cyturite,2,,,
Dabifib,2,,,
Dabilong,2,,,
Dailyrich,2,,,
Danozec,2,,,
Dayjoy,2,,,
Debosity,2,,,
Decrin,2,,,
Deejoy,2,,,
Defical,2,,,
Delspore,2,,,
Deltanac,2,,,
Deltone,2,,,
Denrise,2,,,
Derek,2,,,
Devsip,2,,,
Dexibil,2,,,
Dexolan,2,,,
Dexomega,2,,,
Dezcumin,2,,,
Diamox,2,,,
Dianuron,2,,,
Diapill,2,,,
Diaprime,2,,,
Diax,2,,,
Digestal,2,,,
Digestomen,2,,,
Digiglo,2,,,
Dipep,2,,,
Divit,2,,,
Docosa,2,,,
Docowize,2,,,
Dolobrake,2,,,
Dolosmile,2,,,
Domizol,2,,,
Domz,2,,,
Donica,2,,,
Dosira,2,,,
Doxol,2,,,
Doxycet,2,,,
Doxyzone,2,,,
Duet,2,,,
Durastat,2,,,
Dutaprost,2,,,
Duxet,2,,,
Dxlasmart,2,,,
Dyfira,2,,,
Dyotam,2,,,
Ecmefol,2,,,
Ecoflora,2,,,
Econorm,2,,,
Efcoben,2,,,
Efem,2,,,
Egas,2,,,
Ekavin,2,,,
Elclop,2,,,
Eldem,2,,,
Elerab,2,,,
Elio,2,,,
Elomega,2,,,
Elvitamin,2,,,
Emfolic,2,,,
Enbios,2,,,
Endopan,2,,,
Endosafe,2,,,
Enew,2,,,
Engaba,2,,,
Ensoft,2,,,
Ensules,2,,,
Enterogermina,2,,,
Enteromycetin,2,,,
Enzamide,2,,,
Enzelo,2,,,
Enzoblend,2,,,
Enzoy,2,,,
Enzyl,2,,,
Eopan,2,,,
Epo,2,,,
Eprisan,2,,,
Eracod,2,,,
Erdomac,2,,,
Erdostyne,2,,,
Ergivia,2,,,
Eris,2,,,
Esfat,2,,,
Esiloc,2,,,
Esocid,2,,,
Esoford,2,,,
Esokool,2,,,
Esolax,2,,,
Esolembic,2,,,
Esolia,2,,,
Esolyst,2,,,
Esomax,2,,,
Esomecare,2,,,
Esomefol,2,,,
Esomer,2,,,
Esomifor,2,,,
Esoprazole,2,,,
Esorella,2,,,
Esorey,2,,,
Esosam,2,,,
Esoster,2,,,
Esovy,2,,,
Espanz,2,,,
Espumisan,2,,,
Essentiale,2,,,
Estoeaz,2,,,
Estovon,2,,,
Esys,2,,,
Etobrix,2,,,
Etrafred,2,,,
Eubioz,2,,,
Eugest,2,,,
Eugi,2,,,
Evitas,2,,,
Evocus,2,,,
Evprocop,2,,,
Exerge,2,,,
Exotin,2,,,
Eyorac,2,,,
Ezogas,2,,,
Ezopan,2,,,
Fabcal,2,,,
Fame,2,,,
Faxcerin,2,,,
Fefol,2,,,
Fenoxene,2,,,
Fentigliv,2,,,
Fred,2,,,
Feroglobin,2,,,
Feropen,2,,,
Ferry,2,,,
Fertihope,2,,,
Fertilix,2,,,
Ferznov,2,,,
Ff,2,,,
Fibnib,2,,,
Finate,2,,,
Firstdep,2,,,
Flexinova,2,,,
Flomax,2,,,
Flood,2,,,
Florita,2,,,
Florofil,2,,,
Flowfit,2,,,
Flozia,2,,,
Flupirin,2,,,
Flurab,2,,,
Fluvia,2,,,
Folic,2,,,
Folijuv,2,,,
Folistein,2,,,
Folisure,2,,,
Folligrow,2,,,
Folshine,2,,,
Foltop,2,,,
Foltotal,2,,,
Forfetus,2,,,
Forisil,2,,,
Forpan,2,,,
Fortisil,2,,,
Fracoz,2,,,
Fulgest,2,,,
Fungeeheal,2,,,
Fungikem,2,,,
Fungoal,2,,,
Gabaklas,2,,,
Gabasafe,2,,,
Gabata,2,,,
Galdopin,2,,,
Galim,2,,,
Galinerve,2,,,
Garbolim,2,,,
Gastrazole,2,,,
Gaven,2,,,
Gavir,2,,,
Gaylorab,2,,,
Gd,2,,,
Gefer,2,,,
Gemsoline,2,,,
Genew,2,,,
Gerdpan,2,,,
Gest,2,,,
Gestfer,2,,,
Gestmate,2,,,
Gestoford,2,,,
Gestojoy,2,,,
Gestorab,2,,,
Gfh,2,,,
Gipan,2,,,
Glarifen,2,,,
Gliotem,2,,,
Glioz,2,,,
Glivical,2,,,
Glowcare,2,,,
Gluta,2,,,
Glutide,2,,,
Gnorm,2,,,
Goldmune,2,,,
Goodflo,2,,,
Gpan,2,,,
Gr,2,,,
Grafotas,2,,,
Grantin,2,,,
Greetcal,2,,,
Gutchamp,2,,,
Gutgermina,2,,,
Gutrev,2,,,
Gutwin,2,,,
Gynocare,2,,,
Haai,2,,,
Hairfix,2,,,
Hairnace,2,,,
Hanpan,2,,,
Hanrab,2,,,
Hansepran,2,,,
Hapan,2,,,
Happibiotic,2,,,
Haroz,2,,,
Harvest,2,,,
Hbloy,2,,,
Healthyvit,2,,,
Healvital,2,,,
Helirab,2,,,
Hemogold,2,,,
Hifital,2,,,
Hiroz,2,,,
Hisaka,2,,,
Homostrong,2,,,
Hoperab,2,,,
Hostacycline,2,,,
Hsrab,2,,,
Ibitra,2,,,
Ibitret,2,,,
Ica,2,,,
Idofnib,2,,,
Ijeska,2,,,
Ilapro,2,,,
Iminoral,2,,,
Immutide,2,,,
Imubless,2,,,
Indocap,2,,,
Infibalin,2,,,
Inflagone,2,,,
Inhipraz,2,,,
Inprazole,2,,,
Instant,2,,,
Insumin,2,,,
Intafol,2,,,
Intebal,2,,,
Ironemic,2,,,
Irrion,2,,,
Isac,2,,,
Ishape,2,,,
Isoflav,2,,,
Isoin,2,,,
Isokon,2,,,
Isonise,2,,,
Isotane,2,,,
Itaphyte,2,,,
Itaros,2,,,
Itbor,2,,,
Itcon,2,,,
Itifa,2,,,
Itodom,2,,,
Itopsy,2,,,
Itorihenz,2,,,
Itrabond,2,,,
Itracip,2,,,
Itradila,2,,,
Itrafaith,2,,,
Itrafix,2,,,
Itrafung,2,,,
Itrakon,2,,,
Itranox,2,,,
Itraqik,2,,,
Itrason,2,,,
Itratop,2,,,
Itravegan,2,,,
Itrawyn,2,,,
Itrogo,2,,,
Itromax,2,,,
Itzlife,2,,,
Itzo,2,,,
Izen,2,,,
Jalan,2,,,
Jamieson,2,,,
Japani,2,,,
Jinga,2,,,
Jinsure,2,,,
Jocal,2,,,
Joincerin,2,,,
Jointweld,2,,,
Jollimex,2,,,
Joncitrol,2,,,
Jonycal,2,,,
Jopan,2,,,
Jovirab,2,,,
Jublin,2,,,
Kairos,2,,,
Karpanta,2,,,
Karvol,2,,,
Kathcal,2,,,
Kefive,2,,,
Key,2,,,
Kineto,2,,,
Kiopan,2,,,
Knilonat,2,,,
Kylid,2,,,
Laacyst,2,,,
Lacta,2,,,
Lactovit,2,,,
Lantraz,2,,,
Lanzol,2,,,
Laretol,2,,,
Laurica,2,,,
Legasy,2,,,
Lenvat,2,,,
Lenvatol,2,,,
Levirab,2,,,
Levitor,2,,,
Liberocal,2,,,
Libidup,2,,,
Lifepill,2,,,
Lipocut,2,,,
Lipophage,2,,,
Liporid,2,,,
Livigrel,2,,,
Livolexin,2,,,
Livosil,2,,,
Livotone,2,,,
Lmfolate,2,,,
Lodiric,2,,,
Logispor,2,,,
Logout,2,,,
Longpan,2,,,
Lopid,2,,,
Low,2,,,
Loxapax,2,,,
Lupila,2,,,
Lupisoz,2,,,
Lupraz,2,,,
Lutivit,2,,,
Lx,2,,,
Lycolut,2,,,
Lycostar,2,,,
Lyrica,2,,,
Maa,2,,,
Macraberin,2,,,
Macuvit,2,,,
Mag,2,,,
Magnibest,2,,,
Magverse,2,,,
Manoll,2,,,
Maxillfora,2,,,
Mayu,2,,,
Mcolin,2,,,
Mcosvir,2,,,
Mebarid,2,,,
Mebehope,2,,,
Mebiz,2,,,
Mecobrook,2,,,
Mecobyte,2,,,
Mecofar,2,,,
Mecolon,2,,,
Meconia,2,,,
Megabid,2,,,
Megaclox,2,,,
Megacure,2,,,
Megafe,2,,,
Megaley,2,,,
Meganerv,2,,,
Megashine,2,,,
Megawin,2,,,
Menopace,2,,,
Menowart,2,,,
Meta,2,,,
Methalbo,2,,,
Methy,2,,,
Methylcaid,2,,,
Metlife,2,,,
Metstamlo,2,,,
Meva,2,,,
Meveb,2,,,
Mexohar,2,,,
Microcid,2,,,
Microterium,2,,,
Mighty,2,,,
Milnace,2,,,
Mine,2,,,
Mink,2,,,
Minkpower,2,,,
Minroset,2,,,
Miq,2,,,
Mitraa,2,,,
Mngb,2,,,
Monolosin,2,,,
More,2,,,
Motiza,2,,,
Moxival,2,,,
Mrhm,2,,,
Muldevit,2,,,
Multifresh,2,,,
Musli,2,,,
Mv,2,,,
Myelogen,2,,,
Myocal,2,,,
Myoset,2,,,
Naeva,2,,,
Natural,2,,,
Naviking,2,,,
Nefmax,2,,,
Nefromega,2,,,
Neogest,2,,,
Nephroquin,2,,,
Nervarise,2,,,
Nervofit,2,,,
Nervon,2,,,
Nervosafe,2,,,
Neugalin,2,,,
Neurolyn,2,,,
Neuropride,2,,,
Neurospica,2,,,
Neurovance,2,,,
Neuroxon,2,,,
Nexicharge,2,,,
Nexom,2,,,
Nexowell,2,,,
Nexpan,2,,,
Nicocal,2,,,
Nicopenta,2,,,
Nindanib,2,,,
Nindev,2,,,
Nintabid,2,,,
Nintena,2,,,
Nipcan,2,,,
Nistami,2,,,
Nitrobact,2,,,
Nodical,2,,,
Nodimox,2,,,
Nogacid,2,,,
Normoflora,2,,,
Novogermina,2,,,
Nuflam,2,,,
Nuroguard,2,,,
Nuroplex,2,,,
Nurows,2,,,
Nusopraz,2,,,
Nutribis,2,,,
Nutricobal,2,,,
Nutrifull,2,,,
Nuvirem,2,,,
Nuzywon,2,,,
Obelit,2,,,
Obezita,2,,,
Obio,2,,,
Odepraz,2,,,
Odventa,2,,,
Olisat,2,,,
Omecip,2,,,
Omed,2,,,
Omefol,2,,,
Omegates,2,,,
Omepren,2,,,
Omerite,2,,,
Omesec,2,,,
Omridom,2,,,
Onemax,2,,,
Onerose,2,,,
Opez,2,,,
Oris,2,,,
Orlean,2,,,
Orlevas,2,,,
Orlica,2,,,
Orpro,2,,,
Osevir,2,,,
Oskar,2,,,
Osofil,2,,,
Osteocerin,2,,,
Osteocid,2,,,
Osteoflex,2,,,
Osteowak,2,,,
Ostonex,2,,,
Ostrix,2,,,
Ourdaily,2,,,
Ovaa,2,,,
Owise,2,,,
Oxalo,2,,,
Oxichamp,2,,,
Oxuba,2,,,
Oxyat,2,,,
Oxybit,2,,,
Oxybro,2,,,
Oxycrat,2,,,
Oxynerve,2,,,
Oxyrep,2,,,
Oxysite,2,,,
Oxzim,2,,,
Padlion,2,,,
Painvon,2,,,
Palio,2,,,
Paliz,2,,,
Palmi,2,,,
Palocap,2,,,
Panage,2,,,
Panalto,2,,,
Panbrit,2,,,
Pancap,2,,,
Pancept,2,,,
Pancicare,2,,,
Pancrazio,2,,,
Pancrehenz,2,,,
Pancrelarc,2,,,
Pandiff,2,,,
Pandom,2,,,
Pandostal,2,,,
Panduo,2,,,
Panesh,2,,,
Panfirst,2,,,
Pangift,2,,,
Panmate,2,,,
Panmint,2,,,
Panoryl,2,,,
Panovel,2,,,
Panpex,2,,,
Panpure,2,,,
Panras,2,,,
Panros,2,,,
Panrx,2,,,
Panstone,2,,,
Pantagard,2,,,
Pantip,2,,,
Pantocaid,2,,,
Pantodell,2,,,
Pantodot,2,,,
Pantofix,2,,,
Pantofur,2,,,
Pantomac,2,,,
Pantomed,2,,,
Pantophyll,2,,,
Pantoprym,2,,,
Pantorica,2,,,
Pantorite,2,,,
Pantosky,2,,,
Pantovent,2,,,
Pantozen,2,,,
Pantron,2,,,
Panvoz,2,,,
Panwin,2,,,
Panxta,2,,,
Panzocaid,2,,,
Pappi,2,,,
Paristo,2,,,
Parit,2,,,
Parrys,2,,,
Patoze,2,,,
Penta,2,,,
Pentaride,2,,,
Pep,2,,,
Pepnorm,2,,,
Pepticool,2,,,
Pepty,2,,,
Pezover,2,,,
Pfanto,2,,,
Piclib,2,,,
Pidgrel,2,,,
Piker,2,,,
Pilants,2,,,
Pirineu,2,,,
Plaros,2,,,
Platin,2,,,
Polmakem,2,,,
Polorab,2,,,
Ppson,2,,,
Pptan,2,,,
Pragres,2,,,
Prasita,2,,,
Prazoqol,2,,,
Prebid,2,,,
Predulox,2,,,
Pregader,2,,,
Pregal,2,,,
Pregalex,2,,,
Pregalus,2,,,
Pregamet,2,,,
Preganerv,2,,,
Pregason,2,,,
Pregnerv,2,,,
Premence,2,,,
Premeneuro,2,,,
Prerabe,2,,,
Presave,2,,,
Presential,2,,,
Pressmox,2,,,
Prestiq,2,,,
Prestopan,2,,,
Preventeron,2,,,
Prezilin,2,,,
Primezole,2,,,
Prirab,2,,,
Proace,2,,,
Probiart,2,,,
Procrine,2,,,
Proctonil,2,,,
Progeny,2,,,
Prograf,2,,,
Prohale,2,,,
Prolysis,2,,,
Promeda,2,,,
Promolact,2,,,
Propetic,2,,,
Prorab,2,,,
Protochek,2,,,
Protoloc,2,,,
Prout,2,,,
Proxyvon,2,,,
Psylax,2,,,
Pulmark,2,,,
Puregest,2,,,
Pylapy,2,,,
Qgold,2,,,
Qmd,2,,,
Qrovas,2,,,
Qumoxtum,2,,,
Raawin,2,,,
Rabclif,2,,,
Rabeasy,2,,,
Rabecer,2,,,
Rabedrol,2,,,
Rabee,2,,,
Rabelace,2,,,
Rabelin,2,,,
Rabenda,2,,,
Rabeo,2,,,
Rabeox,2,,,
Rabeoz,2,,,
Rabepace,2,,,
Rabephex,2,,,
Rabepill,2,,,
Rabepride,2,,,
Rabeq,2,,,
Raberite,2,,,
Rabeshine,2,,,
Rabestime,2,,,
Rabezol,2,,,
Rabford,2,,,
Rabifuse,2,,,
Rabihart,2,,,
Rabihope,2,,,
Rabikart,2,,,
Rabinol,2,,,
Rabipraz,2,,,
Rabiriz,2,,,
Rabisafe,2,,,
Rabisure,2,,,
Rabiwok,2,,,
Rabizol,2,,,
Rabocid,2,,,
Rabonu,2,,,
Rabosec,2,,,
Rabstel,2,,,
Rabtexus,2,,,
Racedot,2,,,
Rakta,2,,,
Raliz,2,,,
Ramipro,2,,,
Ramytop,2,,,
Rapisone,2,,,
Raproset,2,,,
Raproz,2,,,
Ratan,2,,,
Rbplar,2,,,
Rbson,2,,,
Realfol,2,,,
Rebagen,2,,,
Rebez,2,,,
Rebilex,2,,,
Recalmin,2,,,
Recount,2,,,
Recovit,2,,,
Redin,2,,,
Reeshape,2,,,
Refirm,2,,,
Reflex,2,,,
Rejuvin,2,,,
Relac,2,,,
Relier,2,,,
Relif,2,,,
Relishvit,2,,,
Relogut,2,,,
Remarch,2,,,
Remerab,2,,,
Remitotal,2,,,
Remorin,2,,,
Renavotox,2,,,
Renergy,2,,,
Renerwyn,2,,,
Renetrol,2,,,
Renewliv,2,,,
Rengraf,2,,,
Renorit,2,,,
Renoxace,2,,,
Reol,2,,,
Repral,2,,,
Resense,2,,,
Resoten,2,,,
Resteclin,2,,,
Res,2,,,
Retferro,2,,,
Retiherb,2,,,
Retirx,2,,,
Revibra,2,,,
Revidox,2,,,
Rexpure,2,,,
Reytense,2,,,
Rhamo,2,,,
Richaxon,2,,,
Richvit,2,,,
Rinda,2,,,
Rinmus,2,,,
Risorine,2,,,
Rivamer,2,,,
Rizol,2,,,
Robo,2,,,
Rocaltrol,2,,,
Roliflo,2,,,
Ro,2,,,
Rosbest,2,,,
Rosgrel,2,,,
Rosovas,2,,,
Rosuboon,2,,,
Rosucrine,2,,,
Rosucyte,2,,,
Rosudac,2,,,
Rosuhop,2,,,
Rosurey,2,,,
Rosuril,2,,,
Rosuva,2,,,
Rosuvance,2,,,
Rosuzy,2,,,
Rosvavel,2,,,
Rosyhead,2,,,
Roussel,2,,,
Rovasense,2,,,
Rovelstat,2,,,
Rozadd,2,,,
Rozagold,2,,,
Rozangle,2,,,
Rozatoss,2,,,
Rozorb,2,,,
Rozudose,2,,,
Rusium,2,,,
Ryminall,2,,,
Rythmix,2,,,
Rzole,2,,,
Saannerve,2,,,
Saconic,2,,,
Safepraz,2,,,
Salcol,2,,,
Sanjog,2,,,
Sanz,2,,,
Savepan,2,,,
Sclerifuma,2,,,
Sclerogem,2,,,
Scofa,2,,,
Scus,2,,,
Seblok,2,,,
Sefdin,2,,,
Selip,2,,,
Selvit,2,,,
Semento,2,,,
Septa,2,,,
Sera,2,,,
Setgalin,2,,,
Shcal,2,,,
Shell,2,,,
Sheric,2,,,
Shfol,2,,,
Shilajit,2,,,
Shinorab,2,,,
Shynefol,2,,,
Sildosin,2,,,
Silocap,2,,,
Siloflow,2,,,
Silohigh,2,,,
Siloin,2,,,
Silojet,2,,,
Silolarc,2,,,
Silomax,2,,,
Silonext,2,,,
Silosquare,2,,,
Silostar,2,,,
Silotract,2,,,
Silotrust,2,,,
Simrose,2,,,
Sino,2,,,
Siocare,2,,,
Sisbone,2,,,
Sisjoint,2,,,
Sitra,2,,,
Skinfay,2,,,
Snigzole,2,,,
Snorab,2,,,
Softeye,2,,,
Softmega,2,,,
Sonata,2,,,
Sonexol,2,,,
Spasmopriv,2,,,
Speed,2,,,
Spirex,2,,,
Spon,2,,,
Springup,2,,,
Stachi,2,,,
Stamace,2,,,
Steatoz,2,,,
Stelorab,2,,,
Stiffgon,2,,,
Stonvil,2,,,
Subitral,2,,,
Subsyde,2,,,
Suffix,2,,,
Supan,2,,,
Suplibel,2,,,
Surelite,2,,,
Surema,2,,,
Sydros,2,,,
Synerval,2,,,
Sysret,2,,,
Tacsant,2,,,
Tacva,2,,,
Takcel,2,,,
Talekt,2,,,
Talwar,2,,,
Tamegut,2,,,
Tamfil,2,,,
Tamgress,2,,,
Tamigain,2,,,
Tamlet,2,,,
Tampil,2,,,
Tamstream,2,,,
Tegoyes,2,,,
Temcal,2,,,
Temonat,2,,,
Tenactive,2,,,
Tendolia,2,,,
Tendolife,2,,,
Tendomax,2,,,
Terol,2,,,
Thalix,2,,,
Thickshoot,2,,,
Thioblis,2,,,
Thycad,2,,,
Thyrowel,2,,,
Tiam,2,,,
Timzid,2,,,
Tinavit,2,,,
Tinispore,2,,,
Tinnitod,2,,,
Toco,2,,,
Tocofil,2,,,
Tolerab,2,,,
Tolfen,2,,,
Topcal,2,,,
Topphyllin,2,,,
Topup,2,,,
Torq,2,,,
Toxeclean,2,,,
Toxique,2,,,
Toxopro,2,,,
Tracogold,2,,,
Trans,2,,,
Tresmox,2,,,
Tricho,2,,,
Tricobal,2,,,
Tricovin,2,,,
Trijoy,2,,,
Trinerve,2,,,
Triomega,2,,,
Triozac,2,,,
Troycal,2,,,
Trueceprol,2,,,
Tufacne,2,,,
Tumi,2,,,
Twichek,2,,,
Ubimaa,2,,,
Ubiren,2,,,
Ufirab,2,,,
Ulcerab,2,,,
Ulciwell,2,,,
Ulticomb,2,,,
Ultiguard,2,,,
Ultivit,2,,,
Unimyco,2,,,
Unipuff,2,,,
Urifast,2,,,
Urihigh,2,,,
Urinol,2,,,
Urisoft,2,,,
Uronex,2,,,
Urosone,2,,,
Urtiplex,2,,,
Uterone,2,,,
Utrogestan,2,,,
Vancepan,2,,,
Vascorac,2,,,
Vasovin,2,,,
Vatrizmed,2,,,
Vdm,2,,,
Vebiotic,2,,,
Veil,2,,,
Velvetrol,2,,,
Venex,2,,,
Vericolyte,2,,,
Vibel,2,,,
Vibrania,2,,,
Vibrox,2,,,
Vigomax,2,,,
Vilmist,2,,,
Vin,2,,,
Vitacover,2,,,
Vitalin,2,,,
Vitanxt,2,,,
Vitapanto,2,,,
Vitarex,2,,,
Vitastat,2,,,
Vitaswift,2,,,
Vitavan,2,,,
Vitomeet,2,,,
Vitoxy,2,,,
Vivaphylline,2,,,
Vivoz,2,,,
Vizitra,2,,,
Vogut,2,,,
Vonder,2,,,
Vrich,2,,,
Vrzcal,2,,,
Vyfat,2,,,
Waakano,2,,,
Walagest,2,,,
Welhart,2,,,
Weltive,2,,,
Whiteup,2,,,
Withenz,2,,,
Wokride,2,,,
Xemlin,2,,,
Xinin,2,,,
Xpep,2,,,
Xycovit,2,,,
Xydor,2,,,
Xylopan,2,,,
Yes,2,,,
Yesoppi,2,,,
Yogaros,2,,,
Yokizole,2,,,
Zelfol,2,,,
Zencopin,2,,,
Zenglobin,2,,,
Zeropraz,2,,,
Zerostiff,2,,,
Zestaplex,2,,,
Zestovit,2,,,
Zetco,2,,,
Zidovir,2,,,
Zifol,2,,,
Zinfe,2,,,
Zipant,2,,,
Zolinger,2,,,
Zonimid,2,,,
Zontopan,2,,,
Zosec,2,,,
Zosecta,2,,,
Zulcer,2,,,
Zuropraz,2,,,
Zyleno,2,,,
Zyprotic,2,,,
Detrusitol,2,,,
Lycogold,2,,,
Ostovit,2,,,
Autrin,2,,,
Sevenseas,2,,,
Malaria,2,,,
Center,2,,,
Ceregrow,2,,,
Certofix,2,,,
Krazy,2,,,
Cockroach,2,,,
Neowin,2,,,
Chokito,2,,,
Nilavembu,2,,,
Iris,2,,,
Onco,2,,,
Ventilator,2,,,
Clara,2,,,
Thermometer,2,,,
Cavtery,2,,,
Teq,2,,,
Infi,2,,,
Ansuya,2,,,
Artiflex,2,,,
Bactigras,2,,,
Cola,2,,,
Dynacast,2,,,
Dynaplast,2,,,
Exteena,2,,,
Gypsona,2,,,
Opraflex,2,,,
Io,2,,,
Jayvee,2,,,
Novacast,2,,,
Polymed,2,,,
Scadrez,2,,,
Wrapping,2,,,
Discofix,2,,,
Colobag,2,,,
Coloplast,2,,,
Colours,2,,,
Hairsoft,2,,,
Triflow,2,,,
Love,2,,,
Masti,2,,,
Sawan,2,,,
Xplay,2,,,
Corn,2,,,
Corncaps,2,,,
Shoe,2,,,
Adit,2,,,
Adoraphil,2,,,
Aloekin,2,,,
Alograce,2,,,
Alverise,2,,,
Amortas,2,,,
Amrfy,2,,,
Amrobrut,2,,,
Amrolmac,2,,,
Amrosys,2,,,
Ano,2,,,
Ansolar,2,,,
Antiderm,2,,,
Aquahold,2,,,
Aqualab,2,,,
Arshonyt,2,,,
Atomist,2,,,
Avolite,2,,,
Azobril,2,,,
Ban,2,,,
Bdluli,2,,,
Belglow,2,,,
Bestopic,2,,,
Betgenta,2,,,
Biocutis,2,,,
Bisalya,2,,,
Blushway,2,,,
Bombae,2,,,
Borosoft,2,,,
Botanica,2,,,
Brevoxyl,2,,,
Brimollient,2,,,
Bristaa,2,,,
Burnosaf,2,,,
Calendula,2,,,
Candifem,2,,,
Canzol,2,,,
Cebate,2,,,
Centis,2,,,
Cenvit,2,,,
Cerasoft,2,,,
Chooz,2,,,
Clarina,2,,,
Clenz,2,,,
Clinskin,2,,,
Clobal,2,,,
Clobeta,2,,,
Clomeris,2,,,
Clopad,2,,,
Clorash,2,,,
Clotreat,2,,,
Clotrisil,2,,,
Cobeta,2,,,
Cortent,2,,,
Crack,2,,,
Crema,2,,,
Crolibest,2,,,
Cuticare,2,,,
Cutizone,2,,,
Daskil,2,,,
Deepsoft,2,,,
Dektop,2,,,
Dermet,2,,,
Dermogard,2,,,
Dermotriad,2,,,
Desoadd,2,,,
Desosoft,2,,,
Dewhance,2,,,
Dewmoist,2,,,
Dexoderm,2,,,
Diaper,2,,,
Dispel,2,,,
Dremz,2,,,
Ebeezol,2,,,
Ebercare,2,,,
Ebercos,2,,,
Ebermac,2,,,
Eclospan,2,,,
Elements,2,,,
Elucyz,2,,,
Emcloriz,2,,,
Emketo,2,,,
Emluz,2,,,
Emolene,2,,,
Epitheliale,2,,,
Escot,2,,,
Esm,2,,,
Essge,2,,,
Eumosone,2,,,
Evalite,2,,,
Evera,2,,,
Execare,2,,,
Facicare,2,,,
Fheal,2,,,
Flonida,2,,,
Flusid,2,,,
Fluskin,2,,,
Fluzema,2,,,
Four,2,,,
Ft,2,,,
Fusi,2,,,
Fungitop,2,,,
Fusidic,2,,,
Fusirose,2,,,
Fuzinix,2,,,
Gentalene,2,,,
Gentopic,2,,,
Germbeta,2,,,
Gladcort,2,,,
Gladsoft,2,,,
Glocutis,2,,,
Glomed,2,,,
Glowel,2,,,
Habeta,2,,,
Halonova,2,,,
Halotide,2,,,
Havglo,2,,,
Heptaderm,2,,,
Hidrate,2,,,
Hirudal,2,,,
Hirudoid,2,,,
Hq,2,,,
Hydranet,2,,,
Ilumax,2,,,
Jubare,2,,,
Kenozole,2,,,
Ketazem,2,,,
Ketopath,2,,,
Ketoven,2,,,
Klinoderm,2,,,
Klotree,2,,,
Kojisoft,2,,,
Kozicare,2,,,
Koziclin,2,,,
Kozimax,2,,,
Kzoft,2,,,
Lilyfast,2,,,
Lipidz,2,,,
Lipz,2,,,
Liquin,2,,,
Lofatin,2,,,
Logifin,2,,,
Lu,2,,,
Lucee,2,,,
Lucrush,2,,,
Ludel,2,,,
Luhon,2,,,
Lulee,2,,,
Lulemi,2,,,
Luli,2,,,
Lulicute,2,,,
Lulider,2,,,
Lulifaze,2,,,
Lulifresh,2,,,
Luligard,2,,,
Lulimed,2,,,
Lulimit,2,,,
Lulinol,2,,,
Luliz,2,,,
Lulizone,2,,,
Lumiza,2,,,
Lunabet,2,,,
Lunoid,2,,,
Luriv,2,,,
Lutica,2,,,
Magic,2,,,
Maquasil,2,,,
Mayaderm,2,,,
Megasept,2,,,
Melas,2,,,
Metacortil,2,,,
Miclogenta,2,,,
Micogel,2,,,
Micona,2,,,
Moduderm,2,,,
Mofort,2,,,
Moisawave,2,,,
Moist,2,,,
Moistder,2,,,
Momenta,2,,,
Momin,2,,,
Mone,2,,,
Moyzen,2,,,
Mupinase,2,,,
Mycobloc,2,,,
Myket,2,,,
Mytret,2,,,
Naurish,2,,,
Nixoderm,2,,,
Noxa,2,,,
Nupermy,2,,,
Oatkin,2,,,
Occlu,2,,,
Olamin,2,,,
Onetone,2,,,
Oxicojen,2,,,
Oxobid,2,,,
Ozefit,2,,,
Ozewid,2,,,
Ozone,2,,,
Ozx,2,,,
Paedisone,2,,,
Papulex,2,,,
Perlice,2,,,
Pernil,2,,,
Picon,2,,,
Picspot,2,,,
Pigmin,2,,,
Pigmocare,2,,,
Pinkquin,2,,,
Podine,2,,,
Praise,2,,,
Pregnacream,2,,,
Pretibenzyl,2,,,
Prisben,2,,,
Proctosedyl,2,,,
Propyzole,2,,,
Purelite,2,,,
Quadriderm,2,,,
Quadriline,2,,,
Queliderm,2,,,
Rashfree,2,,,
Raysone,2,,,
Renewcell,2,,,
Resdermovate,2,,,
Retop,2,,,
Reviderm,2,,,
Revitress,2,,,
Rexinate,2,,,
Riser,2,,,
Rovate,2,,,
Roxisoft,2,,,
Salical,2,,,
Scabi,2,,,
Scarab,2,,,
Sebolin,2,,,
Seraclob,2,,,
Seraglow,2,,,
Sercos,2,,,
Seriva,2,,,
Sertaford,2,,,
Sertoz,2,,,
Siloderm,2,,,
Skinbless,2,,,
Skindid,2,,,
Skinset,2,,,
Skinurge,2,,,
Slvrgen,2,,,
Solecare,2,,,
Solglo,2,,,
Solnate,2,,,
Spectraban,2,,,
Spf,2,,,
Staymoist,2,,,
Suncote,2,,,
Sunkroma,2,,,
Supamove,2,,,
Taiyu,2,,,
Tcris,2,,,
Tef,2,,,
Terabet,2,,,
Terbikem,2,,,
Terbinalarc,2,,,
Terbinext,2,,,
Terbithan,2,,,
Terefin,2,,,
Tergosil,2,,,
Texlite,2,,,
Topibrite,2,,,
Trebor,2,,,
Triglow,2,,,
Triqua,2,,,
Tronin,2,,,
Tufderm,2,,,
Ultrabrite,2,,,
Vagi,2,,,
Valbet,2,,,
Valerate,2,,,
Vitavera,2,,,
Whitetone,2,,,
Xerolene,2,,,
Xtralite,2,,,
Yapisoft,2,,,
Yugard,2,,,
Zad,2,,,
Zimba,2,,,
Zimig,2,,,
Zoflut,2,,,
Zolive,2,,,
Zypovid,2,,,
Sputum,2,,,
Curomed,2,,,
Cyclifol,2,,,
10d,2,,,
4d,2,,,
Danko,2,,,
Mannitol,2,,,
Aluetta,2,,,
Home,2,,,
Livarise,2,,,
Lupihaler,2,,,
Machaler,2,,,
Novopen,2,,,
Osteofrac,2,,,
Revolizer,2,,,
Rheohaler,2,,,
Ryles,2,,,
Semaglyn,2,,,
Semanext,2,,,
Speci,2,,,
Stethoscope,2,,,
Weighing,2,,,
Dikamali,2,,,
Dock,2,,,
Ricetral,2,,,
Doloket,2,,,
Ofloren,2,,,
Optipres,2,,,
Abc,2,,,
Abpress,2,,,
Accumist,2,,,
Accunac,2,,,
Accure,2,,,
Acetik,2,,,
Actamid,2,,,
Acular,2,,,
Afebrex,2,,,
Alcarex,2,,,
Alerchek,2,,,
Alertus,2,,,
Algic,2,,,
Ambrid,2,,,
Amnocin,2,,,
Andre,2,,,
Aqualube,2,,,
Aquasurge,2,,,
Ara,2,,,
Auristillae,2,,,
Avanep,2,,,
Awarene,2,,,
Azelast,2,,,
Beipos,2,,,
Bimaday,2,,,
Biosone,2,,,
Brezee,2,,,
Brimodin,2,,,
Brimopress,2,,,
Brimosun,2,,,
Brinmide,2,,,
Brinzox,2,,,
Candor,2,,,
Casicold,2,,,
Caspa,2,,,
Catalyd,2,,,
Cellusoothe,2,,,
Cellwet,2,,,
Cholrays,2,,,
Cibrim,2,,,
Ciprova,2,,,
Clearnoz,2,,,
Coldlarc,2,,,
Coldmine,2,,,
Coliped,2,,,
Compreflox,2,,,
Compu,2,,,
Coolmist,2,,,
Cos,2,,,
Coscoril,2,,,
Cromal,2,,,
Cyclo,2,,,
Cynq,2,,,
Decomic,2,,,
Delpocalm,2,,,
Delzoc,2,,,
Depura,2,,,
Dexacort,2,,,
Dhup,2,,,
Diconal,2,,,
Disnee,2,,,
Doprost,2,,,
Dorsenz,2,,,
Dorsun,2,,,
Drizova,2,,,
Du,2,,,
Duo,2,,,
Duobrim,2,,,
Duralub,2,,,
Ecogram,2,,,
Efcorlin,2,,,
Encarmin,2,,,
Enlube,2,,,
Epilube,2,,,
Exocin,2,,,
Exotic,2,,,
Extifer,2,,,
Extralube,2,,,
Ferinest,2,,,
Ferron,2,,,
Fifty,2,,,
Floace,2,,,
Flomex,2,,,
Flotrust,2,,,
Floximox,2,,,
Flur,2,,,
Flurodrops,2,,,
Fluzar,2,,,
Folictin,2,,,
Freshwyn,2,,,
Frutcee,2,,,
Genteal,2,,,
Gflotas,2,,,
Grivita,2,,,
Gum,2,,,
Halosite,2,,,
Healtears,2,,,
Hicool,2,,,
Higati,2,,,
Hmc,2,,,
Hm,2,,,
Hyane,2,,,
Hydroeyes,2,,,
Hypersenz,2,,,
Hypersol,2,,,
Hysoft,2,,,
Hytak,2,,,
Icyfresh,2,,,
Iomet,2,,,
Iqnorm,2,,,
Isotine,2,,,
Itral,2,,,
Jaldhos,2,,,
Jaldos,2,,,
Jascovit,2,,,
Jeskof,2,,,
Ketolac,2,,,
Klinear,2,,,
Lacrifon,2,,,
Lacrivisc,2,,,
Lanol,2,,,
Latears,2,,,
Latocom,2,,,
Latoduce,2,,,
Latoprost,2,,,
Latutis,2,,,
Lemo,2,,,
Lemocold,2,,,
Leos,2,,,
Lidozone,2,,,
Loc,2,,,
Lorinol,2,,,
Lot,2,,,
Lotechek,2,,,
Lotemp,2,,,
Loteplain,2,,,
Lotesurge,2,,,
Lubrimed,2,,,
Lumigan,2,,,
Maxmoist,2,,,
Medinoze,2,,,
Mixbiotic,2,,,
Mlobe,2,,,
Mofag,2,,,
Mofresh,2,,,
Moisol,2,,,
Moss,2,,,
Moxam,2,,,
Moxi,2,,,
Moxieye,2,,,
Moxiflaks,2,,,
Moximoxi,2,,,
Moxishield,2,,,
Moxve,2,,,
Mucoris,2,,,
Multiorbit,2,,,
Myclin,2,,,
Mydryn,2,,,
Mytify,2,,,
Nanoferol,2,,,
Nasoril,2,,,
Nazodrop,2,,,
Nepablu,2,,,
Nepaflam,2,,,
Nepastar,2,,,
Nepatle,2,,,
Nepavac,2,,,
Nextane,2,,,
Nextob,2,,,
Nimol,2,,,
Nolatoux,2,,,
Nosylin,2,,,
Nubon,2,,,
Nuflucon,2,,,
Ocepred,2,,,
Ocudor,2,,,
Oculact,2,,,
Ocumoist,2,,,
Ofax,2,,,
Oflona,2,,,
Ofloxasil,2,,,
Oloplus,2,,,
Olotak,2,,,
Olotop,2,,,
Oltef,2,,,
Onemox,2,,,
Opacia,2,,,
Optichlor,2,,,
Opticool,2,,,
Oraxin,2,,,
Orecure,2,,,
Otilan,2,,,
Otocil,2,,,
Otodac,2,,,
Otofungin,2,,,
Otogesic,2,,,
Oxina,2,,,
Oxop,2,,,
Oxytazel,2,,,
Patif,2,,,
Patvira,2,,,
Pedic,2,,,
Pegtears,2,,,
Pentol,2,,,
Pepticaine,2,,,
Phen,2,,,
Pred,2,,,
Prednate,2,,,
Prednisolone,2,,,
Privent,2,,,
Protectis,2,,,
Pyricort,2,,,
Rehylo,2,,,
Reinstall,2,,,
Reliclear,2,,,
Relub,2,,,
Renofresh,2,,,
Restasis,2,,,
Resync,2,,,
Retentio,2,,,
Rhine,2,,,
Rinostat,2,,,
Ripatec,2,,,
Saflutan,2,,,
Salin,2,,,
Sayfer,2,,,
Soferi,2,,,
Soline,2,,,
Solodex,2,,,
Sono,2,,,
Spasmindon,2,,,
Stexo,2,,,
Synca,2,,,
Tamigen,2,,,
Tearlub,2,,,
Tearmist,2,,,
Tervion,2,,,
Timo,2,,,
Timolina,2,,,
Tobastar,2,,,
Tobra,2,,,
Tobrawin,2,,,
Tobrex,2,,,
Total,2,,,
Travo,2,,,
Travoflo,2,,,
Travoprostin,2,,,
Travstar,2,,,
Trehalube,2,,,
Trehamoist,2,,,
Tropac,2,,,
Tropicamet,2,,,
Ujala,2,,,
Ventyl,2,,,
Vyosoft,2,,,
Wellbaby,2,,,
Wellmicro,2,,,
Xovatra,2,,,
Xyleer,2,,,
Xylogile,2,,,
Xylomist,2,,,
Xyloris,2,,,
Yamoo,2,,,
Zaha,2,,,
Zinco,2,,,
Zioral,2,,,
Zivifresh,2,,,
Zoptina,2,,,
Zylo,2,,,
Zymar,2,,,
Zymosaf,2,,,
Pelvic,2,,,
Multiload,2,,,
Eclipse,2,,,
Crescent,2,,,
Dermoflan,2,,,
Dolowhite,2,,,
Laxivent,2,,,
Endo,2,,,
Equinox,2,,,
Ambrozed,2,,,
Exiplon,2,,,
Iritros,2,,,
Plurasun,2,,,
Salmodil,2,,,
Tuscolarc,2,,,
Ventisol,2,,,
Extrafer,2,,,
Mo,2,,,
Feather,2,,,
Feeding,2,,,
Perifix,2,,,
Gibson,2,,,
Cortaz,2,,,
Gil,2,,,
Mesalo,2,,,
Folly,2,,,
Closed,2,,,
Vaccu,2,,,
Ej,2,,,
Batook,2,,,
Leaderflex,2,,,
Agidine,2,,,
Alkathymol,2,,,
Cg,2,,,
Feelfresh,2,,,
Povifine,2,,,
Povitotal,2,,,
Accura,2,,,
Aclind,2,,,
Acneclin,2,,,
Acnedap,2,,,
Acnelarc,2,,,
Adacin,2,,,
Adalene,2,,,
Alesa,2,,,
Anabel,2,,,
Ap,2,,,
Apalene,2,,,
Augmexin,2,,,
Balinext,2,,,
Bengel,2,,,
Benlite,2,,,
Berox,2,,,
Blise,2,,,
Capsitop,2,,,
Chymodol,2,,,
Cira,2,,,
Clarisa,2,,,
Clenora,2,,,
Clenorush,2,,,
Cliac,2,,,
Click,2,,,
Clindot,2,,,
Clinmax,2,,,
Clinxa,2,,,
Cogin,2,,,
Cremagel,2,,,
Cutishine,2,,,
Daktarin,2,,,
Dermina,2,,,
Desquamar,2,,,
Diaquo,2,,,
Diclomove,2,,,
Diclotreat,2,,,
Dornac,2,,,
Duoact,2,,,
Dynaflam,2,,,
Ecoxib,2,,,
Eugraf,2,,,
Exa,2,,,
Facitinib,2,,,
Femgesic,2,,,
Fulcrum,2,,,
Gabaqor,2,,,
Gabaquil,2,,,
Gabawish,2,,,
Glintra,2,,,
Glocin,2,,,
Gorgeus,2,,,
Gufigest,2,,,
Gumloc,2,,,
Heal,2,,,
Healace,2,,,
Hemolock,2,,,
Hf,2,,,
Hyalugel,2,,,
Hygina,2,,,
Ins3activ,2,,,
Jakauto,2,,,
Kiwifenac,2,,,
Kojitin,2,,,
Kozel,2,,,
Kwik,2,,,
Locomo,2,,,
Lubic,2,,,
Lupident,2,,,
Mc,2,,,
Meganano,2,,,
Meladel,2,,,
Mispain,2,,,
Monnisan,2,,,
Movnflex,2,,,
Muscodac,2,,,
Myface,2,,,
Myolax,2,,,
Nacdol,2,,,
Nanofast,2,,,
Nausifar,2,,,
Nilac,2,,,
Nioclean,2,,,
Nirvalyte,2,,,
Nuface,2,,,
Nusil,2,,,
Omni,2,,,
Onpar,2,,,
Ontac,2,,,
Orabliss,2,,,
Oracool,2,,,
Oracure,2,,,
Pace,2,,,
Pangnor,2,,,
Papix,2,,,
Percuna,2,,,
Pernex,2,,,
Pernox,2,,,
Peroclin,2,,,
Plermin,2,,,
Powerflam,2,,,
Progivian,2,,,
Pyrovitis,2,,,
Quadrajel,2,,,
Ra,2,,,
Rajwadi,2,,,
Relivia,2,,,
Relyte,2,,,
Renew,2,,,
Revclin,2,,,
Rolosol,2,,,
Saliac,2,,,
Scanil,2,,,
Sebalex,2,,,
Sebodel,2,,,
Sebum,2,,,
Shape,2,,,
Slanac,2,,,
Smilogel,2,,,
Sore,2,,,
Sunakt,2,,,
Sunblock,2,,,
Sunkare,2,,,
Sunprotek,2,,,
Supatret,2,,,
Swelinex,2,,,
Synergic,2,,,
Tebif,2,,,
Tentex,2,,,
Thio,2,,,
Thiox,2,,,
Uvhold,2,,,
Uvmed,2,,,
Uvicoz,2,,,
Virson,2,,,
Yaclin,2,,,
Yuvinie,2,,,
Zebor,2,,,
Zityoke,2,,,
Zyrophil,2,,,
Cavinkare,2,,,
Halls,2,,,
Mirakul,2,,,
Penorub,2,,,
Sona,2,,,
Tissue,2,,,
Geofit,2,,,
Gluter,2,,,
Actmin,2,,,
Alloes,2,,,
Apna,2,,,
Aristo,2,,,
Ashwagandhadi,2,,,
Barium,2,,,
Bharat,2,,,
Climax,2,,,
Corto,2,,,
Deers,2,,,
Denturite,2,,,
Dharasana,2,,,
Doritos,2,,,
Elois,2,,,
Enfagrow,2,,,
Epsom,2,,,
Eyetex,2,,,
Farooky,2,,,
Ferradol,2,,,
Florozone,2,,,
Flying,2,,,
Fybogel,2,,,
Galaxy,2,,,
Glowher,2,,,
Huda,2,,,
Huemoid,2,,,
Ichthammol,2,,,
Indomie,2,,,
Kabasura,2,,,
Kamal,2,,,
Karachis,2,,,
Kesri,2,,,
Kinderjoy,2,,,
Kushal,2,,,
Lime,2,,,
Lip,2,,,
Lite,2,,,
Lumise,2,,,
Mamaerth,2,,,
Mamas,2,,,
Mcvities,2,,,
Megadine,2,,,
Moimax,2,,,
Nepro,2,,,
Nescafe,2,,,
Netraprabha,2,,,
Nityam,2,,,
Nutren,2,,,
Panchsakar,2,,,
Pond,2,,,
Prozuca,2,,,
Rangoli,2,,,
Ratol,2,,,
Recupex,2,,,
Sensitran,2,,,
Shahnaz,2,,,
Sharly,2,,,
Shushu,2,,,
Steriderm,2,,,
Suntris,2,,,
Swift,2,,,
Thanda,2,,,
Ultraseal,2,,,
Vanitha,2,,,
Voltaren,2,,,
Zor,2,,,
Ceremeal,2,,,
Sastid,2,,,
Constichek,2,,,
Download,2,,,
Fibrocus,2,,,
Lactihusk,2,,,
Lactonic,2,,,
Laxitol,2,,,
Limiron,2,,,
Satavarex,2,,,
Eryscreen,2,,,
Guedal,2,,,
Alright,2,,,
Half,2,,,
Healing,2,,,
Sanctband,2,,,
Hand,2,,,
A2h,2,,,
Hilon,2,,,
C3h,2,,,
Hyal,2,,,
P2ih,2,,,
Meril,2,,,
Durapore,2,,,
Scotchcast,2,,,
Unipore,2,,,
Forcep,2,,,
Scissors,2,,,
Indus,2,,,
Nutriflex,2,,,
Sevura,2,,,
Becoride,2,,,
Fluticort,2,,,
Salmecort,2,,,
Serobid,2,,,
Tioform,2,,,
Tiomist,2,,,
Trimium,2,,,
Abhayrab,2,,,
Actamase,2,,,
Actrapid,2,,,
Alcofix,2,,,
Alcomax,2,,,
Alterme,2,,,
Ambistryn,2,,,
Amicin,2,,,
Amigo,2,,,
Amiject,2,,,
Amikind,2,,,
Aminophylline,2,,,
Aminoven,2,,,
Amitax,2,,,
Anaspas,2,,,
Aneket,2,,,
Anuclav,2,,,
Aplevant,2,,,
Aq,2,,,
Aqsusten,2,,,
Aquagest,2,,,
Artacil,2,,,
Augplat,2,,,
Azenam,2,,,
Basaglar,2,,,
Benzosed,2,,,
Benzyl,2,,,
Bharglob,2,,,
Biocef,2,,,
Bionesp,2,,,
Biotum,2,,,
Biovorin,2,,,
Botox,2,,,
Botropase,2,,,
Butrum,2,,,
Byetta,2,,,
Caboprost,2,,,
Calmpose,2,,,
Caprin,2,,,
Caremox,2,,,
Cebacef,2,,,
Cefaxone,2,,,
Cetrolix,2,,,
Cibifer,2,,,
Citilamp,2,,,
Citinerz,2,,,
Claricap,2,,,
Clarikon,2,,,
Clinalax,2,,,
Clind,2,,,
Clindalin,2,,,
Clindanex,2,,,
Clindaray,2,,,
Clonerz,2,,,
Coehmg,2,,,
Cognistar,2,,,
Cogniza,2,,,
Coly,2,,,
Corion,2,,,
Cort,2,,,
Cytax,2,,,
Dano,2,,,
Darba,2,,,
Darbecure,2,,,
Darbitop,2,,,
Decdan,2,,,
Deghor,2,,,
Dexalab,2,,,
Dexasone,2,,,
Dexmedine,2,,,
Dexona,2,,,
Dextomid,2,,,
Dolmicef,2,,,
Doloforce,2,,,
Doximax,2,,,
Dpstat,2,,,
Effcm,2,,,
Eligard,2,,,
Emrok,2,,,
Enbrel,2,,,
Encifer,2,,,
Enclex,2,,,
Endokine,2,,,
Enfiera,2,,,
Enoclot,2,,,
Encoxel,2,,,
Enoxaflo,2,,,
Enoxatil,2,,,
Enoxatroy,2,,,
Epiclos,2,,,
Epidosin,2,,,
Epime,2,,,
Epocord,2,,,
Epofer,2,,,
Eponef,2,,,
Eporise,2,,,
Epotrend,2,,,
Erly,2,,,
Erykine,2,,,
Erytrust,2,,,
Esmo,2,,,
Eutrig,2,,,
Everan,2,,,
Falcigo,2,,,
Falnic,2,,,
Fanemia,2,,,
Fcn,2,,,
Feforon,2,,,
Fejet,2,,,
Ferisome,2,,,
Feritas,2,,,
Ferri,2,,,
Firstmol,2,,,
Floparin,2,,,
Foligraf,2,,,
Folpill,2,,,
Fondaflo,2,,,
Fondared,2,,,
Fondazest,2,,,
Forzid,2,,,
Fosfona,2,,,
Fulsed,2,,,
Gardasil,2,,,
Gliptoza,2,,,
Gltico,2,,,
Gmh,2,,,
Grafeel,2,,,
Granicip,2,,,
Graniset,2,,,
Grastim,2,,,
Guficap,2,,,
Gvanco,2,,,
Gynogen,2,,,
Ha,2,,,
Halecef,2,,,
Hemofic,2,,,
Hepabig,2,,,
Histoglob,2,,,
Homoject,2,,,
Hospisunate,2,,,
Influvac,2,,,
Insulatard,2,,,
Insutage,2,,,
Intacept,2,,,
Intralipid,2,,,
Invanz,2,,,
Irny,2,,,
Isanerve,2,,,
Isoflurane,2,,,
Isogest,2,,,
Iviglob,2,,,
Izyflam,2,,,
Juvobin,2,,,
Kabidarba,2,,,
Lablol,2,,,
Lacarnit,2,,,
Laricef,2,,,
Larinate,2,,,
Larinox,2,,,
Leuprosta,2,,,
Lignox,2,,,
Liziva,2,,,
Lomocare,2,,,
Lomoh,2,,,
Lomorin,2,,,
Loparin,2,,,
Lori,2,,,
Lowcap,2,,,
Lyumjev,2,,,
Mabtas,2,,,
Magnamycin,2,,,
Magnova,2,,,
Mashema,2,,,
Mashlo,2,,,
Maxiliv,2,,,
Maximax,2,,,
Maxinem,2,,,
Mecomin,2,,,
Medogesic,2,,,
Menotas,2,,,
Mernios,2,,,
Merocer,2,,,
Merocrit,2,,,
Meronem,2,,,
Meropenol,2,,,
Meropez,2,,,
Merotec,2,,,
Merotiva,2,,,
Merozact,2,,,
Merozyl,2,,,
Merrobe,2,,,
Metadec,2,,,
Methergin,2,,,
Mikanex,2,,,
Mikatax,2,,,
Mitomycin,2,,,
Mixogen,2,,,
Mucyst,2,,,
Multivit,2,,,
Myostigmin,2,,,
Necobac,2,,,
Nefcm,2,,,
Nefita,2,,,
Nefvit,2,,,
Neoctide,2,,,
Neorof,2,,,
Neosurf,2,,,
Neovec,2,,,
Neph,2,,,
Nervit,2,,,
Netromax,2,,,
Netspan,2,,,
Neurospire,2,,,
Nexa,2,,,
Nexicef,2,,,
Nitroplus,2,,,
Noxaparin,2,,,
Noxvin,2,,,
Nozia,2,,,
Nugon,2,,,
Neukine,2,,,
Nukovax,2,,,
Nurite,2,,,
Nurostar,2,,,
Obeda,2,,,
Ol,2,,,
Olymviq,2,,,
Ondamac,2,,,
Origen,2,,,
Oritaxim,2,,,
Osteotide,2,,,
Ovitrop,2,,,
Ovufol,2,,,
Ovugraf,2,,,
Ovunal,2,,,
Ovutrig,2,,,
Oxaltero,2,,,
Oxoneg,2,,,
Paincom,2,,,
Palutor,2,,,
Pantagoli,2,,,
Para,2,,,
Pazolab,2,,,
Pdvac,2,,,
Pegasta,2,,,
Pegstim,2,,,
Pencom,2,,,
Penidure,2,,,
Penmer,2,,,
Pentaloc,2,,,
Phenpres,2,,,
Pipnex,2,,,
Piptaz,2,,,
Pipzotaz,2,,,
Pluvit,2,,,
Pnac,2,,,
Pneumoclav,2,,,
Poly,2,,,
Pregmuch,2,,,
Prevenar,2,,,
Profol,2,,,
Proluton,2,,,
Pronerve,2,,,
Prostodin,2,,,
Pulmosil,2,,,
Puregraf,2,,,
Pyronem,2,,,
Rabewill,2,,,
Ranbiotic,2,,,
Rapifer,2,,,
Rbc,2,,,
Recalvin,2,,,
Recef,2,,,
Regeparin,2,,,
Renemia,2,,,
Repomia,2,,,
Revotaz,2,,,
Rhoclone,2,,,
Romiset,2,,,
Romy,2,,,
Ryzodeg,2,,,
Salmoncal,2,,,
Sandostatin,2,,,
Sema,2,,,
Sitrodin,2,,,
Smofkabiven,2,,,
Smoflipid,2,,,
Spasmonorm,2,,,
Staphonex,2,,,
Stemetil,2,,,
Sulbacin,2,,,
Sundae,2,,,
Supridol,2,,,
Survanta,2,,,
Sustanon,2,,,
Synflorix,2,,,
Targocid,2,,,
Tazep,2,,,
Tazoter,2,,,
Teripro,2,,,
Testoviron,2,,,
Tgnios,2,,,
Themifent,2,,,
Thianeu,2,,,
Thiosol,2,,,
Thiotres,2,,,
Thrombokem,2,,,
Tobraneg,2,,,
Tosiban,2,,,
Toujeo,2,,,
Tramadin,2,,,
Tramasure,2,,,
Tresiba,2,,,
Trineurosol,2,,,
Tritanrix,2,,,
Trontis,2,,,
Troponac,2,,,
Troycurium,2,,,
Troypofol,2,,,
Trulicity,2,,,
Tufe,2,,,
Uniprogestin,2,,,
Urografin,2,,,
Usema,2,,,
Vanchrocin,2,,,
Vancogram,2,,,
Vansafe,2,,,
Vantox,2,,,
Viatran,2,,,
Viboliv,2,,,
Vomisave,2,,,
Vorier,2,,,
Voritek,2,,,
Vorizol,2,,,
Waydec,2,,,
Wiltaz,2,,,
Wincobal,2,,,
Xoy,2,,,
Xtum,2,,,
Xylistin,2,,,
Xylomonas,2,,,
Zefotax,2,,,
Zekacin,2,,,
Zinocaine,2,,,
Zoladex,2,,,
Zynesp,2,,,
Ioban,2,,,
Auximin,2,,,
Celemin,2,,,
Fructodex,2,,,
Immunorel,2,,,
Isolyte,2,,,
Linid,2,,,
Linox,2,,,
Lizowill,2,,,
Ornida,2,,,
Rallidex,2,,,
Retol,2,,,
Stoplos,2,,,
Ultravist,2,,,
Japakusum,2,,,
Camipro,2,,,
Neogain,2,,,
Pankajakasturi,2,,,
Protichem,2,,,
Womens,2,,,
Cc8,2,,,
Coloprep,2,,,
Crisanta,2,,,
Divacon,2,,,
Intimacy,2,,,
Medengest,2,,,
Mifegest,2,,,
Nasowash,2,,,
Netiwash,2,,,
Ova,2,,,
Sinopure,2,,,
Tkr,2,,,
Yamini,2,,,
Klik,2,,,
Kompact,2,,,
Airopap,2,,,
Cheetah,2,,,
Glenshield,2,,,
Hansafe,2,,,
Indizen,2,,,
Kesuda,2,,,
Magus,2,,,
Medwin,2,,,
Prolud,2,,,
Semuns,2,,,
Tongue,2,,,
7,2,,,
Lancets,2,,,
Anklets,2,,,
Suspensory,2,,,
Laryngeal,2,,,
7layer,2,,,
Moringa,2,,,
10,2,,,
Q4lic,2,,,
Liga,2,,,
Doil,2,,,
Endpin,2,,,
Lorlin,2,,,
Myolab,2,,,
Orthocure,2,,,
Vatari,2,,,
Alotin,2,,,
Dhatri,2,,,
Electrorite,2,,,
Gention,2,,,
Glycoseptol,2,,,
Grocapix,2,,,
Guard,2,,,
Gutpro,2,,,
Gutwash,2,,,
Halothane,2,,,
Hempushpa,2,,,
Jambavasava,2,,,
Joshina,2,,,
Kanakasava,2,,,
Keratex,2,,,
Kumari,2,,,
Madiphala,2,,,
Mahavishgarbha,2,,,
Mediclor,2,,,
Melsoma,2,,,
Mulmina,2,,,
Narayan,2,,,
Neat,2,,,
Oralyte,2,,,
Orscare,2,,,
Paripathadi,2,,,
Pegicol,2,,,
Prodiof,2,,,
Protectol,2,,,
Redenser,2,,,
Rhuma,2,,,
Skinetics,2,,,
Smulax,2,,,
Sulphuric,2,,,
Trident,2,,,
Vanish,2,,,
Vidangarishta,2,,,
Zycafy,2,,,
Liveeasy,2,,,
Jas,2,,,
Adril,2,,,
Amwisal,2,,,
Angel,2,,,
Apifil,2,,,
Aquaminol,2,,,
Avedew,2,,,
Aziclear,2,,,
Beclo,2,,,
Betanex,2,,,
Betapro,2,,,
Calacare,2,,,
Caladoux,2,,,
Calaminol,2,,,
Calinex,2,,,
Calitch,2,,,
Calminox,2,,,
Calomoist,2,,,
Calotop,2,,,
Camdew,2,,,
Capidense,2,,,
Celidac,2,,,
Cetaklin,2,,,
Cetrimide,2,,,
Clinsure,2,,,
Clotrol,2,,,
Csac,2,,,
Curlz,2,,,
Cuties,2,,,
Cutinix,2,,,
Deleuco,2,,,
Dermocalm,2,,,
Dermoist,2,,,
Dewgain,2,,,
Dipren,2,,,
Diprosal,2,,,
Eleesa,2,,,
Emodel,2,,,
Endruff,2,,,
Entice,2,,,
Epiclin,2,,,
Foligain,2,,,
Fungicide,2,,,
Fytofin,2,,,
Galvate,2,,,
Gamaderm,2,,,
Gamamed,2,,,
Glo,2,,,
Glotamin,2,,,
Glybest,2,,,
Hairex,2,,,
Him,2,,,
Histacalamine,2,,,
Histocalamine,2,,,
Humedo,2,,,
Hydrilla,2,,,
Hymos,2,,,
Intiwash,2,,,
Itchcal,2,,,
Iver,2,,,
Jivito,2,,,
Kentruff,2,,,
Kerasol,2,,,
Ketoz,2,,,
Lactacyd,2,,,
Lc,2,,,
Livalite,2,,,
Loprolif,2,,,
Medisoft,2,,,
Melcyl,2,,,
Metrosalic,2,,,
Mhg,2,,,
Minotress,2,,,
Minoxytop,2,,,
Moistdew,2,,,
Neutriderm,2,,,
Nixiper,2,,,
Noscab,2,,,
Numoist,2,,,
Permilin,2,,,
Pilogro,2,,,
Pilomin,2,,,
Prucal,2,,,
Prunix,2,,,
Putron,2,,,
Saldan,2,,,
Saltopic,2,,,
Scabigon,2,,,
Screene,2,,,
Shade,2,,,
Shadowz,2,,,
Skinspa,2,,,
Sunprotect,2,,,
Sungrace,2,,,
Tarich,2,,,
Terbimax,2,,,
Topsor,2,,,
Turmoize,2,,,
Ultitar,2,,,
Ultrablock,2,,,
Veracal,2,,,
Wart,2,,,
Wartsrub,2,,,
Yamoist,2,,,
Zolvera,2,,,
Lotte,2,,,
Clogen,2,,,
Pancha,2,,,
Respijoy,2,,,
Douche,2,,,
20m,2,,,
Apso,2,,,
Bonfix,2,,,
Genumedi,2,,,
Height,2,,,
Innovaplast,2,,,
Jk,2,,,
Optee,2,,,
Phoenix,2,,,
Primefixo,2,,,
Smartaid,2,,,
Suraksha,2,,,
Topban,2,,,
Tricofix,2,,,
Rajratna,2,,,
Cvp,2,,,
Maternity,2,,,
Surgeon,2,,,
Rhinocort,2,,,
Medicath,2,,,
Easyfix,2,,,
Medical,2,,,
Nitrile,2,,,
Vaporiser,2,,,
Mersuters,2,,,
Aspitrate,2,,,
Champix,2,,,
Glifil,2,,,
Nupatch,2,,,
Polytorva,2,,,
Urgendol,2,,,
Microporous,2,,,
Mini,2,,,
Kiwi,2,,,
Mis,2,,,
Accuvet,2,,,
Ajmal,2,,,
Alps,2,,,
Alveo,2,,,
Anable,2,,,
Anchor,2,,,
Aquafina,2,,,
Babuline,2,,,
Badz,2,,,
Balintha,2,,,
Beaker,2,,,
Born,2,,,
Caripa,2,,,
Celestone,2,,,
Conical,2,,,
Creme,2,,,
Decaneurabol,2,,,
Disp,2,,,
Enerzest,2,,,
Fix,2,,,
Floralis,2,,,
Frooti,2,,,
Hell,2,,,
Heru,2,,,
Himgange,2,,,
Himrahat,2,,,
Hyphoral,2,,,
Iki,2,,,
Indoshine,2,,,
Keratus,2,,,
Lens,2,,,
Licel,2,,,
Lifelong,2,,,
Lumique,2,,,
Lomani,2,,,
Mahadhyuta,2,,,
Mandara,2,,,
Mediwave,2,,,
Mountain,2,,,
Mucodyne,2,,,
Nizoral,2,,,
Oliv,2,,,
Omu,2,,,
Ossum,2,,,
Oxycool,2,,,
Pcr,2,,,
Pegal,2,,,
Pregnyl,2,,,
Protech,2,,,
Rahat,2,,,
Rama,2,,,
Raw,2,,,
Rectified,2,,,
Reshamwala,2,,,
Rhue,2,,,
Robin,2,,,
Secret,2,,,
Seren,2,,,
Sterillium,2,,,
Sting,2,,,
Strong,2,,,
Tara,2,,,
Thulasi,2,,,
Tilsona,2,,,
Tinilox,2,,,
Triglycerides,2,,,
Trimurti,2,,,
Tropicana,2,,,
Underated,2,,,
Urban,2,,,
Uric,2,,,
Vamu,2,,,
Vansaar,2,,,
Veda,2,,,
Woflox,2,,,
Woodward,2,,,
Mohari,2,,,
Mops,2,,,
Ch,2,,,
Coolora,2,,,
Freshclor,2,,,
Hexide,2,,,
Lidocam,2,,,
Mucobenz,2,,,
Oragesic,2,,,
Proflo,2,,,
Mustard,2,,,
Mylacobal,2,,,
Dora,2,,,
Novofine,2,,,
Neurosurgical,2,,,
Philips,2,,,
Nubaby,2,,,
Oac,2,,,
Octopus,2,,,
Dermec,2,,,
Golsalic,2,,,
Haeroot,2,,,
Hairful,2,,,
Imupsora,2,,,
Lakshika,2,,,
Maurya,2,,,
Navaratna,2,,,
Olimax,2,,,
Rogan,2,,,
Tampcol,2,,,
Tharsa,2,,,
Tolenorm,2,,,
Topika,2,,,
Amroid,2,,,
Arshopy,2,,,
Arthrella,2,,,
Cortilate,2,,,
Cosalic,2,,,
Crisafree,2,,,
Crizamont,2,,,
Crolim,2,,,
Csr,2,,,
Evertop,2,,,
Flutibact,2,,,
Gabazoit,2,,,
Habiccor,2,,,
Healbact,2,,,
Heximar,2,,,
Hhmus,2,,,
Isol,2,,,
Kenalog,2,,,
Kivitro,2,,,
Lycimond,2,,,
Medisalic,2,,,
Mopry,2,,,
Moxitak,2,,,
Mupi,2,,,
Mupifix,2,,,
Mupimesh,2,,,
Mupirocin,2,,,
Mylimus,2,,,
Nebasulf,2,,,
Nicodin,2,,,
Pilon,2,,,
Plus,2,,,
Polynase,2,,,
Povitreat,2,,,
Preticort,2,,,
Prosalic,2,,,
Psoralys,2,,,
Rouzyme,2,,,
Sangaba,2,,,
Scalynil,2,,,
Sepsadone,2,,,
Sixer,2,,,
Soristop,2,,,
Tacgo,2,,,
Tackon,2,,,
Tacmus,2,,,
Tacrotopic,2,,,
Tadheen,2,,,
Takzema,2,,,
Talimus,2,,,
Tmusz,2,,,
Tofaxen,2,,,
Topgraf,2,,,
Trinew,2,,,
Whitefields,2,,,
Whitolyn,2,,,
Xemsis,2,,,
Zeropile,2,,,
Olivz,2,,,
Oricrayl910,2,,,
Oricryl,2,,,
Orthopaedic,2,,,
Orthoroll,2,,,
V2,2,,,
Banray,2,,,
Photosafe,2,,,
Sunhalt,2,,,
Supra,2,,,
Wrigleys,2,,,
Alcohol,2,,,
Cavifast,2,,,
Cavisan,2,,,
Caziq,2,,,
Denoseal,2,,,
Gandharva,2,,,
Glodent,2,,,
Pyx,2,,,
Remin,2,,,
Rr,2,,,
Tess,2,,,
Tinyface,2,,,
Trioplast,2,,,
Niclonz,2,,,
Bupoxone,2,,,
Divify,2,,,
Opticlude,2,,,
Ruplast,2,,,
Solya,2,,,
Zuprinor,2,,,
Gentle,2,,,
Pds,2,,,
Pen,2,,,
Vh,2,,,
Pharma,2,,,
Paseo,2,,,
Setwell,2,,,
Afd,2,,,
Aptagrow,2,,,
Ayurmist,2,,,
Babylac,2,,,
Casein,2,,,
Cavenor,2,,,
Cerevita,2,,,
Cipeg,2,,,
Critipro,2,,,
Cvdiet,2,,,
Dantavali,2,,,
Daypro,2,,,
Dexrice,2,,,
Diafree,2,,,
Diaplan,2,,,
Dmand,2,,,
Enjoy,2,,,
Eririch,2,,,
Exellent,2,,,
Fabolite,2,,,
Fiberlact,2,,,
Fitlivon,2,,,
Fulfill,2,,,
Funspor,2,,,
Geria,2,,,
Gluco,2,,,
Gradual,2,,,
Gravipro,2,,,
Haritaki,2,,,
Highrich,2,,,
Hinex,2,,,
Idealpro,2,,,
Immuplus,2,,,
Ip,2,,,
Jupipro,2,,,
Karpotin,2,,,
Kimid,2,,,
Kiofiber,2,,,
Kiyapro,2,,,
Leezole,2,,,
Levenpro,2,,,
Livagod,2,,,
Livsource,2,,,
Lona,2,,,
Madhumardan,2,,,
Menopro,2,,,
Mno,2,,,
Mobipro,2,,,
Monopas,2,,,
Natocare,2,,,
Needpro,2,,,
Nervosum,2,,,
Nestogen,2,,,
Numec,2,,,
Nutrishine,2,,,
Nutrix,2,,,
Nutrocal,2,,,
Pcos,2,,,
Peglec,2,,,
Pegred,2,,,
Peptamen,2,,,
Picro,2,,,
Prawal,2,,,
Progates,2,,,
Prolina,2,,,
Promaxe,2,,,
Proneph,2,,,
Prosat,2,,,
Prosoyal,2,,,
Prosure,2,,,
Protilo,2,,,
Protone,2,,,
Provotin,2,,,
Pulmoplus,2,,,
Punarjal,2,,,
Renasure,2,,,
Replaid,2,,,
Ricotta,2,,,
Sabrich,2,,,
Sanosure,2,,,
Stronat,2,,,
Supplement,2,,,
Swamala,2,,,
Torbulk,2,,,
Trophox,2,,,
Vedic,2,,,
Vimpro,2,,,
Vitencial,2,,,
Voda,2,,,
Whey,2,,,
Women,2,,,
Ziprovit,2,,,
Power,2,,,
Ppe,2,,,
Amkay,2,,,
Oracura,2,,,
4u,2,,,
Aekling,2,,,
Tinkle,2,,,
Stickoband,2,,,
Relyongut,2,,,
Budaways,2,,,
Budescore,2,,,
Foraresp,2,,,
Foratec,2,,,
Inhalex,2,,,
Tobamist,2,,,
Rms,2,,,
Duomate,2,,,
Simply,2,,,
4rtigo,2,,,
4rtogo,2,,,
Alfaby,2,,,
Avm,2,,,
Boldcare,2,,,
Clavical,2,,,
Comfy,2,,,
Diastix,2,,,
Eyeness,2,,,
Ez,2,,,
Jet,2,,,
Karemed,2,,,
Kressa,2,,,
Makardhwaj,2,,,
Mootradosh,2,,,
Nicowell,2,,,
Nutribears,2,,,
Ozomen,2,,,
Simteq,2,,,
Supermax,2,,,
Svaach,2,,,
Activkids,2,,,
Addprime,2,,,
Adibact,2,,,
Aminocare,2,,,
Antoxipan,2,,,
Argilect,2,,,
Arginix,2,,,
Argitrust,2,,,
Asacus,2,,,
Byrx,2,,,
Calcinol,2,,,
Carol,2,,,
Choltran,2,,,
Coelarg,2,,,
Collado,2,,,
Coredense,2,,,
Cretox,2,,,
Detriol,2,,,
Drm,2,,,
Ecobion,2,,,
Ecogro,2,,,
Embryofix,2,,,
Encelax,2,,,
Endovaas,2,,,
Entromax,2,,,
Flexrosh,2,,,
Fociigr,2,,,
Fosfocin,2,,,
Fruit,2,,,
Gasowel,2,,,
Gokof,2,,,
Hbcom,2,,,
Hepaniche,2,,,
Hepsure,2,,,
Kaycut,2,,,
Kolabos,2,,,
Koplyte,2,,,
Laff,2,,,
Mecolight,2,,,
Monomer,2,,,
Myocyst,2,,,
Nitrophage,2,,,
Osteopep,2,,,
Ostirose,2,,,
Peditral,2,,,
Pegovag,2,,,
Pepfiz,2,,,
Procibel,2,,,
Renvela,2,,,
Respistrong,2,,,
Rg,2,,,
Sacctik,2,,,
Septasteril,2,,,
Sfa,2,,,
Sodonish,2,,,
Sporit,2,,,
Teaz,2,,,
Travecal,2,,,
Ubinext,2,,,
Uronip,2,,,
Utwell,2,,,
Vitreon,2,,,
Zilargyn,2,,,
Zoamates,2,,,
Blemguard,2,,,
Dawmane,2,,,
Epishine,2,,,
Eudilage,2,,,
Eyecirque,2,,,
Fcl,2,,,
Hairocean,2,,,
Kerablak,2,,,
Omnifade,2,,,
Pheoderm,2,,,
Primetop,2,,,
Priosilk,2,,,
Seraderm,2,,,
Telopause,2,,,
Tricoroot,2,,,
Trilast,2,,,
Viso,2,,,
Azzura,2,,,
Biovedya,2,,,
Derketo,2,,,
Har,2,,,
Keraheal,2,,,
Kertyol,2,,,
Ketavo,2,,,
Ketmed,2,,,
Ketocross,2,,,
Ketodan,2,,,
Ketona,2,,,
Ketopaths,2,,,
Kurazol,2,,,
Nizoket,2,,,
Sebandro,2,,,
Sebowash,2,,,
Sestry,2,,,
Tar,2,,,
Trassglow,2,,,
Treatroot,2,,,
Updenz,2,,,
Zolket,2,,,
Lifewear,2,,,
Silko,2,,,
Acnil,2,,,
Alite,2,,,
Dewska,2,,,
Fortglu,2,,,
Gladdew,2,,,
Glutaskin,2,,,
Glutaup,2,,,
Gramflour,2,,,
Ketoclean,2,,,
Lavo,2,,,
Medsop,2,,,
Noac,2,,,
Novofair,2,,,
Nuglo,2,,,
Perobar,2,,,
Soapex,2,,,
Sofibar,2,,,
Vahh,2,,,
Vizigly,2,,,
Bambudil,2,,,
Solar,2,,,
Solijuv,2,,,
Androanagen,2,,,
Aquashine,2,,,
Azkavit,2,,,
Benfosam,2,,,
Carot,2,,,
Cequa,2,,,
Chymotra,2,,,
Cnxmin,2,,,
Cremapeg,2,,,
Folica,2,,,
Formalin,2,,,
Jesocal,2,,,
Karcical,2,,,
Klinmyscalp,2,,,
Laxan,2,,,
Laxiwal,2,,,
Mincaffin,2,,,
Neopecia,2,,,
Nulax,2,,,
Osmowin,2,,,
Ostioxen,2,,,
Podowart,2,,,
Smulac,2,,,
Sunlite,2,,,
Swiftolac,2,,,
Wonhair,2,,,
Triboost,2,,,
Trichodense,2,,,
Triclenz,2,,,
Unilax,2,,,
Vomishield,2,,,
Wyntop,2,,,
Tiny,2,,,
Long,2,,,
Short,2,,,
Azeflo,2,,,
Azenate,2,,,
Calcinase,2,,,
Charli,2,,,
Clearmist,2,,,
Combinase,2,,,
Domi,2,,,
Floresp,2,,,
Flublock,2,,,
Flutiflo,2,,,
Flutinos,2,,,
Flutiways,2,,,
Furamist,2,,,
Gentlemans,2,,,
Intranase,2,,,
Isomet,2,,,
Larmist,2,,,
Lemolate,2,,,
Millennium,2,,,
Momeflo,2,,,
Naso,2,,,
Nasoline,2,,,
Nezaflo,2,,,
Nile,2,,,
Ostishine,2,,,
Otrivel,2,,,
Restosmart,2,,,
Rinoclear,2,,,
Rubrical,2,,,
Ryno,2,,,
Silnase,2,,,
Solspre,2,,,
Stud,2,,,
Zolswift,2,,,
Tounge,2,,,
Rizanet,2,,,
Omnitest,2,,,
Clenol,2,,,
Clinsup,2,,,
Paracan,2,,,
Surgicel,2,,,
Metopar,2,,,
Abendol,2,,,
Albayes,2,,,
Algiscon,2,,,
Alzomed,2,,,
Amoxience,2,,,
Aziab,2,,,
Azipar,2,,,
Aziwar,2,,,
Azpyr,2,,,
Bendex,2,,,
Bilalife,2,,,
Bilamont,2,,,
Bolixime,2,,,
Boniheal,2,,,
Bravofer,2,,,
Bullmox,2,,,
Caxfila,2,,,
Cefdryl,2,,,
Cepolarc,2,,,
Clavophy,2,,,
Coldgesic,2,,,
Coldkind,2,,,
Colisort,2,,,
Conimol,2,,,
Corsango,2,,,
Cranman,2,,,
Cremopen,2,,,
Defuspin,2,,,
Dezert,2,,,
Doo,2,,,
Ecovin,2,,,
Eg,2,,,
Evaraft,2,,,
Evimectin,2,,,
Febrinest,2,,,
Ferimon,2,,,
Ferypot,2,,,
Fiximac,2,,,
Gasnul,2,,,
Gastrium,2,,,
Glamol,2,,,
Grocal,2,,,
Gudgastro,2,,,
Gudlax,2,,,
Heptagon,2,,,
Ibukind,2,,,
Ibuway,2,,,
Iglax,2,,,
Ironergy,2,,,
Jacclav,2,,,
Kinlax,2,,,
Lactomed,2,,,
Liquiron,2,,,
Lithotrips,2,,,
Macraft,2,,,
Macralfate,2,,,
Mahacort,2,,,
Maharaft,2,,,
Maxolid,2,,,
Mefanate,2,,,
Mefast,2,,,
Mefentod,2,,,
Mefimid,2,,,
Mexpod,2,,,
Mom,2,,,
Mon,2,,,
Montirem,2,,,
Montisoor,2,,,
Movalax,2,,,
Moxanute,2,,,
Myovedic,2,,,
Nalgis,2,,,
Nazowell,2,,,
Nivaquine,2,,,
Np,2,,,
Nusogel,2,,,
Odal,2,,,
Oef,2,,,
Oflacid,2,,,
Ofloshine,2,,,
Oflotreat,2,,,
Ornamac,2,,,
Osteoboost,2,,,
Osteocare,2,,,
Ostrich,2,,,
Peptica,2,,,
Picasa,2,,,
Picozest,2,,,
Picsul,2,,,
Pixit,2,,,
Pratham,2,,,
Pyrifast,2,,,
Ranraft,2,,,
Raviron,2,,,
Retherma,2,,,
Saril,2,,,
Sioban,2,,,
Skf,2,,,
Smical,2,,,
Snomox,2,,,
Sr,2,,,
Sucnol,2,,,
Sucra,2,,,
Sucragift,2,,,
Sucrakat,2,,,
Sucralpro,2,,,
Sucras,2,,,
Sucrasure,2,,,
Sucroloc,2,,,
Sucrox,2,,,
Sucroz,2,,,
Sugafil,2,,,
Superspas,2,,,
Survive,2,,,
Svismef,2,,,
Tastymol,2,,,
Totalax,2,,,
Tracfree,2,,,
Tufpro,2,,,
Typod,2,,,
Ulcoat,2,,,
Ulge,2,,,
Uricare,2,,,
Utjoy,2,,,
Valpod,2,,,
Vilfine,2,,,
Vomid,2,,,
Worm,2,,,
Xenda,2,,,
Xintof,2,,,
Zeebee,2,,,
Zentel,2,,,
Zorbax,2,,,
Orlon,2,,,
Abz,2,,,
Acigol,2,,,
Actifed,2,,,
Adulsa,2,,,
Adusol,2,,,
Akair,2,,,
Alexcet,2,,,
Alka,2,,,
Alkalex,2,,,
Altime,2,,,
Allershine,2,,,
Alocet,2,,,
Alzyme,2,,,
Ambcet,2,,,
Ambrex,2,,,
Ambro,2,,,
Ambrohist,2,,,
Ambrosol,2,,,
Amicet,2,,,
Amino,2,,,
Amokav,2,,,
Amyron,2,,,
Antax,2,,,
Icrate,2,,,
Apexfer,2,,,
Aptiplex,2,,,
Aptivate,2,,,
Aristokof,2,,,
Aroxyl,2,,,
Artigesic,2,,,
Ashpi,2,,,
Astha,2,,,
Asthafen,2,,,
Astharem,2,,,
Athetuss,2,,,
Axalin,2,,,
Ayusas,2,,,
Bactrim,2,,,
Balguti,2,,,
Basics,2,,,
Becosys,2,,,
Befer,2,,,
Binopyrine,2,,,
Biopron,2,,,
Bismozyme,2,,,
Bitocough,2,,,
Bonliv,2,,,
Brainsum,2,,,
Brainwise,2,,,
Branolia,2,,,
Brento,2,,,
Brimox,2,,,
Brodil,2,,,
Bromhexine,2,,,
Broncolite,2,,,
Broncorex,2,,,
Broxum,2,,,
Calron,2,,,
Calwatt,2,,,
Caredex,2,,,
Cariford,2,,,
Carifull,2,,,
Caripaya,2,,,
Caripill,2,,,
Carivent,2,,,
Carniston,2,,,
Carnisurge,2,,,
Carnoset,2,,,
Casilyte,2,,,
Cefobit,2,,,
Centiluk,2,,,
Cetrine,2,,,
Chandanasav,2,,,
Cherrymint,2,,,
Ciplin,2,,,
Citalift,2,,,
Citralka,2,,,
Citranzer,2,,,
Clamist,2,,,
Clanoxy,2,,,
Clavnovo,2,,,
Cledomox,2,,,
Cocof,2,,,
Codifresh,2,,,
Codylex,2,,,
Cofdoff,2,,,
Cofenor,2,,,
Cofspire,2,,,
Cognigem,2,,,
Cognigo,2,,,
Cogninorm,2,,,
Cognisense,2,,,
Cognium,2,,,
Colax,2,,,
Coldguard,2,,,
Coldover,2,,,
Coligyl,2,,,
Comtus,2,,,
Coniliv,2,,,
Coniq,2,,,
Conocet,2,,,
Conos,2,,,
Corinate,2,,,
Corinite,2,,,
Cormax,2,,,
Coughgril,2,,,
Cowyn,2,,,
Cozibis,2,,,
Crantract,2,,,
Cremalax,2,,,
Crophen,2,,,
Cuffwall,2,,,
Curelive,2,,,
Cyaptin,2,,,
Cycloset,2,,,
Cylip,2,,,
Dadimavaleha,2,,,
Daslin,2,,,
Deekaytus,2,,,
Dekofcyn,2,,,
Dependal,2,,,
Dexfar,2,,,
Diacom,2,,,
Diarex,2,,,
Dinzyme,2,,,
Diprit,2,,,
Dolodart,2,,,
Dolokoff,2,,,
Domcet,2,,,
Doxovent,2,,,
Draksharishta,2,,,
Dylasol,2,,,
Eascof,2,,,
Elcarsin,2,,,
Eliston,2,,,
Emetgyl,2,,,
Emitus,2,,,
Entcold,2,,,
Enzabil,2,,,
Enzymin,2,,,
Enzyplex,2,,,
Epival,2,,,
Esbron,2,,,
Evakind,2,,,
Exceraft,2,,,
Exclav,2,,,
Extorest,2,,,
Extrammune,2,,,
Faa,2,,,
Febond,2,,,
Ferhance,2,,,
Fericip,2,,,
Ferizac,2,,,
Ferodec,2,,,
Ferz,2,,,
Fightox,2,,,
Fluzet,2,,,
Freetus,2,,,
Furoxone,2,,,
Gassanol,2,,,
Gastractiv,2,,,
Gaviraft,2,,,
Gaviscon,2,Reckitt Benckiser (India) Ltd,RB brand,exact
Genoplex,2,,,
Genzine,2,,,
Geridys,2,,,
Globired,2,,,
Glycodin,2,,,
Glyzifer,2,,,
Gramoneg,2,,,
Gynovit,2,,,
Hemo,2,,,
Hobis,2,,,
Hungree,2,,,
Hydrax,2,,,
Ibufemptol,2,,,
Ictrus,2,,,
Ifer,2,,,
Imence,2,,,
Immumod,2,,,
Imol,2,,,
Imunim,2,,,
Imunocin,2,,,
Indikof,2,,,
Irex,2,,,
Iso,2,,,
Jaundex,2,,,
Jifixim,2,,,
Jonycuf,2,,,
Jufex,2,,,
Jvine,2,,,
Khadirarishta,2,,,
Kinetone,2,,,
Kiwifer,2,,,
Kofcatch,2,,,
Kofmid,2,,,
Koforil,2,,,
Kofup,2,,,
Kuff,2,,,
Kufma,2,,,
Kuftive,2,,,
Lacsyp,2,,,
Lastuss,2,,,
Laxawyn,2,,,
Laxdem,2,,,
Ld,2,,,
Lecet,2,,,
Lenzomore,2,,,
Leoquin,2,,,
Leozyme,2,,,
Levogram,2,,,
Levolite,2,,,
Lexifer,2,,,
Livoerb,2,,,
Livosin,2,,,
Lodhrasav,2,,,
Lohasav,2,,,
Lormeg,2,,,
Lukol,2,,,
Lupihist,2,,,
Lutuss,2,,,
Lycorex,2,,,
Lymovita,2,,,
Lyrikof,2,,,
Lysicon,2,,,
Magladense,2,,,
Maharasnadi,2,,,
Mahasudarshan,2,,,
Mebex,2,,,
Mef,2,,,
Megadol,2,,,
Menohelp,2,,,
Merimol,2,,,
Micob,2,,,
Miliclav,2,,,
Minoril,2,,,
Mnf,2,,,
Montecross,2,,,
Montey,2,,,
Montigem,2,,,
Montodex,2,,,
Montor,2,,,
Montostat,2,,,
Morbicef,2,,,
Morbit,2,,,
Mtnl,2,,,
Mucoclav,2,,,
Multivance,2,,,
Mutech,2,,,
Navitas,2,,,
Nemocid,2,,,
Neosight,2,,,
Neutrosec,2,,,
Nexcuf,2,,,
Nexpar,2,,,
Nilgrip,2,,,
Noctoryl,2,,,
Noel,2,,,
Novolevokast,2,,,
Noworm,2,,,
Nuhist,2,,,
Ofior,2,,,
Oflomil,2,,,
Ojus,2,,,
Omilcal,2,,,
Ondafresh,2,,,
Ondatreat,2,,,
Ondawyn,2,,,
Onditron,2,,,
Ornof,2,,,
Osto,2,,,
Ownzyme,2,,,
Oxydex,2,,,
Oxygenclav,2,,,
Oxyliv,2,,,
Palato,2,,,
Pancef,2,,,
Paracin,2,,,
Pathril,2,,,
Pcf,2,,,
Pedialyte,2,,,
Pediway,2,,,
Pegalup,2,,,
Pexoclav,2,,,
Phosfomin,2,,,
Pirawas,2,,,
Platenza,2,,,
Platigain,2,,,
Platimax,2,,,
Plexin,2,,,
Powergyl,2,,,
Prasham,2,,,
Proliser,2,,,
Pronit,2,,,
Pulmotreatin,2,,,
Punarnavarishta,2,,,
Punarnavasav,2,,,
Purerex,2,,,
Pyomit,2,,,
Rave,2,,,
Recover,2,,,
Redfolic,2,,,
Redihealth,2,,,
Relux,2,,,
Renalka,2,,,
Revirol,2,,,
Rhinagra,2,,,
Rid,2,,,
Rinosolvin,2,,,
Rootvit,2,,,
Sarivadyasav,2,,,
Selzita,2,,,
Shishuvin,2,,,
Sorbiline,2,,,
Stelcoril,2,,,
Stripod,2,,,
Sucramal,2,,,
Suprazinc,2,,,
Synabron,2,,,
Synasma,2,,,
Tag,2,,,
Tancet,2,,,
Tarovit,2,,,
Tcyte,2,,,
Tefroliv,2,,,
Terbet,2,,,
Texoril,2,,,
Theomox,2,,,
Throateasy,2,,,
Toneliv,2,,,
Tordex,2,,,
Torex,2,,,
Toughclav,2,,,
Trabical,2,,,
Trise,2,,,
Triskof,2,,,
Tritofen,2,,,
Trump,2,,,
Tuscofen,2,,,
Tussin,2,,,
Tuswyn,2,,,
Tylorin,2,,,
Univit,2,,,
Unorin,2,,,
Valley,2,,,
Vedictus,2,,,
Ventilin,2,,,
Ventoz,2,,,
Vidangasav,2,,,
Viscosin,2,,,
Vistarax,2,,,
Vitapepsin,2,,,
Vitfol,2,,,
Walamycin,2,,,
Waterburys,2,,,
Whooping,2,,,
Windose,2,,,
Zanash,2,,,
Zeva,2,,,
Zin,2,,,
Zincocid,2,,,
Zincopath,2,,,
Zincoresp,2,,,
Zinir,2,,,
Zinkovita,2,,,
Zinkvit,2,,,
Zyncet,2,,,
Sestil,2,,,
Astrasyn,2,,,
Lifejab,2,,,
Fruitaco,2,,,
Aamin,2,,,
Abetorox,2,,,
Abiratred,2,,,
Abitel,2,,,
Abloric,2,,,
Abshine,2,,,
Abtika,2,,,
Abura,2,,,
Acarb,2,,,
Acarboz,2,,,
Acarfix,2,,,
Acarlarc,2,,,
Acdew,2,,,
Acebid,2,,,
Acebrowyn,2,,,
Acecloren,2,,,
Acefenac,2,,,
Aceflam,2,,,
Aceloflam,2,,,
Acelyc,2,,,
Acemont,2,,,
Acemyoset,2,,,
Acenaac,2,,,
Aceneuron,2,,,
Acennial,2,,,
Acepain,2,,,
Acephen,2,,,
Acetry,2,,,
Acevah,2,,,
Acevilda,2,,,
Acezine,2,,,
Acidol,2,,,
Acidose,2,,,
Acivis,2,,,
Aclogain,2,,,
Acogut,2,,,
Acose,2,,,
Acotibien,2,,,
Acotrust,2,,,
Acphy,2,,,
Actapro,2,,,
Actglide,2,,,
Actibile,2,,,
Actiblok,2,,,
Actiglim,2,,,
Actiglipt,2,,,
Actiheal,2,,,
Actinsar,2,,,
Activegaba,2,,,
Activmod,2,,,
Actorich,2,,,
Actvilda,2,,,
Acudrox,2,,,
Acufen,2,,,
Aculip,2,,,
Aculum,2,,,
Acupil,2,,,
Acytine,2,,,
Adbeta,2,,,
Adbona,2,,,
Adelphane,2,,,
Adenoxyl,2,,,
Adesam,2,,,
Adiglipt,2,,,
Adilan,2,,,
Adilip,2,,,
Adipride,2,,,
Admenta,2,,,
Admol,2,,,
Advacan,2,,,
Advaud,2,,,
Afenak,2,,,
Affen,2,,,
Affoiva,2,,,
Afib,2,,,
Agatril,2,,,
Aginal,2,,,
Aim7,2,,,
Aimet,2,,,
Akroz,2,,,
Aktizine,2,,,
Alakast,2,,,
Alcoran,2,,,
Aldosmin,2,,,
Alenost,2,,,
Alentical,2,,,
Alergate,2,,,
Alergin,2,,,
Alertjoy,2,,,
Alfacal,2,,,
Alfagaba,2,,,
Alfaket,2,,,
Alfasteril,2,,,
Alflox,2,,,
Alfugress,2,,,
Alfustat,2,,,
Alfuzomed,2,,,
Alfuzowyn,2,,,
Algemer,2,,,
Algra,2,,,
Aliclair,2,,,
Alimagest,2,,,
Aline,2,,,
Alista,2,,,
Alledel,2,,,
Allegrwyn,2,,,
Allenza,2,,,
Allerde,2,,,
Allerdest,2,,,
Allerfly,2,,,
Allneuron,2,,,
Almity,2,,,
Almotan,2,,,
Alnitro,2,,,
Aloes,2,,,
Alopur,2,,,
Alphadopa,2,,,
Alprocontin,2,,,
Alprotic,2,,,
Alrgee,2,,,
Alsarex,2,,,
Altiglide,2,,,
Altipride,2,,,
Altiroz,2,,,
Altraflam,2,,,
Alzopax,2,,,
Amace,2,,,
Amalki,2,,,
Amarantha,2,,,
Amclaid,2,,,
Amenova,2,,,
Amfirst,2,,,
Amichlor,2,,,
Amicline,2,,,
Amicobal,2,,,
Amigaba,2,,,
Amigatin,2,,,
Amiodar,2,,,
Amirid,2,,,
Amisulide,2,,,
Amitor,2,,,
Amitrend,2,,,
Amitrip,2,,,
Amitus,2,,,
Amizep,2,,,
Amlochem,2,,,
Amlopure,2,,,
Amlostat,2,,,
Amlosure,2,,,
Amolife,2,,,
Amopress,2,,,
Amset,2,,,
Amtrex,2,,,
Amucoe,2,,,
Androshot,2,,,
Anevero,2,,,
Anfer,2,,,
Angio,2,,,
Angiwell,2,,,
Anodine,2,,,
Antidep,2,,,
Antiplar,2,,,
Antiplatt,2,,,
Anxicalm,2,,,
Anxinil,2,,,
Anziolet,2,,,
Apale,2,,,
Apiban,2,,,
Apibell,2,,,
Apigat,2,,,
Apigy,2,,,
Apithromb,2,,,
Apivas,2,,,
Apixagress,2,,,
Apixapil,2,,,
Apixator,2,,,
Apixawyn,2,,,
Apiz,2,,,
Apotab,2,,,
Appitral,2,,,
Apretas,2,,,
Aprilife,2,,,
Aprovel,2,,,
Apxenta,2,,,
Aquazide,2,,,
Aquris,2,,,
Arava,2,,,
Arbazeal,2,,,
Arbitace,2,,,
Arelol,2,,,
Aripiz,2,,,
Aristomet,2,,,
Arixib,2,,,
Arjin,2,,,
Arkafix,2,,,
Arkaglip,2,,,
Arkapres,2,,,
Armezo,2,,,
Arminol,2,,,
Armod,2,,,
Arogyavardhini,2,,,
Arsmox,2,,,
Arthodiet,2,,,
Asap,2,,,
Asartan,2,,,
Ascapil,2,,,
Asert,2,,,
Asmical,2,,,
Aspisol,2,,,
Asthace,2,,,
Astharid,2,,,
Astorglip,2,,,
Asviruto,2,,,
Ata,2,,,
Atalarc,2,,,
Atenij,2,,,
Atenova,2,,,
Atenral,2,,,
Ateros,2,,,
Atford,2,,,
Atherochek,2,,,
Atherostat,2,,,
Atineu,2,,,
Ativan,2,,,
Atlura,2,,,
Atmont,2,,,
Atocer,2,,,
Atochol,2,,,
Atonpride,2,,,
Atorace,2,,,
Atorbest,2,,,
Atorcyn,2,,,
Atorgold,2,,,
Atorless,2,,,
Atortis,2,,,
Atorvatin,2,,,
Atos,2,,,
Atpark,2,,,
Atrest,2,,,
Augocare,2,,,
Auroamtel,2,,,
Aurotrela,2,,,
Ausum,2,,,
Avacard,2,,,
Avanair,2,,,
Avanext,2,,,
Avert,2,,,
Aviglic,2,,,
Avindo,2,,,
Avomira,2,,,
Avva,2,,,
Axalip,2,,,
Axclopain,2,,,
Axglm,2,,,
Axifur,2,,,
Axl,2,,,
Axpar,2,,,
Ayurcumin,2,,,
Azeldip,2,,,
Azeliren,2,,,
Azelnaz,2,,,
Azento,2,,,
Aziford,2,,,
Azigril,2,,,
Azildac,2,,,
Azilura,2,,,
Azinix,2,,,
Aziocean,2,,,
Azipro,2,,,
Azisamed,2,,,
Azithrobless,2,,,
Azithrorite,2,,,
Azivista,2,,,
Azmet,2,,,
Azrolid,2,,,
Azsita,2,,,
Azumin,2,,,
Azymyth,2,,,
Baim,2,,,
Bacilac,2,,,
Baclesta,2,,,
Bacloren,2,,,
Baclova,2,,,
Bacstol,2,,,
Bactomin,2,,,
Bacwell,2,,,
Baidayanath,2,,,
Bainhart,2,,,
Bangshil,2,,,
Banoflam,2,,,
Bapixa,2,,,
Baralgan,2,,,
Barbee,2,,,
Bdron,2,,,
Beamvit,2,,,
Beatxl,2,,,
Beboxia,2,,,
Becalm,2,,,
Becobank,2,,,
Behop,2,,,
Belatin,2,,,
Beltas,2,,,
Bemdac,2,,,
Benace,2,,,
Benclamet,2,,,
Benens,2,,,
Benfage,2,,,
Benfo,2,,,
Benfonil,2,,,
Benforce,2,,,
Benfostar,2,,,
Bengreat,2,,,
Benicip,2,,,
Benidimed,2,,,
Benidiwyn,2,,,
Benidoc,2,,,
Beniduce,2,,,
Beniflo,2,,,
Benipel,2,,,
Benipres,2,,,
Benistar,2,,,
Benisto,2,,,
Benj,2,,,
Benxl,2,,,
Benziva,2,,,
Benzydol,2,,,
Berbeshine,2,,,
Beritol,2,,,
Berocin,2,,,
Besilet,2,,,
Betacon,2,,,
Betahist,2,,,
Betahistol,2,,,
Betalyst,2,,,
Betamerit,2,,,
Betaselect,2,,,
Betastolic,2,,,
Betatin,2,,,
Betazox,2,,,
Beteala,2,,,
Betmira,2,,,
Beuglipt,2,,,
Bextrin,2,,,
Bgr,2,,,
Bht,2,,,
Bicil,2,,,
Biciphage,2,,,
Bidanzen,2,,,
Biduret,2,,,
Bifosa,2,,,
Bigbro,2,,,
Biggaba,2,,,
Bigonyl,2,,,
Bilacad,2,,,
Bilactam,2,,,
Bilafem,2,,,
Bilaford,2,,,
Bilagain,2,,,
Bilagra,2,,,
Bilahasta,2,,,
Bilahenz,2,,,
Bilajoy,2,,,
Bilalite,2,,,
Bilamed,2,,,
Bilanix,2,,,
Bilaset,2,,,
Bilastero,2,,,
Bilastigyl,2,,,
Bilastiheal,2,,,
Bilastiwyn,2,,,
Bilater,2,,,
Bilatop,2,,,
Bilypsa,2,,,
Bimet,2,,,
Binaprex,2,,,
Biocip,2,,,
Biodic,2,,,
Biograce,2,,,
Biohomin,2,,,
Biojoynt,2,,,
Biolsar,2,,,
Biomyf,2,,,
Biomylin,2,,,
Bioroxime,2,,,
Biostal,2,,,
Biovet,2,,,
Biozobid,2,,,
Bishope,2,,,
Bisoclas,2,,,
Bisodac,2,,,
Bisoprex,2,,,
Bisoson,2,,,
Bisot,2,,,
Bisoziff,2,,,
Bispec,2,,,
Bisveda,2,,,
Bitelsar,2,,,
Blesocal,2,,,
Bleszine,2,,,
Blonacool,2,,,
Blubein,2,,,
Blumeta,2,,,
Bolofen,2,,,
Bonitar,2,,,
Bosentas,2,,,
Boseplain,2,,,
Bpride,2,,,
Bptel,2,,,
Bptrack,2,,,
Breaze,2,,,
Brentamin,2,,,
Bri,2,,,
Brigrel,2,,,
Brillo,2,,,
Brivajoy,2,,,
Brivapride,2,,,
Brivetoin,2,,,
Bromezer,2,,,
Bronon,2,,,
Brosmin,2,,,
Btr,2,,,
Budenofil,2,,,
Buspin,2,,,
Bycine,2,,,
Bymet,2,,,
Bymultiti,2,,,
Bzon,2,,,
Cbz,2,,,
Caberlact,2,,,
Caberlin,2,,,
Cabezon,2,,,
Cabgolin,2,,,
Cablok,2,,,
Caditam,2,,,
Calbean,2,,,
Calblend,2,,,
Calby,2,,,
Calcibuzz,2,,,
Calciflow,2,,,
Calcigiant,2,,,
Calciinex,2,,,
Calcinext,2,,,
Calcirega,2,,,
Calcitplus,2,,,
Calculate,2,,,
Calcury,2,,,
Caldium,2,,,
Caldran,2,,,
Calfix,2,,,
Calford,2,,,
Caliska,2,,,
Calm,2,,,
Calmigen,2,,,
Calmity,2,,,
Calmliv,2,,,
Calmrey,2,,,
Calmtra,2,,,
Calmwin,2,,,
Calnerve,2,,,
Calneu,2,,,
Calovel,2,,,
Calrig,2,,,
Calright,2,,,
Calsheraise,2,,,
Calsogan,2,,,
Calus,2,,,
Calvance,2,,,
Calventra,2,,,
Calvic,2,,,
Calvitane,2,,,
Calvogue,2,,,
Calvoli,2,,,
Calwart,2,,,
Calyst,2,,,
Camdem,2,,,
Cameron,2,,,
Camivas,2,,,
Candipoz,2,,,
Candixime,2,,,
Carbactive,2,,,
Carbithyro,2,,,
Carbox,2,,,
Carcet,2,,,
Cardexa,2,,,
Cardif,2,,,
Cardimax,2,,,
Cardiolol,2,,,
Cardioplat,2,,,
Cardiozine,2,,,
Carelol,2,,,
Carisoma,2,,,
Carlet,2,,,
Carmin,2,,,
Carnidin,2,,,
Carnifizz,2,,,
Carnigise,2,,,
Carniglo,2,,,
Carnitor,2,,,
Carnobolt,2,,,
Carpigrel,2,,,
Cartibind,2,,,
Cartilamine,2,,,
Cartisafe,2,,,
Cartitab,2,,,
Cartizox,2,,,
Carvenol,2,,,
Carverise,2,,,
Carvi,2,,,
Carvibeta,2,,,
Carvicare,2,,,
Casifer,2,,,
Casiflox,2,,,
Castigo,2,,,
Catchnil,2,,,
Cavmox,2,,,
Ccb,2,,,
Ccm,2,,,
Ccq,2,,,
Cdense,2,,,
Ceact,2,,,
Cebest,2,,,
Cebocontin,2,,,
Cecelia,2,,,
Ceeplus,2,,,
Cef,2,,,
Cefaclass,2,,,
Cefaprime,2,,,
Cefastar,2,,,
Cefasyn,2,,,
Cefigard,2,,,
Cefirite,2,,,
Cefking,2,,,
Cefoclox,2,,,
Cefoder,2,,,
Cefolite,2,,,
Cefoprim,2,,,
Cefpodor,2,,,
Cefularc,2,,,
Cefxtrue,2,,,
Celeract,2,,,
Celfee,2,,,
Celglim,2,,,
Celkeran,2,,,
Celrich,2,,,
Centra,2,,,
Centron,2,,,
Cepojet,2,,,
Cepoless,2,,,
Cepotus,2,,,
Cerebrain,2,,,
Ceregink,2,,,
Ceremax,2,,,
Ceretor,2,,,
Certican,2,,,
Cervifen,2,,,
Cetirite,2,,,
Cetlong,2,,,
Cetriliv,2,,,
Cetrizet,2,,,
Cetvin,2,,,
Checal,2,,,
Cheerpram,2,,,
Chirocyst,2,,,
Chitrakadi,2,,,
Chloramit,2,,,
Chlordiapowyn,2,,,
Chlorpromazine,2,,,
Chlortheritic,2,,,
Chlotrip,2,,,
Choice,2,,,
Cholechek,2,,,
Cholinesave,2,,,
Chromet,2,,,
Chymomax,2,,,
Chymonet,2,,,
Chymotas,2,,,
Chymotil,2,,,
Chyrolect,2,,,
Cialis,2,,,
Cidiglim,2,,,
Cidney,2,,,
Cidogrel,2,,,
Cifaxt,2,,,
Ciladuo,2,,,
Cilaht,2,,,
Cilanef,2,,,
Cilate,2,,,
Cilbest,2,,,
Cilday,2,,,
Cilnep,2,,,
Cilnigreat,2,,,
Cilnizest,2,,,
Cilobid,2,,,
Cilodoc,2,,,
Cilotab,2,,,
Cilpin,2,,,
Cliq,2,,,
Cimelite,2,,,
Cinafen,2,,,
Cinamediz,2,,,
Cinaver,2,,,
Cinn,2,,,
Cintapro,2,,,
Cintigo,2,,,
Ciploric,2,,,
Cipralex,2,,,
Ciprodac,2,,,
Ciprowin,2,,,
Cipzen,2,,,
Cirical,2,,,
Cirq,2,,,
Ciscap,2,,,
Citabo,2,,,
Citafeel,2,,,
Citelec,2,,,
Citiben,2,,,
Citicoder,2,,,
Citicoline,2,,,
Citicovie,2,,,
Citilin,2,,,
Citiliv,2,,,
Citimac,2,,,
Citisense,2,,,
Citistar,2,,,
Citola,2,,,
Citravite,2,,,
Citrazinc,2,,,
Civono,2,,,
Cixime,2,,,
Claformin,2,,,
Clarbact,2,,,
Claricin,2,,,
Clatm,2,,,
Claudizole,2,,,
Clavcep,2,,,
Clavidur,2,,,
Clazed,2,,,
Clearnac,2,,,
Cleft,2,,,
Cletus,2,,,
Clevertin,2,,,
Cliaid,2,,,
Clitel,2,,,
Cloam,2,,,
Clobakem,2,,,
Clobanil,2,,,
Clobator,2,,,
Clobawyn,2,,,
Clobeat,2,,,
Clonasaan,2,,,
Clonex,2,,,
Clonib,2,,,
Cloniz,2,,,
Clonzy,2,,,
Clopcare,2,,,
Clopicard,2,,,
Clopid,2,,,
Clopidez,2,,,
Clopin,2,,,
Clora,2,,,
Clostop,2,,,
Clotas,2,,,
Clovas,2,,,
Clozam,2,,,
Cnzep,2,,,
Cobacium,2,,,
Cobacyn,2,,,
Cobafol,2,,,
Cobarise,2,,,
Coecortt,2,,,
Coekastle,2,,,
Coevitenz,2,,,
Coformin,2,,,
Cogmentin,2,,,
Cognidep,2,,,
Cognifast,2,,,
Cognilive,2,,,
Cognivel,2,,,
Cognolin,2,,,
Colla,2,,,
Collage,2,,,
Collastar,2,,,
Colo,2,,,
Combisafe,2,,,
Concovas,2,,,
Confirmin,2,,,
Conformin,2,,,
Conicard,2,,,
Consent,2,,,
Consticalo,2,,,
Contenel,2,,,
Coolgut,2,,,
Coqlogy,2,,,
Coravas,2,,,
Corcont,2,,,
Cormet,2,,,
Corofer,2,,,
Corpril,2,,,
Cortosept,2,,,
Cosyrel,2,,,
Cotrilo,2,,,
Coxiflam,2,,,
Coxrez,2,,,
Cp,2,,,
Cran,2,,,
Cravihenz,2,,,
Creantia,2,,,
Crina,2,,,
Cristavil,2,,,
Ctz,2,,,
Cudyl,2,,,
Cumet,2,,,
Cumidip,2,,,
Cumin,2,,,
Cupira,2,,,
Cupril,2,,,
Cureformin,2,,,
Curepam,2,,,
Curepan,2,,,
Curgaba,2,,,
Cutihance,2,,,
Cuxim,2,,,
Cuzen,2,,,
Cuzide,2,,,
Cyclenorm,2,,,
Cycloreg,2,,,
Cyclospasmol,2,,,
Cyncal,2,,,
Cynerve,2,,,
Cynidip,2,,,
Cynim,2,,,
Cynobac,2,,,
Cyrator,2,,,
Cystelia,2,,,
Cystran,2,,,
Cytel,2,,,
Cytotam,2,,,
Czam,2,,,
Czpam,2,,,
Dafadros,2,,,
Daflon,2,,,
Daflosyd,2,,,
Dagliford,2,,,
Daglizin,2,,,
Daglupa,2,,,
Damina,2,,,
Dancalvi,2,,,
Daonil,2,,,
Dapablis,2,,,
Dapabright,2,,,
Dapaceum,2,,,
Dapacheck,2,,,
Dapaconic,2,,,
Dapadel,2,,,
Dapader,2,,,
Dapadin,2,,,
Dapaford,2,,,
Dapaformin,2,,,
Dapagil,2,,,
Dapaid,2,,,
Dapaira,2,,,
Dapamely,2,,,
Dapamite,2,,,
Dapanow,2,,,
Dapark,2,,,
Dapasaan,2,,,
Dapaser,2,,,
Dapaten,2,,,
Dapavit,2,,,
Dapazio,2,,,
Dapazox,2,,,
Dapee,2,,,
Dapexia,2,,,
Dapgloz,2,,,
Dapilda,2,,,
Dapmedis,2,,,
Daponex,2,,,
Dapozest,2,,,
Dapwyn,2,,,
Darilong,2,,,
Dariten,2,,,
Dasamyl,2,,,
Davi,2,,,
Dayaryl,2,,,
Dayvigo,2,,,
Daztor,2,,,
Dcmol,2,,,
Debiliptin,2,,,
Debistal,2,,,
Debivit,2,,,
Decmax,2,,,
Defaza,2,,,
Deficure,2,,,
Deflazen,2,,,
Deflocare,2,,,
Defnalone,2,,,
Defseas,2,,,
Defstead,2,,,
Dejac,2,,,
Delbi,2,,,
Delisprin,2,,,
Delnil,2,,,
Democlav,2,,,
Dencium,2,,,
Depkey,2,,,
Depsival,2,,,
Des,2,,,
Descure,2,,,
Desfax,2,,,
Desirox,2,,,
Desveren,2,,,
Desvimark,2,,,
Deswin,2,,,
Deviry,2,,,
Dexam,2,,,
Dexpure,2,,,
Dfaro,2,,,
Diabecon,2,,,
Diabfloz,2,,,
Diabose,2,,,
Diacon,2,,,
Diagus,2,,,
Diamig,2,,,
Diamyk,2,,,
Diaren,2,,,
Diaride,2,,,
Diatin,2,,,
Diavista,2,,,
Diazen,2,,,
Dibiglim,2,,,
Dibizide,2,,,
Dibol,2,,,
Dicaris,2,,,
Diclogem,2,,,
Dicloser,2,,,
Diecold,2,,,
Diflup,2,,,
Digest,2,,,
Dilcardia,2,,,
Dilgard,2,,,
Diligan,2,,,
Dilpra,2,,,
Dilzewyn,2,,,
Dinace,2,,,
Dine,2,,,
Diofer,2,,,
Diovan,2,,,
Dipdox,2,,,
Diproex,2,,,
Dipsita,2,,,
Diretor,2,,,
Disperzyme,2,,,
Dispred,2,,,
Disprin,2,,,
Distrodul,2,,,
Dite,2,,,
Diucontin,2,,,
Diurix,2,,,
Divacid,2,,,
Divalid,2,,,
Divalprid,2,,,
Divalprowyn,2,,,
Divalrate,2,,,
Divalvis,2,,,
Divaxee,2,,,
Diziwyn,2,,,
Dneiper,2,,,
Docofer,2,,,
Dolket,2,,,
Dolospark,2,,,
Doloxicam,2,,,
Dolway,2,,,
Domwyn,2,,,
Donamax,2,,,
Donamind,2,,,
Donetaz,2,,,
Dopyx,2,,,
Doser,2,,,
Dospin,2,,,
Dosul,2,,,
Dothin,2,,,
Doxinamac,2,,,
Doxo,2,,,
Doxomax,2,,,
Doxstem,2,,,
Doxyla,2,,,
Dpf,2,,,
Dpo,2,,,
Dppcure,2,,,
Dragovit,2,,,
Dreamer,2,,,
Dreamfert,2,,,
Drogyna,2,,,
Drome,2,,,
Dropharm,2,,,
Drotachek,2,,,
Drownil,2,,,
Dt,2,,,
Dtm,2,,,
Dtxt,2,,,
Duloren,2,,,
Dulot,2,,,
Duloxelarc,2,,,
Duloxemp,2,,,
Duloxin,2,,,
Duloxsan,2,,,
Duofrax,2,,,
Duopure,2,,,
Duorandil,2,,,
Duxead,2,,,
Duxel,2,,,
Duzono,2,,,
Dvert,2,,,
Dycobal,2,,,
Dydrofem,2,,,
Dydrohope,2,,,
Dydrojoy,2,,,
Dydronix,2,,,
Dydropal,2,,,
Dydropreg,2,,,
Dydrosure,2,,,
Dydrowell,2,,,
Dyoflux,2,,,
Dyslone,2,,,
Easypreg,2,,,
Ebafix,2,,,
Ebahist,2,,,
Ebasil,2,,,
Ebigo,2,,,
Ebuxo,2,,,
Ecodecosa,2,,,
Ecoglip,2,,,
Ecopred,2,,,
Ecothral,2,,,
Ecotor,2,,,
Ecovel,2,,,
Ecox,2,,,
Edsave,2,,,
Edted,2,,,
Efcoba,2,,,
Efiglin,2,,,
Egolix,2,,,
Egrich,2,,,
Eios,2,,,
Reketo,2,,,
Ekon,2,,,
Elcemet,2,,,
Elcephase,2,,,
Eldofen,2,,,
Eldospas,2,,,
Eldoviptin,2,,,
Elgoliz,2,,,
Elicia,2,,,
Elistat,2,,,
Elixaban,2,,,
Eltegra,2,,,
Eltromag,2,,,
Eluga,2,,,
Emadine,2,,,
Emboxan,2,,,
Emcet,2,,,
Emidoxyn,2,,,
Emlevo,2,,,
Emotrip,2,,,
Empanat,2,,,
Empastat,2,,,
Empaworth,2,,,
Emperide,2,,,
Emsulide,2,,,
Emvose,2,,,
Enal,2,,,
Enalrite,2,,,
Endace,2,,,
Endoglipt,2,,,
Endogolix,2,,,
Engel,2,,,
Enidazol,2,,,
Enlarc,2,,,
Enlight,2,,,
Enocin,2,,,
Enrifol,2,,,
Enselin,2,,,
Entavir,2,,,
Entax,2,,,
Enteroguard,2,,,
Enthrocin,2,,,
Entriz,2,,,
Enzacure,2,,,
Enzotrip,2,,,
Enzovent,2,,,
Enzykaa,2,,,
Epilan,2,,,
Epineuron,2,,,
Eplehef,2,,,
Ergonac,2,,,
Erlamide,2,,,
Erleglim,2,,,
Erlocip,2,,,
Erlonat,2,,,
Erocoxib,2,,,
Erolol,2,,,
Erythro,2,,,
Esbila,2,,,
Esciptal,2,,,
Esclo,2,,,
Escor,2,,,
Esgear,2,,,
Esitus,2,,,
Eslopam,2,,,
Esograce,2,,,
Essita,2,,,
Estiva,2,,,
Estuchol,2,,,
Esylnafil,2,,,
Ethamcip,2,,,
Eticaid,2,,,
Etizep,2,,,
Etizoram,2,,,
Etobee,2,,,
Etodash,2,,,
Etofree,2,,,
Etolid,2,,,
Etoriba,2,,,
Etoriflam,2,,,
Etoriflex,2,,,
Etorite,2,,,
Etornext,2,,,
Etoro,2,,,
Etosys,2,,,
Etotreat,2,,,
Etoxilarc,2,,,
Etozac,2,,,
Etozox,2,,,
Etura,2,,,
Eugliptin,2,,,
Euglydapp,2,,,
Eurythmic,2,,,
Ev,2,,,
Evagolix,2,,,
Evah,2,,,
Evahb,2,,,
Evaquik,2,,,
Everad,2,,,
Evercon,2,,,
Evergraf,2,,,
Evermil,2,,,
Everomus,2,,,
Everotas,2,,,
Eversteril,2,,,
Excluda,2,,,
Exeption,2,,,
Exidep,2,,,
Exobit,2,,,
Extracov,2,,,
Eyesurge,2,,,
Ezyglip,2,,,
Ezystat,2,,,
Fabulas,2,,,
Facer,2,,,
Facid,2,,,
Fadine,2,,,
Fag,2,,,
Fairshield,2,,,
Famcimac,2,,,
Famelial,2,,,
Famocid,2,,,
Famonext,2,,,
Famotin,2,,,
Famtac,2,,,
Faroalfa,2,,,
Farocrit,2,,,
Faronac,2,,,
Faropare,2,,,
Faryl,2,,,
Fasigyn,2,,,
Faxapix,2,,,
Faze,2,,,
Fb,2,,,
Fbt,2,,,
Fbx,2,,,
Feboxa,2,,,
Febucip,2,,,
Febuday,2,,,
Febudim,2,,,
Febugood,2,,,
Febuhelp,2,,,
Febularc,2,,,
Febumac,2,,,
Febuquik,2,,,
Febuset,2,,,
Febutax,2,,,
Febutec,2,,,
Febuvel,2,,,
Febuxor,2,,,
Fecontin,2,,,
Fegra,2,,,
Feno,2,,,
Feradosyl,2,,,
Ferglow,2,,,
Ferinto,2,,,
Ferivate,2,,,
Ferrilip,2,,,
Ferrobless,2,,,
Ferroglide,2,,,
Ferronemia,2,,,
Ferronomic,2,,,
Ferticrit,2,,,
Fertigrace,2,,,
Fertiplus,2,,,
Fertserum,2,,,
Fervit,2,,,
Fesobig,2,,,
Fex,2,,,
Fexnalgy,2,,,
Fexonil,2,,,
Fexova,2,,,
Fibafex,2,,,
Fibractiv,2,,,
Fibroease,2,,,
Fibrogesic,2,,,
Figomet,2,,,
Finacet,2,,,
Fintel,2,,,
Fintrix,2,,,
Flamar,2,,,
Flavojoint,2,,,
Flecarite,2,,,
Flexjak,2,,,
Flexura,2,,,
Flozen,2,,,
Flozidap,2,,,
Flu,2,,,
Flucan,2,,,
Flucas,2,,,
Flucept,2,,,
Flucobig,2,,,
Flucobless,2,,,
Fludiant,2,,,
Flufung,2,,,
Flugraine,2,,,
Flunalarc,2,,,
Flunarex,2,,,
Flunarin,2,,,
Fluner,2,,,
Flunorm,2,,,
Flupanol,2,,,
Flured,2,,,
Flury,2,,,
Flutas,2,,,
Flutican,2,,,
Fluvaris,2,,,
Fluvator,2,,,
Fluvermis,2,,,
Fluvocern,2,,,
Fluxoman,2,,,
Flydapa,2,,,
Folate,2,,,
Folcibel,2,,,
Folera,2,,,
Foliact,2,,,
Folifer,2,,,
Foligyn,2,,,
Folired,2,,,
Folmet,2,,,
Folpal,2,,,
Folsure,2,,,
Folydol,2,,,
Fonelia,2,,,
Fopymin,2,,,
Foristal,2,,,
Forlast,2,,,
Forteez,2,,,
Fortege,2,,,
Fortibile,2,,,
Forxiben,2,,,
Forxiga,2,,,
Fosbait,2,,,
Foseal,2,,,
Fostera,2,,,
Fotosis,2,,,
Foxstat,2,,,
Fracheal,2,,,
Franxit,2,,,
Fregam,2,,,
Freze,2,,,
Frndcal,2,,,
Fubox,2,,,
Fungiset,2,,,
Furic,2,,,
Fxr,2,,,
Fyblip,2,,,
Fypenem,2,,,
Gabacea,2,,,
Gabacnx,2,,,
Gabacol,2,,,
Gabadep,2,,,
Gabakard,2,,,
Gabaleed,2,,,
Gabalin,2,,,
Gabaloy,2,,,
Gabamer,2,,,
Gabamust,2,,,
Gabantip,2,,,
Gabastat,2,,,
Gabatryp,2,,,
Gabaval,2,,,
Gabawave,2,,,
Gabawinthy,2,,,
Gabawok,2,,,
Gabaxia,2,,,
Gabazest,2,,,
Gaberntec,2,,,
Galakol,2,,,
Galimi,2,,,
Galto,2,,,
Galvapex,2,,,
Galvus,2,,,
Gapride,2,,,
Gasidom,2,,,
Gatop,2,,,
Gatri,2,,,
Gcolate,2,,,
Gefticip,2,,,
Gemstroke,2,,,
Genpro,2,,,
Geotel,2,,,
Gepay,2,,,
Gerdrid,2,,,
Geritam,2,,,
Gestakind,2,,,
Gestofert,2,,,
Getrol,2,,,
Giada,2,,,
Gilt,2,,,
Gimmy,2,,,
Gincotus,2,,,
Ginkoba,2,,,
Ginkosam,2,,,
Gitformin,2,,,
Gitune,2,,,
Glaridep,2,,,
Glavin,2,,,
Gleam,2,,,
Gledepa,2,,,
Glemont,2,,,
Glibetic,2,,,
Glibo,2,,,
Glibocer,2,,,
Glicept,2,,,
Gliclasure,2,,,
Gliclaz,2,,,
Glicotar,2,,,
Gliczuc,2,,,
Glifid,2,,,
Gliflodap,2,,,
Gliflodia,2,,,
Glifonac,2,,,
Glifovel,2,,,
Gligaba,2,,,
Glimapex,2,,,
Glimax,2,,,
Glimcip,2,,,
Glimcode,2,,,
Glimedis,2,,,
Glimedose,2,,,
Glimefide,2,,,
Glimeon,2,,,
Glimester,2,,,
Glimet,2,,,
Glimetop,2,,,
Glimetra,2,,,
Glimevog,2,,,
Glimex,2,,,
Glimfal,2,,,
Glimhope,2,,,
Glimichamp,2,,,
Glimicid,2,,,
Glimid,2,,,
Glimidez,2,,,
Glimilet,2,,,
Glimilex,2,,,
Glimin,2,,,
Glimipel,2,,,
Glimirin,2,,,
Glimistin,2,,,
Glimitab,2,,,
Glimital,2,,,
Glimitas,2,,,
Glimitone,2,,,
Glimivance,2,,,
Glimivault,2,,,
Glimozen,2,,,
Glimpid,2,,,
Glimsiz,2,,,
Glimsus,2,,,
Glimtotal,2,,,
Glimtrol,2,,,
Glimyadd,2,,,
Glinil,2,,,
Glion,2,,,
Glihypo,2,,,
Glipilead,2,,,
Glipisit,2,,,
Gliprez,2,,,
Glipticure,2,,,
Gliptiwak,2,,,
Gliptra,2,,,
Glistar,2,,,
Glita,2,,,
Glitasenz,2,,,
Glitaz,2,,,
Glivance,2,,,
Glivid,2,,,
Gliza,2,,,
Gliztyt,2,,,
Glp,2,,,
Glucar,2,,,
Glucidap,2,,,
Glucocart,2,,,
Glucodol,2,,,
Glucogurd,2,,,
Glucomil,2,,,
Glucomust,2,,,
Glucosam,2,,,
Glucotrol,2,,,
Glucozone,2,,,
Glucut,2,,,
Glumet,2,,,
Glusens,2,,,
Glutanac,2,,,
Glutanase,2,,,
Gluxida,2,,,
Glybell,2,,,
Glycegate,2,,,
Glycocure,2,,,
Glycolate,2,,,
Glycomin,2,,,
Glycopride,2,,,
Glyduo,2,,,
Glyfit,2,,,
Glymifine,2,,,
Glymin,2,,,
Glypizest,2,,,
Glyson,2,,,
Glytas,2,,,
Glytrinamed,2,,,
Glyxambi,2,,,
Gmt,2,,,
Gpen,2,,,
Gpn,2,,,
Graton,2,,,
Gravidol,2,,,
Gravitor,2,,,
Greenmox,2,,,
Greysmart,2,,,
Gringaba,2,,,
Grisovin,2,,,
Gurur,2,,,
Gutrex,2,,,
Gutsave,2,,,
Gyselmet,2,,,
Hadid,2,,,
Haemaday,2,,,
Hairvita,2,,,
Happyglip,2,,,
Haract,2,,,
Harmoni,2,,,
Harpoon,2,,,
Hdcal,2,,,
Headset,2,,,
Healgraft,2,,,
Hefopreg,2,,,
Hemotag,2,,,
Hepakind,2,,,
Heparace,2,,,
Heptidine,2,,,
Herpival,2,,,
Hetran,2,,,
Hexapod,2,,,
Hexartan,2,,,
Hhazi,2,,,
Hhglim,2,,,
Hhtelm,2,,,
Hibesor,2,,,
Hicium,2,,,
Hifolate,2,,,
Hilerin,2,,,
Hilglim,2,,,
Histakem,2,,,
Histicare,2,,,
Histin,2,,,
Hitap,2,,,
Hk,2,,,
Hompa,2,,,
Horn,2,,,
Hydrazide,2,,,
Hydride,2,,,
Hydroxyzone,2,,,
Hyformin,2,,,
Hyglim,2,,,
Hyglyd,2,,,
Hynil,2,,,
Hypersartan,2,,,
Hypodrin,2,,,
Hypohist,2,,,
Hyzirex,2,,,
Ien,2,,,
Ibuclin,2,,,
Icarmet,2,,,
Icobit,2,,,
Icozide,2,,,
Idense,2,,,
Identi,2,,,
Idetor,2,,,
Ifimox,2,,,
Ifin,2,,,
Iganef,2,,,
Ihd,2,,,
Ildamen,2,,,
Illuvog,2,,,
Imatib,2,,,
Imdur,2,,,
Imectin,2,,,
Immu,2,,,
Immudapt,2,,,
Imotrax,2,,,
Impulog,2,,,
Inapure,2,,,
Increten,2,,,
Incriten,2,,,
Infipride,2,,,
Innorose,2,,,
Inramed,2,,,
Insat,2,,,
Instaaheal,2,,,
Instactiv,2,,,
Insuvil,2,,,
Insuzide,2,,,
Intalith,2,,,
Intavon,2,,,
Invista,2,,,
Inzit,2,,,
Inzoboon,2,,,
Ipca,2,Ipca Laboratories Ltd,Public company,exact
Irea,2,,,
Isa,2,,,
Isashine,2,,,
Isinac,2,,,
Isobest,2,,,
Isopil,2,,,
Isordil,2,,,
Isox,2,,,
Istapep,2,,,
Istaphase,2,,,
Istapin,2,,,
Itcalms,2,,,
Itel,2,,,
Ivabeat,2,,,
Ivables,2,,,
Ivabratco,2,,,
Ivamac,2,,,
Ivercid,2,,,
Iverjohn,2,,,
Iverscab,2,,,
Ivoral,2,,,
Jakmac,2,,,
Jakseas,2,,,
Jesmeth,2,,,
Jesro,2,,,
Jesvin,2,,,
Jogren,2,,,
Joinfast,2,,,
Jointigen,2,,,
Jolavi,2,,,
Jolyon,2,,,
Joseiz,2,,,
Joxcy,2,,,
Joystiff,2,,,
Juamet,2,,,
Jubivilda,2,,,
Jupical,2,,,
Jupimarc,2,,,
Jupistat,2,,,
Jupitel,2,,,
Justsleep,2,,,
Juviana,2,,,
Juvilist,2,,,
Kabvie,2,,,
Kaifyl,2,,,
Kal,2,,,
Kapnerv,2,,,
Kbloc,2,,,
Kcmet,2,,,
Kefdox,2,,,
Kefmax,2,,,
Keftrum,2,,,
Kemadrin,2,,,
Kerendia,2,,,
Ket,2,,,
Ketoalfa,2,,,
Ketocheck,2,,,
Ketopen,2,,,
Ketorite,2,,,
Ketosure,2,,,
Ketotime,2,,,
Ketovance,2,,,
Keycept,2,,,
Kincare,2,,,
Kinetozyme,2,,,
Kinpride,2,,,
Kiwimox,2,,,
Kiwizith,2,,,
Klenxim,2,,,
Kloza,2,,,
Kneecerin,2,,,
Kneewin,2,,,
Kobacar,2,,,
Koldamed,2,,,
Koligesic,2,,,
Kombiglyze,2,,,
Korandil,2,,,
Kretos,2,,,
Kronostar,2,,,
Kultab,2,,,
Kutaj,2,,,
Kuvagold,2,,,
Kylazine,2,,,
Labebet,2,,,
Lacalm,2,,,
Lacobris,2,,,
Lactoclaav,2,,,
Lactofol,2,,,
Lafaxid,2,,,
Laibi,2,,,
Lalithium,2,,,
Lam,2,,,
Lamilark,2,,,
Lamistar,2,,,
Lamogine,2,,,
Lamrest,2,,,
Lanagesic,2,,,
Lanrief,2,,,
Lansoway,2,,,
Lantovas,2,,,
Lanum,2,,,
Lanzoprax,2,,,
Lapezil,2,,,
Larap,2,,,
Larigest,2,,,
Lariglip,2,,,
Lariten,2,,,
Larpose,2,,,
Lasminext,2,,,
Laz,2,,,
Lazid,2,,,
Lazine,2,,,
Ldlow,2,,,
Lecmon,2,,,
Leetel,2,,,
Lefday,2,,,
Lefludar,2,,,
Lefno,2,,,
Lefra,2,,,
Lefuma,2,,,
Lefumide,2,,,
Lefutoid,2,,,
Lejet,2,,,
Lekace,2,,,
Leptaden,2,,,
Lerka,2,,,
Leset,2,,,
Letodew,2,,,
Letroz,2,,,
Leucorin,2,,,
Levanz,2,,,
Levenig,2,,,
Levetrose,2,,,
Levin,2,,,
Levisar,2,,,
Levoblem,2,,,
Levofresh,2,,,
Levogastrol,2,,,
Levokon,2,,,
Levomer,2,,,
Levoquin,2,,,
Levosure,2,,,
Levota,2,,,
Levotin,2,,,
Levova,2,,,
Levz,2,,,
Lexa,2,,,
Lezkast,2,,,
Lglip,2,,,
Liberbas,2,,,
Libero,2,,,
Librium,2,,,
Licab,2,,,
Li,2,,,
Ligashot,2,,,
Ligintal,2,,,
Lilo,2,,,
Limbitrol,2,,,
Limbival,2,,,
Limevita,2,,,
Limonte,2,,,
Linabetic,2,,,
Linablu,2,,,
Linaglad,2,,,
Linagreat,2,,,
Linaldo,2,,,
Linaone,2,,,
Linapaz,2,,,
Linaself,2,,,
Linashel,2,,,
Linato,2,,,
Linatrack,2,,,
Lingretin,2,,,
Linorma,2,,,
Linozin,2,,,
Lioresal,2,,,
Lipage,2,,,
Lipifol,2,,,
Lipigoal,2,,,
Lipira,2,,,
Lipistan,2,,,
Lipivas,2,,,
Liplac,2,,,
Liplomak,2,,,
Lipofix,2,,,
Lirophos,2,,,
Lisani,2,,,
Liser,2,,,
Lisr,2,,,
List,2,,,
Litca,2,,,
Lithex,2,,,
Lithic,2,,,
Lithium,2,,,
Lithocent,2,,,
Lithohenz,2,,,
Litholexal,2,,,
Lithosun,2,,,
Liverubin,2,,,
Livodox,2,,,
Livorus,2,,,
Livwyn,2,,,
Livzen,2,,,
Lmf,2,,,
Lnmet,2,,,
Lnpil,2,,,
Lobachek,2,,,
Lobacor,2,,,
Lobatric,2,,,
Lobaz,2,,,
Lobimet,2,,,
Lodoz,2,,,
Lofebril,2,,,
Lofecam,2,,,
Logivir,2,,,
Lomicort,2,,,
Lomofen,2,,,
Lomopar,2,,,
Longliptin,2,,,
Loprin,2,,,
Lopt,2,,,
Loranza,2,,,
Lorawel,2,,,
Loraz,2,,,
Lorazax,2,,,
Lorazelarc,2,,,
Lorazelem,2,,,
Lorchek,2,,,
Lorel,2,,,
Loricalm,2,,,
Loricon,2,,,
Loripam,2,,,
Lorlip,2,,,
Lorvas,2,,,
Losatan,2,,,
Loxum,2,,,
Loyfolate,2,,,
Lozat,2,,,
Lozep,2,,,
Lquin,2,,,
Luna,2,,,
Lunamide,2,,,
Lupase,2,,,
Lupiclor,2,,,
Lupiflex,2,,,
Lupivon,2,,,
Lupivor,2,,,
Lurace,2,,,
Lurafic,2,,,
Luramax,2,,,
Lurasid,2,,,
Lurastar,2,,,
Lurata,2,,,
Lutine,2,,,
Lyber,2,,,
Lymed,2,,,
Lymin,2,,,
Lynoral,2,,,
Lyvelsa,2,,,
Macfresh,2,,,
Macprox,2,,,
Macroid,2,,,
Macrotor,2,,,
Macugold,2,,,
Macven,2,,,
Maczorb,2,,,
Madopar,2,,,
Magnical,2,,,
Magnicar,2,,,
Magnilead,2,,,
Magnorate,2,,,
Magvitane,2,,,
Magzical,2,,,
Mahapod,2,,,
Malapp,2,,,
Malirid,2,,,
Malz,2,,,
Mamofen,2,,,
Manocalm,2,,,
Manodol,2,,,
Manohexy,2,,,
Manorest,2,,,
Manza,2,,,
Marzon,2,,,
Masjoint,2,,,
Mastowell,2,,,
Matmin,2,,,
Maxbenfit,2,,,
Maxcart,2,,,
Maxformin,2,,,
Mayupan,2,,,
Mayupreg,2,,,
Mebazam,2,,,
Mecobel,2,,,
Medcaltrol,2,,,
Medciloz,2,,,
Medigrel,2,,,
Medipin,2,,,
Mednovit,2,,,
Medricort,2,,,
Medtizem,2,,,
Mefclopam,2,,,
Mefrite,2,,,
Megacet,2,,,
Megafolin,2,,,
Megahenz,2,,,
Megazen,2,,,
Megliroy,2,,,
Melanco,2,,,
Meloprax,2,,,
Meloset,2,,,
Melsone,2,,,
Memansys,2,,,
Memantal,2,,,
Menofit,2,,,
Mep,2,,,
Mepgli,2,,,
Meplant,2,,,
Meprate,2,,,
Mepril,2,,,
Meruglipt,2,,,
Mestrolyst,2,,,
Metabest,2,,,
Metaday,2,,,
Metadoze,2,,,
Metaglez,2,,,
Metalead,2,,,
Metaliv,2,,,
Metaloc,2,,,
Metamid,2,,,
Metanew,2,,,
Metaplus,2,,,
Metaspan,2,,,
Metazide,2,,,
Metfine,2,,,
Metfodex,2,,,
Metform,2,,,
Metgem,2,,,
Metglar,2,,,
Metgli,2,,,
Methimercazole,2,,,
Methimez,2,,,
Methone,2,,,
Methycal,2,,,
Metinex,2,,,
Metis,2,,,
Metital,2,,,
Metlio,2,,,
Metmax,2,,,
Metmin,2,,,
Metnyle,2,,,
Metoder,2,,,
Metofin,2,,,
Metofix,2,,,
Metogreat,2,,,
Metol,2,,,
Metolamed,2,,,
Metolol,2,,,
Metomac,2,,,
Metopot,2,,,
Metoprolite,2,,,
Metoris,2,,,
Metosave,2,,,
Metosux,2,,,
Metoz,2,,,
Metozox,2,,,
Metsalarc,2,,,
Metsar,2,,,
Metspot,2,,,
Metwell,2,,,
Mezocar,2,,,
Mgd3,2,,,
Mggold,2,,,
Mglyn,2,,,
Mgr,2,,,
Mhr,2,,,
Mhsator,2,,,
Mhsglimep,2,,,
Mib,2,,,
Mibeta,2,,,
Michelle,2,,,
Microvir,2,,,
Midgeo,2,,,
Midohep,2,,,
Midotab,2,,,
Mifeone,2,,,
Mifiact,2,,,
Migarid,2,,,
Migiplex,2,,,
Migitus,2,,,
Migranex,2,,,
Migranil,2,,,
Migranoc,2,,,
Migravas,2,,,
Migrazine,2,,,
Migrest,2,,,
Migrex,2,,,
Migtor,2,,,
Minformet,2,,,
Minipress,2,,,
Minizep,2,,,
Minogain,2,,,
Minolox,2,,,
Minonil,2,,,
Minotas,2,,,
Mio,2,,,
Mira,2,,,
Mirabet,2,,,
Miragrow,2,,,
Mirtalift,2,,,
Mirtawyn,2,,,
Mirtee,2,,,
Mirtex,2,,,
Misonac,2,,,
Missile,2,,,
Mitapin,2,,,
Mithstatin,2,,,
Mitiheme,2,,,
Mitoglica,2,,,
Mitostim,2,,,
Mitovit,2,,,
Mmf,2,,,
Mobiral,2,,,
Mobirich,2,,,
Mobizox,2,,,
Modalert,2,,,
Modin,2,,,
Mofestat,2,,,
Mofetyl,2,,,
Mol,2,,,
Mompress,2,,,
Moncet,2,,,
Moneresp,2,,,
Monlevo,2,,,
Monocontin,2,,,
Monorin,2,,,
Monosorbitrate,2,,,
Monotorva,2,,,
Monotrodil,2,,,
Monovono,2,,,
Monteblist,2,,,
Montefree,2,,,
Montekast,2,,,
Montemer,2,,,
Montemost,2,,,
Monterex,2,,,
Monteshine,2,,,
Montgold,2,,,
Montibro,2,,,
Montlevo,2,,,
Montonex,2,,,
Montospan,2,,,
Montovent,2,,,
Montri,2,,,
Montuvir,2,,,
Monvil,2,,,
Monzem,2,,,
Morbon,2,,,
Morflex,2,,,
Mosid,2,,,
Motility,2,,,
Movahexy,2,,,
Movicam,2,,,
Moxcent,2,,,
Moxilong,2,,,
Moxiright,2,,,
Moxocard,2,,,
Moxon,2,,,
Moxotan,2,,,
Moxovas,2,,,
Moxzoy,2,,,
Mozep,2,,,
Mplofen,2,,,
Mspaz,2,,,
Mtz,2,,,
Mucipoly,2,,,
Mucotil,2,,,
Mucotune,2,,,
Multiauxin,2,,,
Multistat,2,,,
Muvera,2,,,
Mycograft,2,,,
Mycomune,2,,,
Mycotero,2,,,
Mycotop,2,,,
Myelin,2,,,
Myfet,2,,,
Myfortic,2,,,
Mylinsafe,2,,,
Mylodin,2,,,
Mymarda,2,,,
Mymeto,2,,,
Myoda,2,,,
Myodura,2,,,
Myofatige,2,,,
Myofetol,2,,,
Myogrel,2,,,
Myophage,2,,,
Myoprol,2,,,
Myoride,2,,,
Myospaz,2,,,
Mypride,2,,,
Myron,2,,,
Mytel,2,,,
Mywin,2,,,
Nabicarb,2,,,
Nabico3,2,,,
Naceresp,2,,,
Nacyres,2,,,
Nafodil,2,,,
Naglut,2,,,
Naprodom,2,,,
Napropass,2,,,
Naprowel,2,,,
Natriem,2,,,
Natrilix,2,,,
Natrise,2,,,
Natzide,2,,,
Nauvom,2,,,
Naxdom,2,,,
Naza,2,,,
Naze,2,,,
Ndrap,2,,,
Nebibeta,2,,,
Nebicip,2,,,
Nebigoal,2,,,
Nebiheal,2,,,
Nebilife,2,,,
Nebimac,2,,,
Nebinet,2,,,
Nebipil,2,,,
Nebipure,2,,,
Nebiten,2,,,
Nebizok,2,,,
Neclix,2,,,
Nefidinol,2,,,
Nefrogard,2,,,
Nemdaa,2,,,
Neoberry,2,,,
Neobone,2,,,
Neocalm,2,,,
Neoloridin,2,,,
Neopan,2,,,
Neosoralen,2,,,
Neovcal,2,,,
Neovycal,2,,,
Nephrowin,2,,,
Nero,2,,,
Nervegates,2,,,
Nervenia,2,,,
Nervihenz,2,,,
Nervipath,2,,,
Nervisun,2,,,
Nervitop,2,,,
Nestneuron,2,,,
Net,2,,,
Netorva,2,,,
Neulith,2,,,
Neulog,2,,,
Neulora,2,,,
Neumeco,2,,,
Neupanil,2,,,
Neuralba,2,,,
Neuralvin,2,,,
Neurampzel,2,,,
Neurigab,2,,,
Neuris,2,,,
Neurodin,2,,,
Neurogem,2,,,
Neurohist,2,,,
Neuromeda,2,,,
Neuronomic,2,,,
Neurotic,2,,,
Neurovin,2,,,
Neurowin,2,,,
Nevimune,2,,,
Nevirin,2,,,
Nevy,2,,,
Newmet,2,,,
Newven,2,,,
Nexna,2,,,
Nexneuro,2,,,
Nexsart,2,,,
Nextril,2,,,
Nf,2,,,
Nialip,2,,,
Niavas,2,,,
Nib,2,,,
Niczide,2,,,
Nidcal,2,,,
Nifspur,2,,,
Niftas,2,,,
Nigmeta,2,,,
Nigopram,2,,,
Nigtel,2,,,
Nigtor,2,,,
Nikolife,2,,,
Nilhist,2,,,
Nilitis,2,,,
Nimdis,2,,,
Nimica,2,,,
Nimupain,2,,,
Nipam,2,,,
Nira,2,,,
Nirglim,2,,,
Nitaz,2,,,
Nitcalm,2,,,
Nite,2,,,
Nithra,2,,,
Nitocef,2,,,
Nitozyme,2,,,
Nitpro,2,,,
Nitravet,2,,,
Nitrest,2,,,
Nitrocontin,2,,,
Nitroduce,2,,,
Nitrolife,2,,,
Nitrospan,2,,,
Nitrosun,2,,,
Nitrox,2,,,
Nobegliz,2,,,
Nobinate,2,,,
Nocidos,2,,,
Nock,2,,,
Nocrav,2,,,
Nodard,2,,,
Nofrac,2,,,
Nolgliptin,2,,,
Nolopain,2,,,
Nomigra,2,,,
Noraday,2,,,
Norbetes,2,,,
Noresmed,2,,,
Norflokem,2,,,
Norfol,2,,,
Norilet,2,,,
Normabeat,2,,,
Normace,2,,,
Normomet,2,,,
Normopril,2,,,
Nortas,2,,,
Norval,2,,,
Novaglif,2,,,
Novaglipt,2,,,
Novalgin,2,,,
Novamentin,2,,,
Novex,2,,,
Novogest,2,,,
Novolid,2,,,
Ntfung,2,,,
Nuazy,2,,,
Nuchain,2,,,
Nucope,2,,,
Nucoril,2,,,
Nueblock,2,,,
Nuexime,2,,,
Nugliptin,2,,,
Numet,2,,,
Numlotor,2,,,
Numol,2,,,
Numolog,2,,,
Nuroflex,2,,,
Nurogab,2,,,
Nusaid,2,,,
Nusam,2,,,
Nusopride,2,,,
Nustat,2,,,
Nutam,2,,,
Nutraferon,2,,,
Nutrico,2,,,
Nutrika,2,,,
Nuvilda,2,,,
Nuzarine,2,,,
Nuzorb,2,,,
Oa,2,,,
Oasoft,2,,,
Obetohep,2,,,
Ocabile,2,,,
Ocifril,2,,,
Ocugold,2,,,
Odep,2,,,
Odifex,2,,,
Odirab,2,,,
Odivir,2,,,
Ofloxid,2,,,
Ofxamp,2,,,
Oglo,2,,,
Ohaday,2,,,
Olafressh,2,,,
Olancus,2,,,
Olapax,2,,,
Olaset,2,,,
Olip,2,,,
Olmefit,2,,,
Olmetus,2,,,
Olmewal,2,,,
Olmibp,2,,,
Olmiheart,2,,,
Oltrax,2,,,
Olvan,2,,,
Omcef,2,,,
Omesvio,2,,,
Omniclav,2,,,
Oncium,2,,,
Onetrela,2,,,
Onezine,2,,,
Onglyza,2,,,
Opara,2,,,
Opin,2,,,
Opipramyk,2,,,
Opiprol,2,,,
Optogest,2,,,
Oratric,2,,,
Orazep,2,,,
Orgynogest,2,,,
Orijet,2,,,
Orni,2,,,
Oroglic,2,,,
Oropraz,2,,,
Orotate,2,,,
Orsivit,2,,,
Orthocort,2,,,
Oscreen,2,,,
Ostebon,2,,,
Osteohalt,2,,,
Osteospar,2,,,
Osteotune,2,,,
Ostogard,2,,,
Ostolief,2,,,
Otski,2,,,
Ovacet,2,,,
Ovafirm,2,,,
Ovaflo,2,,,
Ovaforce,2,,,
Ovafresh,2,,,
Ovalife,2,,,
Ovamine,2,,,
Ovofar,2,,,
Ovopag,2,,,
Ovral,2,,,
Ovuloc,2,,,
Owspan,2,,,
Oxcee,2,,,
Oxeptal,2,,,
Oxewyn,2,,,
Oxiray,2,,,
Oxvun,2,,,
Oxybase,2,,,
Oxycal,2,,,
Oxyspas,2,,,
Oxyvestin,2,,,
Ozovil,2,,,
Pabatab,2,,,
Page,2,,,
Painact,2,,,
Palido,2,,,
Palip,2,,,
Palmida,2,,,
Pamaspas,2,,,
Panlord,2,,,
Panryd,2,,,
Pantaford,2,,,
Pantime,2,,,
Pantogyn,2,,,
Pantospect,2,,,
Pantovel,2,,,
Pantozime,2,,,
Panwal,2,,,
Panzol,2,,,
Panzynorm,2,,,
Paraday,2,,,
Paralab,2,,,
Paraxell,2,,,
Paraxwin,2,,,
Parkin,2,,,
Parnil,2,,,
Paroxedem,2,,,
Paroxee,2,,,
Parozep,2,,,
Paternia,2,,,
Patroz,2,,,
Paxiba,2,,,
Paxinta,2,,,
Pazinib,2,,,
Pazolong,2,,,
Pbh,2,,,
Pelolin,2,,,
Penclav,2,,,
Penvir,2,,,
Penz,2,,,
Penza,2,,,
Peramnel,2,,,
Perampil,2,,,
Percompa,2,,,
Perepsy,2,,,
Perfectil,2,,,
Perineuro,2,,,
Peritel,2,,,
Persantin,2,,,
Pexomox,2,,,
Phenobarb,2,,,
Philmont,2,,,
Phlogam,2,,,
Phosmer,2,,,
Pidlet,2,,,
Pidotimune,2,,,
Pilpride,2,,,
Pimide,2,,,
Pinaka,2,,,
Pinfix,2,,,
Pinkletro,2,,,
Piogen,2,,,
Piolit,2,,,
Piolon,2,,,
Pioplus,2,,,
Piorest,2,,,
Pioride,2,,,
Pioryl,2,,,
Piosys,2,,,
Piovel,2,,,
Pirac,2,,,
Pircetam,2,,,
Pixaflo,2,,,
Pizone,2,,,
Placidox,2,,,
Platify,2,,,
Plavas,2,,,
Pletoz,2,,,
Pmson,2,,,
Pna,2,,,
Podec,2,,,
Podocip,2,,,
Pole,2,,,
Polihem,2,,,
Polisitol,2,,,
Polycto,2,,,
Polypex,2,,,
Posatral,2,,,
Posito,2,,,
Powergest,2,,,
Prako,2,,,
Pramipar,2,,,
Praqvil,2,,,
Prasilex,2,,,
Praxohenz,2,,,
Prazonic,2,,,
Prazopill,2,,,
Prazosafe,2,,,
Prazoset,2,,,
Prazosure,2,,,
Prazoval,2,,,
Prazowyn,2,,,
Prealdonil,2,,,
Preclazide,2,,,
Predilab,2,,,
Preg,2,,,
Pregafem,2,,,
Pregain,2,,,
Pregaleo,2,,,
Pregalodos,2,,,
Preganza,2,,,
Pregaonce,2,,,
Pregapress,2,,,
Pregarey,2,,,
Pregaseez,2,,,
Pregatin,2,,,
Pregaway,2,,,
Pregawell,2,,,
Pregdox,2,,,
Pregmyth,2,,,
Pregneva,2,,,
Pregoxy,2,,,
Prelid,2,,,
Premigrane,2,,,
Prenatal,2,,,
Prenig,2,,,
Prenyle,2,,,
Prepixa,2,,,
Preslo,2,,,
Presmovac,2,,,
Prestoheal,2,,,
Prevamet,2,,,
Prevint,2,,,
Pridep,2,,,
Pridevin,2,,,
Priglim,2,,,
Primerich,2,,,
Priviso,2,,,
Procalm,2,,,
Procart,2,,,
Proctinal,2,,,
Procydin,2,,,
Prodine,2,,,
Progynova,2,,,
Proline,2,,,
Prolotop,2,,,
Prolutax,2,,,
Prometh,2,,,
Pronol,2,,,
Protocent,2,,,
Protoin,2,,,
Provenef,2,,,
Pruban,2,,,
Prucros,2,,,
Pruease,2,,,
Prularen,2,,,
Prulitop,2,,,
Prumpin,2,,,
Prupil,2,,,
Prusent,2,,,
Prutrip,2,,,
Pruvict,2,,,
Pruwel,2,,,
Psyclo,2,,,
Psydyl,2,,,
Ptu,2,,,
Pulmucus,2,,,
Puril,2,,,
Pylokit,2,,,
Pyrifol,2,,,
Pyrin,2,,,
Pyrope,2,,,
Qceph,2,,,
Qnerve,2,,,
Qsiri,2,,,
Qualiz,2,,,
Quetalent,2,,,
Quicnac,2,,,
Quincipro,2,,,
Qupin,2,,,
Qutace,2,,,
Qutip,2,,,
Qutiwyn,2,,,
Qutus,2,,,
Rabetel,2,,,
Rabirep,2,,,
Rabonia,2,,,
Ramicare,2,,,
Ramichek,2,,,
Ramicure,2,,,
Ramifid,2,,,
Ramilarc,2,,,
Ramod,2,,,
Ramtel,2,,,
Ramyglyn,2,,,
Ramz,2,,,
Ran,2,,,
Ranispas,2,,,
Ranolaz,2,,,
Ranozex,2,,,
Ranx,2,,,
Rapidflam,2,,,
Rasalect,2,,,
Ratrovol,2,,,
Rebless,2,,,
Rebose,2,,,
Recarb,2,,,
Recartin,2,,,
Recebose,2,,,
Recilet,2,,,
Recopress,2,,,
Redapt,2,,,
Redder,2,,,
Rediva,2,,,
Rednisol,2,,,
Refil,2,,,
Refsav,2,,,
Rejuall,2,,,
Rejufast,2,,,
Rejumet,2,,,
Rejunet,2,,,
Rejuprix,2,,,
Rejutotal,2,,,
Rekount,2,,,
Relaxid,2,,,
Relgin,2,,,
Religaba,2,,,
Relihexy,2,,,
Remac,2,,,
Remenda,2,,,
Remet,2,,,
Remicef,2,,,
Remiglim,2,,,
Renagold,2,,,
Renfe,2,,,
Reniva,2,,,
Renoalfa,2,,,
Renolog,2,,,
Renopress,2,,,
Renosis,2,,,
Renosky,2,,,
Renoxi,2,,,
Renum,2,,,
Renyle,2,,,
Repalol,2,,,
Repvita,2,,,
Resicar,2,,,
Resitan,2,,,
Resochin,2,,,
Resodim,2,,,
Resophyl,2,,,
Respimac,2,,,
Resque,2,,,
Restovis,2,,,
Restrict,2,,,
Retense,2,,,
Retigard,2,,,
Reuglipt,2,,,
Revici,2,,,
Revit,2,,,
Revlamer,2,,,
Revocal,2,,,
Revodol,2,,,
Revolade,2,,,
Rexonac,2,,,
Rezilent,2,,,
Rhe,2,,,
Rhexical,2,,,
Rhinosafe,2,,,
Ribofem,2,,,
Riboflavin,2,,,
Riboflavine,2,,,
Ricovir,2,,,
Ridofcyst,2,,,
Rifabiz,2,,,
Rifacus,2,,,
Rifafrnd,2,,,
Rifaria,2,,,
Rifaxilarc,2,,,
Rifigon,2,,,
Rilos,2,,,
Rismore,2,,,
Ristab,2,,,
Ritebeat,2,,,
Ritza,2,,,
Rivaflex,2,,,
Rivalife,2,,,
Riv,2,,,
Rixant,2,,,
Rixmin,2,,,
Riz,2,,,
Rizole,2,,,
Rizora,2,,,
Robinaxol,2,,,
Rocktus,2,,,
Rojeska,2,,,
Rojutor,2,,,
Rolimus,2,,,
Rolomet,2,,,
Rootcal,2,,,
Roparil,2,,,
Roshtavas,2,,,
Rosigen,2,,,
Rosiwin,2,,,
Rosmi,2,,,
Rostafine,2,,,
Rosterol,2,,,
Rosublok,2,,,
Rosufame,2,,,
Rosugly,2,,,
Rosumighty,2,,,
Rosurex,2,,,
Rosusim,2,,,
Rosuvatab,2,,,
Rosuzio,2,,,
Rosvalue,2,,,
Rotel,2,,,
Rovastat,2,,,
Roxim,2,,,
Rozafen,2,,,
Rozalet,2,,,
Rozigrip,2,,,
Roziwin,2,,,
Roztor,2,,,
Rozumont,2,,,
Rozzy,2,,,
Rugtrit,2,,,
Rumalef,2,,,
Rupanex,2,,,
Rusuva,2,,,
Rutoheal,2,,,
Rv,2,,,
Rytstat,2,,,
Saaz,2,,,
Sacuhart,2,,,
Saculysin,2,,,
Sacumust,2,,,
Sacupil,2,,,
Sacupump,2,,,
Sacustart,2,,,
Safazi,2,,,
Safenine,2,,,
Safgut,2,,,
Safion,2,,,
Safpod,2,,,
Safurox,2,,,
Sahamet,2,,,
Sahavil,2,,,
Salazar,2,,,
Salbetol,2,,,
Samitra,2,,,
San,2,,,
Sanjoint,2,,,
Sanoxaban,2,,,
Sanzivit,2,,,
Sarb,2,,,
Sbnate,2,,,
Scavista,2,,,
Scor,2,,,
Secam,2,,,
Secremet,2,,,
Secretag,2,,,
Seecarb,2,,,
Segemin,2,,,
Segera,2,,,
Seizamide,2,,,
Seizcloba,2,,,
Seiztra,2,,,
Selbo,2,,,
Selcet,2,,,
Selepeg,2,,,
Seletra,2,,,
Selomax,2,,,
Senbest,2,,,
Senex,2,,,
Senmet,2,,,
Sensipod,2,,,
Sensitex,2,,,
Sensival,2,,,
Sepmax,2,,,
Septid,2,,,
Serenata,2,,,
Serfix,2,,,
Sermet,2,,,
Sermex,2,,,
Serotab,2,,,
Serra,2,,,
Serzest,2,,,
Setalin,2,,,
Setbrain,2,,,
Setgab,2,,,
Sevanix,2,,,
Sevbind,2,,,
Sevcar,2,,,
Sevelabind,2,,,
Sevelar,2,,,
Seveligar,2,,,
Sevista,2,,,
Sevlaren,2,,,
Sgltyt,2,,,
Sgprime,2,,,
Shel,2,,,
Sheloys,2,,,
Shinoliv,2,,,
Shringlim,2,,,
Sibelium,2,,,
Sicriptin,2,,,
Sigcinar,2,,,
Siglinu,2,,,
Silolyst,2,,,
Simlo,2,,,
Simvofix,2,,,
Sin,2,,,
Sinate,2,,,
Sinus,2,,,
Sipglip,2,,,
Sipram,2,,,
Sismeal,2,,,
Sisneuro,2,,,
Sitacare,2,,,
Sitaedge,2,,,
Sitaexer,2,,,
Sitagun,2,,,
Sitalight,2,,,
Sitampel,2,,,
Sitarule,2,,,
Sitastar,2,,,
Sitatyt,2,,,
Sitavas,2,,,
Sitavast,2,,,
Sitaverse,2,,,
Sitazio,2,,,
Sitgenta,2,,,
Sivel,2,,,
Sizlac,2,,,
Skizotus,2,,,
Smartinor,2,,,
Smycal,2,,,
Snigmin,2,,,
Sobicarmed,2,,,
Sobicarwyn,2,,,
Sobimed,2,,,
Sobinix,2,,,
Sobisafe,2,,,
Sobiup,2,,,
Sobrium,2,,,
Sodakindle,2,,,
Sodiac,2,,,
Sodic,2,,,
Sodisave,2,,,
Solfe,2,,,
Solicept,2,,,
Solikem,2,,,
Solinate,2,,,
Solipred,2,,,
Soliten,2,,,
Solotis,2,,,
Solpriwel,2,,,
Solubid,2,,,
Solzam,2,,,
Sooktyn,2,,,
Sootashekhar,2,,,
Sopor,2,,,
Soralen,2,,,
Sorbitrate,2,,,
Sorest,2,,,
Sparvita,2,,,
Spasmeptol,2,,,
Spectliv,2,,,
Spegra,2,,,
Spicatel,2,,,
Sq,2,,,
Sreyas,2,,,
Stable,2,,,
Stanlip,2,,,
Stantel,2,,,
Startdap,2,,,
Statheal,2,,,
Staty,2,,,
Steepcal,2,,,
Stegsita,2,,,
Stelonac,2,,,
Stemin,2,,,
Stenpaz,2,,,
Stic,2,,,
Stilnoct,2,,,
Stiloz,2,,,
Stilvee,2,,,
Stimucor,2,,,
Stop,2,,,
Storfib,2,,,
Storwin,2,,,
Stozic,2,,,
Strobrus,2,,,
Stropil,2,,,
Stugil,2,,,
Styptin,2,,,
Sudard,2,,,
Sudarshan,2,,,
Sugadip,2,,,
Suganril,2,,,
Sugavild,2,,,
Sugawell,2,,,
Sukhasarak,2,,,
Sulseas,2,,,
Superior,2,,,
Supexa,2,,,
Suport,2,,,
Supral,2,,,
Supranerv,2,,,
Suprox,2,,,
Suretel,2,,,
Svbell,2,,,
Sycet,2,,,
Sycline,2,,,
Symfine,2,,,
Sympta,2,,,
Syngaba,2,,,
Synofluid,2,,,
Synomil,2,,,
Szn,2,,,
Tabis,2,,,
Tachyra,2,,,
Tadace,2,,,
Tadact,2,,,
Tadamic,2,,,
Tadazest,2,,,
Tah,2,,,
Talecalm,2,,,
Talendol,2,,,
Taluts,2,,,
Tamandro,2,,,
Tambest,2,,,
Tamcontin,2,,,
Tamdosin,2,,,
Tamepro,2,,,
Tamsugyl,2,,,
Tamodex,2,,,
Tamoxifen,2,,,
Tampres,2,,,
Tamsiflo,2,,,
Tamsin,2,,,
Tamsorid,2,,,
Tamsularc,2,,,
Tamsumo,2,,,
Tamsural,2,,,
Tamtero,2,,,
Tancodep,2,,,
Taneka,2,,,
Tapfree,2,,,
Tarivid,2,,,
Tasulin,2,,,
Tavera,2,,,
Taxamic,2,,,
Taxclav,2,,,
Taz,2,,,
Tebokan,2,,,
Techgest,2,,,
Teglinov,2,,,
Tehit,2,,,
Telasvi,2,,,
Telcar,2,,,
Telcer,2,,,
Telchoice,2,,,
Telcid,2,,,
Telcon,2,,,
Telcrest,2,,,
Teldil,2,,,
Telect,2,,,
Telexia,2,,,
Telindia,2,,,
Telinex,2,,,
Telipril,2,,,
Telmaxx,2,,,
Telmaz,2,,,
Telmecaid,2,,,
Telmee,2,,,
Telmeron,2,,,
Telmibell,2,,,
Telmibless,2,,,
Telmicerna,2,,,
Telmicide,2,,,
Telmidot,2,,,
Telmiford,2,,,
Telmigold,2,,,
Telmilace,2,,,
Telmilex,2,,,
Telmilong,2,,,
Telmirite,2,,,
Telmisure,2,,,
Telmivance,2,,,
Telmoto,2,,,
Telmurix,2,,,
Telodil,2,,,
Telone,2,,,
Telorva,2,,,
Telque,2,,,
Telsense,2,,,
Telsmall,2,,,
Telstat,2,,,
Telswin,2,,,
Teltime,2,,,
Teltsan,2,,,
Telus,2,,,
Telzoe,2,,,
Temsunol,2,,,
Tenam,2,,,
Tenamit,2,,,
Tenan,2,,,
Tenark,2,,,
Tenaxlip,2,,,
Tencria,2,,,
Tendiss,2,,,
Tendocare,2,,,
Tendocin,2,,,
Tendofit,2,,,
Tendoheal,2,,,
Tendomac,2,,,
Tendonex,2,,,
Tendoshot,2,,,
Tendostrong,2,,,
Teneact,2,,,
Teneben,2,,,
Tenebetic,2,,,
Tenecare,2,,,
Tenecip,2,,,
Tenedip,2,,,
Tenedot,2,,,
Tenelar,2,,,
Tenelisafe,2,,,
Tenemate,2,,,
Tenenorm,2,,,
Tenewin,2,,,
Tenex,2,,,
Teniley,2,,,
Tenipack,2,,,
Tenistart,2,,,
Tenitin,2,,,
Teniway,2,,,
Tenlicad,2,,,
Tenlicret,2,,,
Tenlifast,2,,,
Tenlifil,2,,,
Tenlisave,2,,,
Teno,2,,,
Tenochek,2,,,
Tenof,2,,,
Tenolam,2,,,
Tenor,2,,,
Tensaril,2,,,
Tenstar,2,,,
Tentosix,2,,,
Tenywin,2,,,
Tenzulix,2,,,
Teplota,2,,,
Teptin,2,,,
Terbifly,2,,,
Terbitotal,2,,,
Terelate,2,,,
Teru,2,,,
Tetrafol,2,,,
Tetrapine,2,,,
Texina,2,,,
Thalitel,2,,,
Thaloric,2,,,
Theodep,2,,,
Thermonor,2,,,
Thiazide,2,,,
Thiocan,2,,,
Thioceclo,2,,,
Thiofer,2,,,
Thiorex,2,,,
Throbit,2,,,
Thromboxan,2,,,
Thyronil,2,,,
Tiaprex,2,,,
Tibrolin,2,,,
Ticarapt,2,,,
Ticasave,2,,,
Ticaspan,2,,,
Ticastro,2,,,
Ticatroy,2,,,
Ticavic,2,,,
Ticawyn,2,,,
Ticobon,2,,,
Tilan,2,,,
Tilmaroz,2,,,
Tiltin,2,,,
Timer,2,,,
Timofex,2,,,
Tipanat,2,,,
Tiptengio,2,,,
Tissot,2,,,
Tls,2,,,
Tmt,2,,,
Tnib,2,,,
Tocomore,2,,,
Tofaciz,2,,,
Tofajuv,2,,,
Tofakin,2,,,
Tofalembic,2,,,
Tofanta,2,,,
Tofashine,2,,,
Tofatinib,2,,,
Toficalm,2,,,
Tofza,2,,,
Tolaxant,2,,,
Tolfree,2,,,
Tolmenta,2,,,
Tolmex,2,,,
Tolmist,2,,,
Tolpazen,2,,,
Tolpiral,2,,,
Tolsama,2,,,
Tolu,2,,,
Topcid,2,,,
Topcoxib,2,,,
Toperizone,2,,,
Topflik,2,,,
Topirate,2,,,
Topiroxo,2,,,
Topival,2,,,
Toradic,2,,,
Torcad,2,,,
Torcytech,2,,,
Toresa,2,,,
Toride,2,,,
Torigesic,2,,,
Tormap,2,,,
Torplat,2,,,
Torsinol,2,,,
Toxur,2,,,
Tqroz,2,,,
Trac,2,,,
Traklina,2,,,
Tram,2,,,
Trancibel,2,,,
Tranex,2,,,
Tranexmed,2,,,
Trapex,2,,,
Traza,2,,,
Trazalon,2,,,
Trendset,2,,,
Trendz,2,,,
Triapriglim,2,,,
Tribet,2,,,
Tribose,2,,,
Trichosyn,2,,,
Tricilory,2,,,
Tricinod,2,,,
Triclazone,2,,,
Tridart,2,,,
Trifol,2,,,
Trigeeprim,2,,,
Trigem,2,,,
Triglaz,2,,,
Triglim,2,,,
Triglimestar,2,,,
Triglimet,2,,,
Triglimicer,2,,,
Triglimifon,2,,,
Triglimilife,2,,,
Triglimimark,2,,,
Triglimiprex,2,,,
Triglimpure,2,,,
Triglucobeat,2,,,
Triglucored,2,,,
Triglycilarc,2,,,
Triglycimep,2,,,
Trigpm,2,,,
Trigulin,2,,,
Trilife,2,,,
Trilosar,2,,,
Trimacare,2,,,
Trimacontin,2,,,
Trimegavog,2,,,
Trimelin,2,,,
Trimest,2,,,
Trimetride,2,,,
Trimin,2,,,
Trimop,2,,,
Trinexovas,2,,,
Triobimet,2,,,
Triogliz,2,,,
Triolmewyn,2,,,
Triolmighty,2,,,
Triolvance,2,,,
Triomune,2,,,
Triopil,2,,,
Tripax,2,,,
Tripin,2,,,
Triplent,2,,,
Triposmeal,2,,,
Triptaz,2,,,
Tristartglim,2,,,
Trisulforyl,2,,,
Tritam,2,,,
Tritastatin,2,,,
Trivofon,2,,,
Trivoglicad,2,,,
Trivogo,2,,,
Troid,2,,,
Trombonat,2,,,
Trospa,2,,,
Troxip,2,,,
Troynuron,2,,,
Trozan,2,,,
Trson,2,,,
TRUE,2,,,
Trueclam,2,,,
Truglip,2,,,
Trulimax,2,,,
Trumpcod,2,,,
Trygalin,2,,,
Tryptinol,2,,,
Tryptolarc,2,,,
Tufhair,2,,,
Turbogesic,2,,,
Tuskca,2,,,
Tydol,2,,,
Tynept,2,,,
Tyzocort,2,,,
Ubexa,2,,,
Ubidrol,2,,,
Udchamp,2,,,
Udgrace,2,,,
Udi,2,,,
Udihep,2,,,
Uditec,2,,,
Udp,2,,,
Udway,2,,,
Udynor,2,,,
Ugesic,2,,,
Ultracet,2,,,
Ultralgia,2,,,
Ultramed,2,,,
Ultrazac,2,,,
Unflem,2,,,
Unicontin,2,,,
Unigolix,2,,,
Unuric,2,,,
Up,2,,,
Upcr,2,,,
Upcyte,2,,,
Upfolet,2,,,
Upsurge,2,,,
Urchil,2,,,
Urclar,2,,,
Uricostat,2,,,
Urider,2,,,
Urifree,2,,,
Uriren,2,,,
Urosal,2,,,
Urotel,2,,,
Ursocad,2,,,
Ursolic,2,,,
Ursolid,2,,,
Ursonil,2,,,
Ursopack,2,,,
Ursvel,2,,,
Usibon,2,,,
Usimont,2,,,
Uthyrox,2,,,
Utl,2,,,
Valanext,2,,,
Valcivir,2,,,
Valest,2,,,
Valex,2,,,
Valnigo,2,,,
Valp,2,,,
Valprix,2,,,
Valsarmed,2,,,
Valtoval,2,,,
Valtus,2,,,
Valz,2,,,
Vancecal,2,,,
Varimax,2,,,
Vasovert,2,,,
Vasta,2,,,
Vat,2,,,
Vault,2,,,
Vavocyst,2,,,
Vavosense,2,,,
Vcolux,2,,,
Vectra,2,,,
Veeglipt,2,,,
Velin,2,,,
Venoflav,2,,,
Venpower,2,,,
Ventocore,2,,,
Vepazil,2,,,
Verbis,2,,,
Veribo,2,,,
Verin,2,,,
Vermisol,2,,,
Vernaglip,2,,,
Vertibless,2,,,
Verticheck,2,,,
Vertimed,2,,,
Vertor,2,,,
Vesilife,2,,,
Vestan,2,,,
Vglipt,2,,,
Viagra,2,,,
Viconeuron,2,,,
Vidglit,2,,,
Viflink,2,,,
Viglim,2,,,
Vilano,2,,,
Vilason,2,,,
Vilazine,2,,,
Vilbay,2,,,
Vilbig,2,,,
Vilcend,2,,,
Vilcretin,2,,,
Vildabet,2,,,
Vildabright,2,,,
Vildaforce,2,,,
Vildafree,2,,,
Vildagoal,2,,,
Vildamit,2,,,
Vildapep,2,,,
Vildapil,2,,,
Vildasafe,2,,,
Vildasan,2,,,
Vildasom,2,,,
Vildavas,2,,,
Vildawick,2,,,
Vildaxis,2,,,
Vildazest,2,,,
Vildazion,2,,,
Vildiva,2,,,
Vildotin,2,,,
Vildzio,2,,,
Vilfrnd,2,,,
Vilgreat,2,,,
Vilmate,2,,,
Vilmed,2,,,
Vilmexa,2,,,
Vilodon,2,,,
Vilspire,2,,,
Vilta,2,,,
Viltime,2,,,
Viltus,2,,,
Vingose,2,,,
Virovir,2,,,
Viscojoy,2,,,
Visinexa,2,,,
Viswadol,2,,,
Vitator,2,,,
Vitcon,2,,,
Vitilex,2,,,
Vitotin,2,,,
Vivid,2,,,
Vobis,2,,,
Vocab,2,,,
Vocaly,2,,,
Vocid,2,,,
Vogi,2,,,
Vogiformin,2,,,
Vogilin,2,,,
Vogimet,2,,,
Vogipax,2,,,
Voglase,2,,,
Vogliaid,2,,,
Voglicare,2,,,
Voglidib,2,,,
Voglimin,2,,,
Voglimit,2,,,
Voglipex,2,,,
Voglitek,2,,,
Voglityt,2,,,
Voglive,2,,,
Voglivin,2,,,
Vogliwal,2,,,
Vogmax,2,,,
Vogocare,2,,,
Vogtid,2,,,
Vogwin,2,,,
Vohq,2,,,
Vokanamet,2,,,
Vokay,2,,,
Vokris,2,,,
Volabay,2,,,
Volstar,2,,,
Voltanec,2,,,
Voltaneuron,2,,,
Voltapraz,2,,,
Voltrigin,2,,,
Vomibune,2,,,
Vonacid,2,,,
Vonalong,2,,,
Vonatime,2,,,
Vonefi,2,,,
Vono,2,,,
Vonogress,2,,,
Vonohenz,2,,,
Vonomac,2,,,
Vonotor,2,,,
Vonzai,2,,,
Vopreg,2,,,
Vosafe,2,,,
Votrient,2,,,
Voxamin,2,,,
Voxinix,2,,,
Vozan,2,,,
Vpr,2,,,
Vsmall,2,,,
Vyzvit,2,,,
Wakfree,2,,,
Waklert,2,,,
Waladrox,2,,,
Walbeta,2,,,
Walformin,2,,,
Walglim,2,,,
Wandiz,2,,,
Waybist,2,,,
Wayogest,2,,,
Wayrif,2,,,
Weeznil,2,,,
Welldipine,2,,,
Welvida,2,,,
Widcef,2,,,
Wincit,2,,,
Winlip,2,,,
Winopar,2,,,
Womancal,2,,,
Wonflex,2,,,
Wonpain,2,,,
Wonvog,2,,,
Wymet,2,,,
Wynciloz,2,,,
Wynflox,2,,,
Xafinact,2,,,
Xaniban,2,,,
Xbira,2,,,
Xceft,2,,,
Xegli,2,,,
Xeglyza,2,,,
Xelol,2,,,
Xembil,2,,,
Xemont,2,,,
Xempa,2,,,
Xemtin,2,,,
Xemvil,2,,,
Xenadom,2,,,
Xepsin,2,,,
Xestat,2,,,
Xevor,2,,,
Xgesic,2,,,
Xide,2,,,
Xidorin,2,,,
Xifarix,2,,,
Xith,2,,,
Xofen,2,,,
Xofex,2,,,
Xoneos,2,,,
Xtraday,2,,,
Xylarmet,2,,,
Xylomox,2,,,
Yapiglow,2,,,
Yetmez,2,,,
Yogazam,2,,,
Zafimove,2,,,
Zakson,2,,,
Zecil,2,,,
Zecort,2,,,
Zedtime,2,,,
Zeethrom,2,,,
Zeformin,2,,,
Zefretol,2,,,
Zelcal,2,,,
Zelgor,2,,,
Zemdap,2,,,
Zemetril,2,,,
Zenkind,2,,,
Zeof,2,,,
Zepnap,2,,,
Zepro,2,,,
Zerofos,2,,,
Zerogesic,2,,,
Zestcal,2,,,
Zetivas,2,,,
Zexipag,2,,,
Ziasit,2,,,
Ziblok,2,,,
Zicartel,2,,,
Zidliv,2,,,
Zilast,2,,,
Zilee,2,,,
Zimivir,2,,,
Zimlimet,2,,,
Zimnic,2,,,
Zinase,2,,,
Zinble,2,,,
Zincoplex,2,,,
Zinepra,2,,,
Zinokal,2,,,
Zital,2,,,
Zitelmi,2,,,
Zithrokem,2,,,
Zitotec,2,,,
Zixflam,2,,,
Zncal,2,,,
Zocalm,2,,,
Zociof,2,,,
Zoform,2,,,
Zogliz,2,,,
Zolcalm,2,,,
Zoldac,2,,,
Zoldem,2,,,
Zolidep,2,,,
Zolpigress,2,,,
Zolpiwide,2,,,
Zolsoma,2,,,
Zolway,2,,,
Zolwyn,2,,,
Zonecal,2,,,
Zopidem,2,,,
Zopitab,2,,,
Zorep,2,,,
Zoster,2,,,
Zotral,2,,,
Zoxcet,2,,,
Zoxtil,2,,,
Zrepag,2,,,
Zu,2,,,
Zuglimin,2,,,
Zuker,2,,,
Zunaratel,2,,,
Zupion,2,,,
Zuritorva,2,,,
Zuvical,2,,,
Zycin,2,,,
Zycoxia,2,,,
Zylocal,2,,,
Zylodapa,2,,,
Zyloric,2,,,
Zymaptin,2,,,
Zymoflam,2,,,
Zymogesic,2,,,
Zynicor,2,,,
Zytanix,2,,,
Cohesive,2,,,
Microflex,2,,,
Tea,2,,,
Thumb,2,,,
Til,2,,,
Asli,2,,,
Neprotein,2,,,
Pipet,2,,,
Trachea,2,,,
Trolley,2,,,
Trulon,2,,,
Urethral,2,,,
Biovac,2,,,
Nexipox,2,,,
Rotavac,2,,,
Tresivac,2,,,
Vaxiflu,2,,,
Vaxirab,2,,,
Engerix,2,,,
Vaxigrip,2,,,
Today,2,,,
Primacort,2,,,
Acnecav,2,,,
Beardo,2,,,
Dermatouch,2,,,
Glofa,2,,,
Kromawash,2,,,
Pill,2,,,
Duvet,2,,,
Al5zyme,2,,,
360,1,,,
Ao,1,,,
B12,1,,,
Bal,1,,,
Biosarta,1,,,
Cfd,1,,,
Cpv,1,,,
Ew3,1,,,
Fas,1,,,
Fat,1,,,
G75,1,,,
Ggg,1,,,
Gr8,1,,,
Hb4,1,,,
Hcg,1,,,
If2,1,,,
L24,1,,,
Liz,1,,,
Lr,1,,,
Mg2,1,,,
Nbc,1,,,
Od3,1,,,
Product,1,,,
Pye,1,,,
Qf3,1,,,
Saf,1,,,
Sd3,1,,,
Soffban,1,,,
Tep,1,,,
Vd3,1,,,
Zil,1,,,
A2,1,,,
Bc2a,1,,,
L2,1,,,
Got,1,,,
Gpt,1,,,
Serum,1,,,
Acifine,1,,,
Skn,1,,,
Truseal,1,,,
Ador,1,,,
Neoneb,1,,,
Venturi,1,,,
Aerospin,1,,,
Afk,1,,,
Airofume,1,,,
Aironeb,1,,,
Airowean,1,,,
Alco,1,,,
Almin,1,,,
Alterna,1,,,
Alterne,1,,,
Ambe,1,,,
Dianora,1,,,
Drojack,1,,,
Paratroy,1,,,
Senorm,1,,,
Tracemax,1,,,
Ampiclox,1,,,
Aneroid,1,,,
Anul,1,,,
Pvc,1,,,
Radiban,1,,,
Argiprime,1,,,
Arihant,1,,,
Arkof,1,,,
Arterial,1,,,
Ovum,1,,,
Q4,1,,,
Awala,1,,,
2azole,1,,,
Vb7,1,,,
Nirlife,1,,,
Beauty,1,,,
Dragon,1,,,
Liphydra,1,,,
Kwick,1,,,
Septiplast,1,,,
Dvacos,1,,,
Bcover,1,,,
Therobeam,1,,,
Bhimsen,1,,,
Bilk,1,,,
Dexogrow,1,,,
Nascent,1,,,
Bigboss,1,,,
Biscal,1,,,
Kabi,1,,,
Colorsafe,1,,,
Acuron,1,,,
Easyglide,1,,,
Swezor,1,,,
Rk,1,,,
Mackintosh,1,,,
Boostrum,1,,,
Claridase,1,,,
Ekam,1,,,
Fanta,1,,,
Regent,1,,,
Hyper,1,,,
Garfield,1,,,
Komet,1,,,
Koolest,1,,,
Patel,1,,,
Ponga,1,,,
Budds,1,,,
Bufin,1,,,
Bummy,1,,,
Bunsen,1,,,
E1,1,,,
3c,1,,,
Trulene,1,,,
8calamine,1,,,
Nasal,1,,,
Aaramine,1,,,
Ab12,1,,,
Abcap,1,,,
Abcq,1,,,
Abenuron,1,,,
Abiclop,1,,,
Abigin,1,,,
Abilexin,1,,,
Abitrazole,1,,,
Absolark,1,,,
Absoliv,1,,,
Acabrunat,1,,,
Acaone,1,,,
Accunourish,1,,,
Acebrobid,1,,,
Acebrofon,1,,,
Acebromax,1,,,
Acebronvent,1,,,
Acendol,1,,,
Aceret,1,,,
Acetec,1,,,
Achicobal,1,,,
Acical,1,,,
Acicut,1,,,
Acidart,1,,,
Acippi,1,,,
Acno,1,,,
Actigut,1,,,
Activision,1,,,
Actmaa,1,,,
Actopan,1,,,
Actovis,1,,,
Acufight,1,,,
Acurab,1,,,
Adcap,1,,,
Adcilib,1,,,
Addepa,1,,,
Addonvit,1,,,
Addyzoa,1,,,
Adenosyl,1,,,
Adferol,1,,,
Adinochek,1,,,
Adleap,1,,,
Adlen,1,,,
Adlinod,1,,,
Adova,1,,,
Adsup,1,,,
Aelsmo,1,,,
Aerway,1,,,
Afdshield,1,,,
Afla,1,,,
Afpin,1,,,
Agespan,1,,,
Agicday,1,,,
Agog,1,,,
Agopan,1,,,
Aimil,1,,,
Airitis,1,,,
Alacoma,1,,,
Alanto,1,,,
Alavit,1,,,
Albanil,1,,,
Alcovit,1,,,
Alcrin,1,,,
Aldupro,1,,,
Alert,1,,,
Alfaflavon,1,,,
Alfamaxical,1,,,
Alfaostebon,1,,,
Alfarol,1,,,
Alfavit,1,,,
Algaevit,1,,,
Alimenta,1,,,
Allq,1,,,
Almito,1,,,
Alnerve,1,,,
Alonvio,1,,,
Alphaben,1,,,
Alphamulti,1,,,
Alphaneuron,1,,,
Alsody,1,,,
Alteford,1,,,
Altomin,1,,,
Altraday,1,,,
Alvit,1,,,
Alzoret,1,,,
Amalrab,1,,,
Amantalarc,1,,,
Amclox,1,,,
Amega,1,,,
Aminase,1,,,
Aminex,1,,,
Aminocal,1,,,
Aminogard,1,,,
Aminoseal,1,,,
Aminostar,1,,,
Aminotrim,1,,,
Amiy,1,,,
Amoxil,1,,,
Ampclox,1,,,
Ampitill,1,,,
Amplus,1,,,
Amsipan,1,,,
Amtrios,1,,,
Amx,1,,,
Amyclox,1,,,
Amystop,1,,,
Analgiawin,1,,,
Anaproct,1,,,
Andiamed,1,,,
Andiawyn,1,,,
Androlite,1,,,
Androwin,1,,,
Angistat,1,,,
Anglovit,1,,,
Anicoba,1,,,
Anidox,1,,,
Anigro,1,,,
Anoease,1,,,
Antiflux,1,,,
Antiros,1,,,
Antoxyl,1,,,
Anvim,1,,,
Anvit,1,,,
Anxipan,1,,,
Anziforte,1,,,
Apfol,1,,,
Apoptolive,1,,,
Aprecap,1,,,
Apremex,1,,,
Apurtia,1,,,
Aquaizole,1,,,
Aquakrill,1,,,
Aquarab,1,,,
Argical,1,,,
Arise,1,,,
Aristrol,1,,,
Arjit,1,,,
Arkavit,1,,,
Arnocin,1,,,
Arocap,1,,,
Arostat,1,,,
Arrant,1,,,
Arreno,1,,,
Arshkalp,1,,,
Arthroxa,1,,,
Artisid,1,,,
Artrex,1,,,
Ase,1,,,
Ashwamed,1,,,
Astagen,1,,,
Astagold,1,,,
Astaspaz,1,,,
Astomox,1,,,
Astorion,1,,,
Aswal,1,,,
Athpan,1,,,
Athra,1,,,
Atoja,1,,,
Atonil,1,,,
Atorment,1,,,
Atormink,1,,,
Atorzux,1,,,
Atosky,1,,,
Atrmin,1,,,
Augmentox,1,,,
Aurovita,1,,,
Autofegi,1,,,
Auxitop,1,,,
Averich,1,,,
Avomega,1,,,
Axn,1,,,
Axoden,1,,,
Axontic,1,,,
Axormax,1,,,
Ax,1,,,
Axtra,1,,,
Aycal,1,,,
Azel,1,,,
Azilact,1,,,
Azulife,1,,,
Bacicure,1,,,
Bactblend,1,,,
Bactinice,1,,,
Bactiv,1,,,
Balacol,1,,,
Basiron,1,,,
Bayace,1,,,
Baystat,1,,,
Bazom,1,,,
Bazyzole,1,,,
Bdactive,1,,,
Beatzole,1,,,
Becogold,1,,,
Becolac,1,,,
Becon,1,,,
Becoplex,1,,,
Becoscot,1,,,
Becotin,1,,,
Becotrol,1,,,
Bectomus,1,,,
Bellyrab,1,,,
Bemivit,1,,,
Bencard,1,,,
Benfolax,1,,,
Benfolift,1,,,
Benfoline,1,,,
Benfomic,1,,,
Benfomine,1,,,
Benfonar,1,,,
Benfonyle,1,,,
Benforey,1,,,
Benfosules,1,,,
Benfotex,1,,,
Benfovit,1,,,
Benfoxy,1,,,
Benfree,1,,,
Benmix,1,,,
Benovista,1,,,
Benprost,1,,,
Benspeed,1,,,
Bentab,1,,,
Benten,1,,,
Bentin,1,,,
Benworld,1,,,
Berich,1,,,
Berrycran,1,,,
Bescal,1,,,
Besoz,1,,,
Betanif,1,,,
Betanoids,1,,,
Betatinib,1,,,
Betonia,1,,,
Bevig,1,,,
Bezcal,1,,,
Bificto,1,,,
Bifium,1,,,
Biflora,1,,,
Bigopt,1,,,
Bilact,1,,,
Bilogin,1,,,
Binthin,1,,,
Biocid,1,,,
Biocilin,1,,,
Biocob,1,,,
Biodens,1,,,
Biofruit,1,,,
Biogalin,1,,,
Biogest,1,,,
Biohair,1,,,
Biopraz,1,,,
Bioramin,1,,,
Biorythm,1,,,
Biosia,1,,,
Bioslim,1,,,
Biostar,1,,,
Biotal,1,,,
Biotina,1,,,
Biotraz,1,,,
Biovag,1,,,
Biozen,1,,,
Bipra,1,,,
Bistolac,1,,,
Blizrab,1,,,
Blucef,1,,,
Bma,1,,,
Body,1,,,
Bodyplus,1,,,
Bofizole,1,,,
Bolt,1,,,
Boltsure,1,,,
Bonabond,1,,,
Bonact,1,,,
Bonaday,1,,,
Bonebyte,1,,,
Bonefill,1,,,
Bonefix,1,,,
Bonegil,1,,,
Bonetact,1,,,
Bonezest,1,,,
Bonone,1,,,
Bonfast,1,,,
Bonfit,1,,,
Bonheal,1,,,
Bonmac,1,,,
Bonswift,1,,,
Bonysera,1,,,
Booncal,1,,,
Boostex,1,,,
Boroflex,1,,,
Boumax,1,,,
Bphlo,1,,,
Bq,1,,,
Brainwire,1,,,
Branch,1,,,
Branchocid,1,,,
Bravicox,1,,,
Breathaid,1,,,
Breathbliss,1,,,
Brenza,1,,,
Brief,1,,,
Brinton,1,,,
Briopan,1,,,
Briq,1,,,
Brith,1,,,
Broadiclox,1,,,
Bronchotuss,1,,,
Brossil,1,,,
Bru,1,,,
Btune,1,,,
Burfre,1,,,
Burp,1,,,
Burpex,1,,,
Bus,1,,,
Bvel,1,,,
Cabrado,1,,,
Cacitrol,1,,,
Cacy,1,,,
Caitron,1,,,
Cal2max,1,,,
Calbuild,1,,,
Calcea,1,,,
Calchole,1,,,
Calcibine,1,,,
Calcico,1,,,
Calcicusp,1,,,
Calcigrand,1,,,
Calciom,1,,,
Calcispeed,1,,,
Calcit,1,,,
Calciterolin,1,,,
Calcitez,1,,,
Calcitro,1,,,
Calciwell,1,,,
Calcylaj,1,,,
Caldonyx,1,,,
Caldowell,1,,,
Caldrox,1,,,
Calfiron,1,,,
Calgap,1,,,
Calgel,1,,,
Caliad,1,,,
Calligraff,1,,,
Calmitone,1,,,
Calmofit,1,,,
Calofill,1,,,
Caloy,1,,,
Calpanto,1,,,
Calpivance,1,,,
Calsee,1,,,
Calsio,1,,,
Calsiri,1,,,
Calspica,1,,,
Calster,1,,,
Caltive,1,,,
Caluft,1,,,
Calzac,1,,,
Calzem,1,,,
Calzinc,1,,,
Calzion,1,,,
Campicillin,1,,,
Camyda,1,,,
Candiface,1,,,
Candihof,1,,,
Candistat,1,,,
Canthex,1,,,
Capi,1,,,
Capigrel,1,,,
Capsovit,1,,,
Captiva,1,,,
Carafex,1,,,
Carbin,1,,,
Carbo,1,,,
Carboflot,1,,,
Carcuviva,1,,,
Cardepa,1,,,
Cardioplus,1,,,
Cardiopride,1,,,
Caripriza,1,,,
Carmax,1,,,
Carniford,1,,,
Caro,1,,,
Carohigh,1,,,
Carolina,1,,,
Caromax,1,,,
Carovit,1,,,
Carry,1,,,
Cartiqten,1,,,
Cartishine,1,,,
Cartiwalk,1,,,
Carvent,1,,,
Casacal,1,,,
Casigut,1,,,
Catalyst,1,,,
Catirol,1,,,
Cavlong,1,,,
Cazirite,1,,,
Cbrab,1,,,
Celcogen,1,,,
Celcolife,1,,,
Celinor,1,,,
Celo,1,,,
Cendu,1,,,
Cenitra,1,,,
Centcumin,1,,,
Cephalarc,1,,,
Cephalnov,1,,,
Cephalrite,1,,,
Cephaxin,1,,,
Ceplex,1,,,
Ceraday,1,,,
Ceratina,1,,,
Cerebiotic,1,,,
Cereglu,1,,,
Cerenemic,1,,,
Cerenerve,1,,,
Cerestar,1,,,
Cervilon,1,,,
Cervispon,1,,,
Cetgel,1,,,
Charco,1,,,
Charge,1,,,
Chemogest,1,,,
Chirovit,1,,,
Chloramphenicol,1,,,
Choferol,1,,,
Chol,1,,,
Cholecal,1,,,
Ciancal,1,,,
Cibna,1,,,
Cidloc,1,,,
Cilamin,1,,,
Cintodac,1,,,
Cintovin,1,,,
Cisverol,1,,,
Citmax,1,,,
Climide,1,,,
Clindasure,1,,,
Clindatime,1,,,
Clindor,1,,,
Clinpause,1,,,
Clinstep,1,,,
Clintin,1,,,
Clinviva,1,,,
Clobitra,1,,,
Cloclin,1,,,
Clolife,1,,,
Clopihope,1,,,
Clopitor,1,,,
Clotan,1,,,
Cnpx,1,,,
Coba,1,,,
Cobalex,1,,,
Cobaron,1,,,
Cobaroz,1,,,
Cobazinc,1,,,
Cobese,1,,,
Cobimax,1,,,
Cobix,1,,,
Codinor,1,,,
Codlivmax,1,,,
Codliwyn,1,,,
Codsed,1,,,
Codsol,1,,,
Codvel,1,,,
Coemp,1,,,
Coempvit,1,,,
Coenjoy,1,,,
Coepreg,1,,,
Coetrie,1,,,
Cofol,1,,,
Cognichek,1,,,
Cognirab,1,,,
Colahyal,1,,,
Colcoside,1,,,
Coldimac,1,,,
Colditac,1,,,
Colfort,1,,,
Colipeptide,1,,,
Collamust,1,,,
Collasmart,1,,,
Colorex,1,,,
Colorid,1,,,
Combifer,1,,,
Combitone,1,,,
Comega,1,,,
Comezole,1,,,
Comfest,1,,,
Comfora,1,,,
Complevit,1,,,
Conaforce,1,,,
Conazit,1,,,
Conerve,1,,,
Con,1,,,
Consevel,1,,,
Conva,1,,,
Coolprotik,1,,,
Coplex,1,,,
Coqmax,1,,,
Corito,1,,,
Corus,1,,,
Cosatyl,1,,,
Costead,1,,,
Covibrant,1,,,
Coxerin,1,,,
Cozentra,1,,,
Cql,1,,,
Cranall,1,,,
Cranbe,1,,,
Crancip,1,,,
Cranial,1,,,
Cranmed,1,,,
Cranwell,1,,,
Cresvin,1,,,
Crizalk,1,,,
Crofiton,1,,,
Cromoplex,1,,,
Crosta,1,,,
Cryptovit,1,,,
Csn,1,,,
Cubimega,1,,,
Cubit,1,,,
Cuchel,1,,,
Cucid,1,,,
Cumi,1,,,
Cumigold,1,,,
Cuppo,1,,,
Curabe,1,,,
Curafung,1,,,
Curevital,1,,,
Curomega,1,,,
Curoxit,1,,,
Curzest,1,,,
Cussler,1,,,
Cutinox,1,,,
Cyclochek,1,,,
Cyclorab,1,,,
Cyclospan,1,,,
Cyclovarin,1,,,
Cyclorine,1,,,
Cymbal,1,,,
Cymin,1,,,
Cyno,1,,,
Cyraflora,1,,,
Cystina,1,,,
Cystopen,1,,,
Cytodrox,1,,,
Cytonac,1,,,
Cytozen,1,,,
Czq,1,,,
Dabipla,1,,,
Daparar,1,,,
Darkgate,1,,,
Dawarab,1,,,
Dawnex,1,,,
Day,1,,,
Dayhab,1,,,
Daylon,1,,,
Dceum,1,,,
Deanxify,1,,,
Debnil,1,,,
Deburp,1,,,
Dedoxyn,1,,,
Defenit,1,,,
Deflab,1,,,
Defrab,1,,,
Defract,1,,,
Deline,1,,,
Delivate,1,,,
Delixir,1,,,
Delocal,1,,,
Delpen,1,,,
Delrab,1,,,
Dencare,1,,,
Deox,1,,,
Deprazol,1,,,
Derantox,1,,,
Detorch,1,,,
Detoxiren,1,,,
Devine,1,,,
Dexcob,1,,,
Dexlet,1,,,
Dexpramed,1,,,
Dgfast,1,,,
Dheapreg,1,,,
Diagold,1,,,
Diacrest,1,,,
Diaflora,1,,,
Diakyur,1,,,
Dianerve,1,,,
Diasol,1,,,
Diatiq,1,,,
Diavig,1,,,
Diavit,1,,,
Diavita,1,,,
Diawel,1,,,
Dibitox,1,,,
Dibnepan,1,,,
Difizma,1,,,
Digespur,1,,,
Digifine,1,,,
Dilantin,1,,,
Dilrab,1,,,
Dipcal,1,,,
Distenil,1,,,
Distone,1,,,
Diti,1,,,
Divecta,1,,,
Dizaflam,1,,,
Dizexa,1,,,
Dizolva,1,,,
Dobcal,1,,,
Dobedote,1,,,
Dobeflo,1,,,
Dobequa,1,,,
Dobest,1,,,
Dobetic,1,,,
Dobical,1,,,
Dobimust,1,,,
Docnnial,1,,,
Docolix,1,,,
Docylac,1,,,
Dodipan,1,,,
Dolima,1,,,
Doloswift,1,,,
Domax,1,,,
Domisave,1,,,
Dompaacure,1,,,
Domrab,1,,,
Domzar,1,,,
Donerve,1,,,
Doremax,1,,,
Dosil,1,,,
Dovas,1,,,
Doxgain,1,,,
Doxhil,1,,,
Doxilark,1,,,
Doxin,1,,,
Doxinyle,1,,,
Doxisto,1,,,
Doxneed,1,,,
Doxshield,1,,,
Doxsys,1,,,
Doxup,1,,,
Doxybond,1,,,
Doxyclock,1,,,
Doxyday,1,,,
Doxykind,1,,,
Doxylab,1,,,
Doxylez,1,,,
Doxynis,1,,,
Doxypill,1,,,
Doxyremor,1,,,
Doxystar,1,,,
Doxytop,1,,,
Doxytreat,1,,,
Doxyvac,1,,,
Dsn,1,,,
Dss,1,,,
Dubishine,1,,,
Dulodep,1,,,
Duloxtime,1,,,
Duloxyl,1,,,
Dumega,1,,,
Duoflo,1,,,
Dupact,1,,,
Duprost,1,,,
Duradox,1,,,
Durasal,1,,,
Durea,1,,,
Dutagen,1,,,
Dutastic,1,,,
Dycical,1,,,
Dygapt,1,,,
Dynapres,1,,,
Dynuro,1,,,
Dzire,1,,,
Ezole,1,,,
Eamon,1,,,
Easibreathe,1,,,
Eastovit,1,,,
Ebiza,1,,,
Eca,1,,,
Ecap,1,,,
Ecglowg,1,,,
Ecofol,1,,,
Ecomin,1,,,
Econerve,1,,,
Econova,1,,,
Ecotas,1,,,
Ecrab,1,,,
Edomox,1,,,
Eeecad,1,,,
Eezlac,1,,,
Effdox,1,,,
Effecos,1,,,
Effectto,1,,,
Egika,1,,,
Eicosa,1,,,
Elbreath,1,,,
Elcos,1,,,
Eldecal,1,,,
Eldomac,1,,,
Eldoper,1,,,
Elivit,1,,,
Eltofer,1,,,
Emega,1,,,
Eminem,1,,,
Emraldo,1,,,
Emsee,1,,,
Emvit,1,,,
Endobact,1,,,
Endograce,1,,,
Endorecov,1,,,
Endos,1,,,
Endotone,1,,,
Endulast,1,,,
Endurovit,1,,,
Energic,1,,,
Eneuron,1,,,
Enex,1,,,
Enfinity,1,,,
Enfull,1,,,
Enliva,1,,,
Enlivo,1,,,
Enova,1,,,
Enphio,1,,,
Ensyflora,1,,,
Entacal,1,,,
Entorab,1,,,
Enzigest,1,,,
Enzispor,1,,,
Enzoprotik,1,,,
Enzovexx,1,,,
Enzybro,1,,,
Epicla,1,,,
Epigastro,1,,,
Epocal,1,,,
Epomust,1,,,
Epripride,1,,,
Eracid,1,,,
Eragold,1,,,
Eramine,1,,,
Erdomate,1,,,
Erich,1,,,
Esamino,1,,,
Esar,1,,,
Esbelac,1,,,
Esdew,1,,,
Esfer,1,,,
Esgole,1,,,
Esmophy,1,,,
Esmostik,1,,,
Esmowave,1,,,
Esnova,1,,,
Esoblok,1,,,
Esobrick,1,,,
Esobrint,1,,,
Esobull,1,,,
Esocet,1,,,
Esoclock,1,,,
Esocruz,1,,,
Esocto,1,,,
Esodec,1,,,
Esoflux,1,,,
Esoforty,1,,,
Esofy,1,,,
Esoga,1,,,
Esoglaz,1,,,
Esohil,1,,,
Esokro,1,,,
Esolar,1,,,
Esolex,1,,,
Esolute,1,,,
Esomag,1,,,
Esomdel,1,,,
Esome,1,,,
Esomed,1,,,
Esomefa,1,,,
Esomel,1,,,
Esomexer,1,,,
Esomifyl,1,,,
Esomost,1,,,
Esomvel,1,,,
Esomyth,1,,,
Esoneu,1,,,
Esopil,1,,,
Esoprix,1,,,
Esoquaz,1,,,
Esorant,1,,,
Esorin,1,,,
Esorom,1,,,
Esotab,1,,,
Esotac,1,,,
Esotreat,1,,,
Esovax,1,,,
Esovera,1,,,
Esoves,1,,,
Esovin,1,,,
Esox,1,,,
Esoxycin,1,,,
Esoxycinn,1,,,
Esozest,1,,,
Estemo,1,,,
Eszol,1,,,
Etamin,1,,,
Ethidox,1,,,
Ethitret,1,,,
Etixety,1,,,
Etoplast,1,,,
Etotric,1,,,
Etovel,1,,,
Eucalmin,1,,,
Eucobal,1,,,
Eugeneuron,1,,,
Eukarit,1,,,
Eunipan,1,,,
Evamak,1,,,
Evamine,1,,,
Evanova,1,,,
Evaxus,1,,,
Evebact,1,,,
Evemed,1,,,
Evi,1,,,
Evinaf,1,,,
Evinal,1,,,
Evite,1,,,
Evitis,1,,,
Evitol,1,,,
Evizest,1,,,
Evom,1,,,
Evtriol,1,,,
Evyton,1,,,
Exart,1,,,
Explovit,1,,,
Ezbph,1,,,
Ezevas,1,,,
Ezmi,1,,,
Ezolwin,1,,,
Eztim,1,,,
Ezy,1,,,
Fa,1,,,
Farbisure,1,,,
Fastpan,1,,,
Fatibye,1,,,
Fazitra,1,,,
Fedder,1,,,
Fediet,1,,,
Fefonol,1,,,
Fegus,1,,,
Felicita,1,,,
Fembio,1,,,
Fembiotic,1,,,
Femigen,1,,,
Femipristal,1,,,
Femix,1,,,
Femlactum,1,,,
Femzact,1,,,
Fenask,1,,,
Fenavit,1,,,
Fenoact,1,,,
Fenostat,1,,,
Fentin,1,,,
Fentisafe,1,,,
Fentoin,1,,,
Fenyfung,1,,,
Fercel,1,,,
Ferever,1,,,
Ferite,1,,,
Feritero,1,,,
Ferizest,1,,,
Ferofag,1,,,
Feromega,1,,,
Ferrio,1,,,
Fertacare,1,,,
Fertibex,1,,,
Fertileo,1,,,
Fertimine,1,,,
Fertinate,1,,,
Fertipass,1,,,
Fertivag,1,,,
Fetruda,1,,,
Fezlina,1,,,
Fg,1,,,
Fiberton,1,,,
Fibral,1,,,
Fibrate,1,,,
Fibronorm,1,,,
Figato,1,,,
Filarin,1,,,
Filjack,1,,,
Finamin,1,,,
Finedobe,1,,,
Finefol,1,,,
Fingomod,1,,,
Finzin,1,,,
Fitfat,1,,,
Fitfrack,1,,,
Fitster,1,,,
Fixdox,1,,,
Fixonem,1,,,
Flatubust,1,,,
Flax,1,,,
Flexicap,1,,,
Flexijoints,1,,,
Flexiqule,1,,,
Flexofen,1,,,
Flexor,1,,,
Flit,1,,,
Florall,1,,,
Florapill,1,,,
Florashyne,1,,,
Florasyn,1,,,
Floreg,1,,,
Floreva,1,,,
Florganix,1,,,
Florimax,1,,,
Floristore,1,,,
Florobact,1,,,
Flowgril,1,,,
Flowthin,1,,,
Flucover,1,,,
Flugen,1,,,
Flumod,1,,,
Fluoxwyn,1,,,
Flupicus,1,,,
Flupimax,1,,,
Flupirest,1,,,
Flupirza,1,,,
Fluraz,1,,,
Flutax,1,,,
Flutine,1,,,
Flutycandy,1,,,
Foleo,1,,,
Folgel,1,,,
Folgen,1,,,
Folibrain,1,,,
Folijon,1,,,
Folisan,1,,,
Folizorb,1,,,
Foll9,1,,,
Follext,1,,,
Folmatch,1,,,
Folmine,1,,,
Folnisure,1,,,
Folok,1,,,
Folrose,1,,,
Folshot,1,,,
Foltus,1,,,
Folvio,1,,,
Folvista,1,,,
Folwill,1,,,
For,1,,,
Foraprl,1,,,
Forcal,1,,,
Foreno,1,,,
Fornigesic,1,,,
Forplay,1,,,
Fos,1,,,
Foyle,1,,,
Frac,1,,,
Fracis,1,,,
Frameset,1,,,
Freefat,1,,,
Frezol,1,,,
Fritopan,1,,,
Fulgain,1,,,
Fullest,1,,,
Fullnerve,1,,,
Fuma,1,,,
Fumycin,1,,,
Fungiforce,1,,,
Fungiwald,1,,,
Voga,1,,,
Fyle,1,,,
Fylla,1,,,
Gaamalin,1,,,
Gabafree,1,,,
Gabalarc,1,,,
Gabaneuro,1,,,
Gabapen,1,,,
Gabatin,1,,,
Gabrica,1,,,
Galia,1,,,
Galoxy,1,,,
Gamine,1,,,
Gap,1,,,
Gaprez,1,,,
Gaso,1,,,
Gasonorm,1,,,
Gaston,1,,,
Gastoz,1,,,
Gastrazine,1,,,
Gastride,1,,,
Gastrite,1,,,
Gastrobact,1,,,
Gastrodac,1,,,
Gateway,1,,,
Gd3,1,,,
Ge,1,,,
Gembone,1,,,
Gemcium,1,,,
Gemester,1,,,
Gemful,1,,,
Gemking,1,,,
Gemrich,1,,,
Gemsafe,1,,,
Gemsolin,1,,,
Gencitrol,1,,,
Genpraz,1,,,
Genvol,1,,,
Geodoxy,1,,,
Gerab,1,,,
Gerijoint,1,,,
Gestcarin,1,,,
Getnerve,1,,,
Gezond,1,,,
Giagem,1,,,
Gicid,1,,,
Gigaplex,1,,,
Gilac,1,,,
Gingeral,1,,,
Ginko,1,,,
Ginkostar,1,,,
Gissicor,1,,,
Gissistat,1,,,
Glacex,1,,,
Glibranta,1,,,
Glivitotal,1,,,
Glomepro,1,,,
Glonerve,1,,,
Glory,1,,,
Glotab,1,,,
Gluhep,1,,,
Glukogsic,1,,,
Glumox,1,,,
Glupax,1,,,
Glusar,1,,,
Glut4,1,,,
Glyciflora,1,,,
Gmab,1,,,
Gnxfer,1,,,
Goestress,1,,,
Gonadil,1,,,
Gossip,1,,,
Gracylean,1,,,
Grapez,1,,,
Grayzyme,1,,,
Greetrab,1,,,
Growgest,1,,,
Grupan,1,,,
Gshine,1,,,
Guardflora,1,,,
Gudu,1,,,
Gufispon,1,,,
Gutbac,1,,,
Gutbliss,1,,,
Gutbrax,1,,,
Gutbren,1,,,
Gutcraft,1,,,
Gutfast,1,,,
Gutlung,1,,,
Gutsafe,1,,,
Gutsium,1,,,
Gutwant,1,,,
Gw,1,,,
Gynae,1,,,
Gynejoy,1,,,
Gynoblush,1,,,
Haleboost,1,,,
Hapid,1,,,
Happineuron,1,,,
Harab,1,,,
Hbsure,1,,,
Hd3,1,,,
Healclox,1,,,
Healgraf,1,,,
Healthypro,1,,,
Heforab,1,,,
Helthigin,1,,,
Hematrine,1,,,
Hencivit,1,,,
Henzovit,1,,,
Hepacool,1,,,
Hepafree,1,,,
Hepagress,1,,,
Hepatobliss,1,,,
Herflora,1,,,
Hergrace,1,,,
Hernmp,1,,,
Hexaspor,1,,,
Hexwel,1,,,
Hhcal,1,,,
Hhomega,1,,,
Hilgestrone,1,,,
Hilo,1,,,
Hadjod,1,,,
Holsum,1,,,
Homochek,1,,,
Hopanz,1,,,
Hopemin,1,,,
Hormorin,1,,,
Hridayamrith,1,,,
Hycrit,1,,,
Hydab,1,,,
Hydrea,1,,,
Hydrogem,1,,,
Hydrosar,1,,,
Hygablin,1,,,
Hyjoy,1,,,
Hylincart,1,,,
Hyperlact,1,,,
Hyprogest,1,,,
Hywaa,1,,,
Ibrunat,1,,,
Ibsogut,1,,,
Icon,1,,,
Ifipan,1,,,
Ifirab,1,,,
Ift,1,,,
Igcal,1,,,
Iladay,1,,,
Iladom,1,,,
Ilastar,1,,,
Ilaz,1,,,
Ilyx,1,,,
Immugard,1,,,
Immulac,1,,,
Immunidad,1,,,
Imodium,1,,,
Imosec,1,,,
Improve,1,,,
Imunexa,1,,,
Ina,1,,,
Inbiotic,1,,,
Inbox,1,,,
Incobal,1,,,
Indaglyn,1,,,
Indanide,1,,,
Indivan,1,,,
Indizole,1,,,
Indovent,1,,,
Inlosa,1,,,
Innopan,1,,,
Inoges,1,,,
Inos,1,,,
Intradoxy,1,,,
Intrene,1,,,
Involym,1,,,
Iopar,1,,,
Iriscovit,1,,,
Irosome,1,,,
Irostore,1,,,
Irotor,1,,,
Irovit,1,,,
Irozinc,1,,,
Isap,1,,,
Isaz,1,,,
Iscal,1,,,
Isoace,1,,,
Isoaret,1,,,
Isobelle,1,,,
Isocare,1,,,
Isofair,1,,,
Isoneo,1,,,
Isosven,1,,,
Isotret,1,,,
Isotrewyn,1,,,
Isotrue,1,,,
Isozole,1,,,
Isuvaz,1,,,
Itapro,1,,,
Itc,1,,,
Itconin,1,,,
Itocal,1,,,
Itofil,1,,,
Itopan,1,,,
Itopraz,1,,,
Itorab,1,,,
Itraber,1,,,
Itrachem,1,,,
Itraco,1,,,
Itracoe,1,,,
Itracost,1,,,
Itragen,1,,,
Itrahide,1,,,
Itrakus,1,,,
Itramax,1,,,
Itramed,1,,,
Itrapath,1,,,
Itrascope,1,,,
Itrasil,1,,,
Itrastone,1,,,
Itratac,1,,,
Itraterg,1,,,
Itrawar,1,,,
Itray,1,,,
Itrazan,1,,,
Itrazole,1,,,
Itriben,1,,,
Itrocap,1,,,
Itrofab,1,,,
Itroll,1,,,
Itromac,1,,,
Itrotab,1,,,
Itrozem,1,,,
Itruf,1,,,
Ituliform,1,,,
Itzfor,1,,,
Izumep,1,,,
Jakvit,1,,,
Jalpraz,1,,,
Jardom,1,,,
Jesclop,1,,,
Jesprega,1,,,
Jimlig,1,,,
Jointking,1,,,
Joligood,1,,,
Joprest,1,,,
Jovital,1,,,
Joyfit,1,,,
Joyflora,1,,,
Joytamin,1,,,
Jubiglow,1,,,
Jubinerv,1,,,
Juven,1,,,
Juxtapro,1,,,
Jypsy,1,,,
Kaira,1,,,
Kaite,1,,,
Kalcord,1,,,
Kaldura,1,,,
Kalrech,1,,,
Kamilari,1,,,
Kaniz,1,,,
Kapitz,1,,,
Karace,1,,,
Karewell,1,,,
Karydox,1,,,
Keeba,1,,,
Kefnir,1,,,
Kesrocob,1,,,
Kevin,1,,,
Keygerm,1,,,
Kindtrol,1,,,
Kirivit,1,,,
Kluvagut,1,,,
Kneeflex,1,,,
Kobala,1,,,
Kofclear,1,,,
Kojoy,1,,,
Koksid,1,,,
Kool,1,,,
Koyna,1,,,
Krimega,1,,,
Kurofit,1,,,
Labchlor,1,,,
Labifos,1,,,
Laboclox,1,,,
Lacriguard,1,,,
Lactaid,1,,,
Lactorin,1,,,
Lancid,1,,,
Lanpro,1,,,
Lans,1,,,
Lanzip,1,,,
Laribion,1,,,
Laribone,1,,,
Larimycin,1,,,
Larphylline,1,,,
Larsoz,1,,,
Lasuna,1,,,
Lauribrim,1,,,
Laviat,1,,,
Lavimax,1,,,
Lavirise,1,,,
Lbs,1,,,
Le,1,,,
Lenced,1,,,
Lenceliv,1,,,
Lenome,1,,,
Lenris,1,,,
Lenshil,1,,,
Lenteclin,1,,,
Lentris,1,,,
Lenvenib,1,,,
Leoten,1,,,
Levbrox,1,,,
Levomil,1,,,
Libimax,1,,,
Lifol,1,,,
Lillyflora,1,,,
Linamin,1,,,
Linopraz,1,,,
Lintide,1,,,
Lipivin,1,,,
Liposerin,1,,,
Lipotru,1,,,
Liqui,1,,,
Litevit,1,,,
Livage,1,,,
Liverdex,1,,,
Livla,1,,,
Livozest,1,,,
Locren,1,,,
Logican,1,,,
Logisil,1,,,
Lomac,1,,,
Lonido,1,,,
Loparet,1,,,
Lopimune,1,,,
Lopro,1,,,
Lowden,1,,,
Loxabol,1,,,
Loyd3,1,,,
Lubowel,1,,,
Lucogyl,1,,,
Lumazyl,1,,,
Lumbaton,1,,,
Lunarex,1,,,
Lupikrill,1,,,
Luporal,1,,,
Lusen,1,,,
Lvate,1,,,
Ly,1,,,
Lycewell,1,,,
Lycocare,1,,,
Lycofast,1,,,
Lycogem,1,,,
Lycogran,1,,,
Lycogreen,1,,,
Lycolyfe,1,,,
Lycomin,1,,,
Lycophage,1,,,
Lycopink,1,,,
Lycorick,1,,,
Lycosiya,1,,,
Lykonic,1,,,
Lymoribe,1,,,
Lymzit,1,,,
Lynide,1,,,
Lyofiz,1,,,
Lyomuch,1,,,
Lyto,1,,,
Lyzilar,1,,,
Lyzoa,1,,,
Lyzum,1,,,
Mabic,1,,,
Macfree,1,,,
Macpanta,1,,,
Macusaff,1,,,
Maczeal,1,,,
Maf,1,,,
Mafidol,1,,,
Magnalark,1,,,
Magzcal,1,,,
Majik,1,,,
Makeup,1,,,
Malenda,1,,,
Mancal,1,,,
Manix,1,,,
Mankuf,1,,,
Manodep,1,,,
Mansazol,1,,,
Marax,1,,,
Marin,1,,,
Markpsora,1,,,
Matigest,1,,,
Matpf,1,,,
Maxepa,1,,,
Maxflora,1,,,
Maxgill,1,,,
Maxgres,1,,,
Maxigest,1,,,
Maxigla,1,,,
Maxilet,1,,,
Maxinerve,1,,,
Maxshel,1,,,
Maxvit,1,,,
Mayuvit,1,,,
Mbrace,1,,,
Meb,1,,,
Mebavir,1,,,
Mebela,1,,,
Mebgreat,1,,,
Mebihep,1,,,
Mebinn,1,,,
Mecala,1,,,
Mecalfa,1,,,
Mecalspur,1,,,
Mecgla,1,,,
Mecmaxol,1,,,
Mecnurin,1,,,
Mecoba,1,,,
Mecocal,1,,,
Mecona,1,,,
Mecosim,1,,,
Medigas,1,,,
Medipenta,1,,,
Medirose,1,,,
Meditrim,1,,,
Megaa,1,,,
Megacare,1,,,
Megacobal,1,,,
Megacod,1,,,
Megacor,1,,,
Megadom,1,,,
Megaferon,1,,,
Megafitford,1,,,
Megalet,1,,,
Megalin,1,,,
Megamost,1,,,
Megaprime,1,,,
Megarich,1,,,
Megarose,1,,,
Megashelcal,1,,,
Megasoft,1,,,
Megatin,1,,,
Megaxis,1,,,
Megaza,1,,,
Megazor,1,,,
Melasi,1,,,
Mecovit,1,,,
Melcovit,1,,,
Meljio,1,,,
Mencobal,1,,,
Meno,1,,,
Menoease,1,,,
Menojoy,1,,,
Mensoon,1,,,
Mensovit,1,,,
Menzole,1,,,
Merbina,1,,,
Meribio,1,,,
Merimet,1,,,
Merita,1,,,
Mersuvas,1,,,
Meshashringi,1,,,
Metacrome,1,,,
Methonil,1,,,
Methylhood,1,,,
Methysoft,1,,,
Mezomax,1,,,
Mezovit,1,,,
Micabal,1,,,
Microbion,1,,,
Microflora,1,,,
Microgut,1,,,
Microlife,1,,,
Midostar,1,,,
Mifenti,1,,,
Milborn,1,,,
Milcaps,1,,,
Militol,1,,,
Mincur,1,,,
Mindclon,1,,,
Minerolark,1,,,
Minicycline,1,,,
Mintovit,1,,,
Miragalin,1,,,
Misbio,1,,,
Misgro,1,,,
Mistovate,1,,,
Mitant,1,,,
Mitone,1,,,
Miv,1,,,
Mivamix,1,,,
Mobiwalk,1,,,
Mobyko,1,,,
Molnaflu,1,,,
Monascus,1,,,
Monocan,1,,,
Movarab,1,,,
Movnwak,1,,,
Moxikick,1,,,
Moxispin,1,,,
Moxvia,1,,,
Mselip,1,,,
Mucobron,1,,,
Mucofibro,1,,,
Multifix,1,,,
Multiflik,1,,,
Multiget,1,,,
Multihit,1,,,
Multinew,1,,,
Multinex,1,,,
Multipac,1,,,
Multiprex,1,,,
Multiral,1,,,
Multireal,1,,,
Multirich,1,,,
Multirock,1,,,
Multishal,1,,,
Multizac,1,,,
Mvista,1,,,
Mybun,1,,,
Mycocide,1,,,
Mycocure,1,,,
Mycon,1,,,
Myelobest,1,,,
Myelostat,1,,,
Myitfol,1,,,
Myoga,1,,,
Myonurve,1,,,
Myoside,1,,,
Mypeace,1,,,
Mypro,1,,,
Myrlimax,1,,,
Myser,1,,,
Mythcal,1,,,
Mytra,1,,,
Nadirich,1,,,
Nanculive,1,,,
Nancumin,1,,,
Naripink,1,,,
Nartana,1,,,
Nashliv,1,,,
Natflu,1,,,
Naya,1,,,
Nayazole,1,,,
Naystroc,1,,,
Nc,1,,,
Neegest,1,,,
Nelova,1,,,
Neoferol,1,,,
Neoral,1,,,
Neotide,1,,,
Neotoco,1,,,
Nephrocaps,1,,,
Nephrotec,1,,,
Nerhunt,1,,,
Nervbite,1,,,
Nervblu,1,,,
Nervebvital,1,,,
Nerveheal,1,,,
Nervekite,1,,,
Nervelogic,1,,,
Nerverich,1,,,
Nervexer,1,,,
Nervgain,1,,,
Nervi,1,,,
Nerviaid,1,,,
Nervibine,1,,,
Nerviday,1,,,
Nervilium,1,,,
Nervimust,1,,,
Nervique,1,,,
Nervizest,1,,,
Nervoboost,1,,,
Nerwita,1,,,
Neugard,1,,,
Neumin,1,,,
Neupanel,1,,,
Neuq,1,,,
Neura,1,,,
Neuractive,1,,,
Neuroactiv,1,,,
Neurocap,1,,,
Neurocomb,1,,,
Neuroget,1,,,
Neurograce,1,,,
Neurograf,1,,,
Neurola,1,,,
Neuromet,1,,,
Neuromine,1,,,
Neuronex,1,,,
Neuroone,1,,,
Neuropelin,1,,,
Neurorich,1,,,
Neurorize,1,,,
Neurorlx,1,,,
Neurozac,1,,,
Neurozin,1,,,
Neutral,1,,,
Newten,1,,,
Newvit,1,,,
Nexluma,1,,,
Nextical,1,,,
Nextor,1,,,
Ngd,1,,,
Nid,1,,,
Nifelat,1,,,
Nifetolol,1,,,
Night,1,,,
Nikizol,1,,,
Nilsin,1,,,
Nitib,1,,,
Nixidox,1,,,
Nixiyax,1,,,
Nizafol,1,,,
Nocad,1,,,
Noflux,1,,,
Normagut,1,,,
Norpace,1,,,
Novaxid,1,,,
Novocal,1,,,
Noviflora,1,,,
Nt,1,,,
Nubrus,1,,,
Nucgen,1,,,
Nucleo,1,,,
Nucleofit,1,,,
Nucsa,1,,,
Nudoxy,1,,,
Nugest,1,,,
Nugica,1,,,
Numega,1,,,
Nupathi,1,,,
Nupribanz,1,,,
Nurabz,1,,,
Nuraxon,1,,,
Nurewire,1,,,
Nurich,1,,,
Nurobel,1,,,
Nurobest,1,,,
Nurogrand,1,,,
Nurolife,1,,,
Nurolip,1,,,
Nuroshrey,1,,,
Nurospur,1,,,
Nurostim,1,,,
Nurotech,1,,,
Nurotrope,1,,,
Nurovita,1,,,
Nusense,1,,,
Nusopan,1,,,
Nutamide,1,,,
Nutr,1,,,
Nutrajoint,1,,,
Nutrepa,1,,,
Nutret,1,,,
Nutria,1,,,
Nutricap,1,,,
Nutricell,1,,,
Nutricoba,1,,,
Nutrifred,1,,,
Nutrinol,1,,,
Nutrister,1,,,
Nutriz,1,,,
Nutrizer,1,,,
Nutro,1,,,
Nutropsora,1,,,
Nuvo,1,,,
Nxclav,1,,,
Oacare,1,,,
Oamz,1,,,
Obecap,1,,,
Obepparalpha,1,,,
Oberid,1,,,
Obeset,1,,,
Obestat,1,,,
Obetreat,1,,,
Obnyx,1,,,
Obone,1,,,
Ochek,1,,,
Ociwit,1,,,
Ocufree,1,,,
Ocugard,1,,,
Ocuneuron,1,,,
Odent,1,,,
Odium,1,,,
Ogareds,1,,,
Ohenz,1,,,
Oki,1,,,
Olec,1,,,
Olevon,1,,,
Olez,1,,,
Olfital,1,,,
Oligex,1,,,
Olit,1,,,
Oltavir,1,,,
Olvital,1,,,
Om,1,,,
Omacc,1,,,
Omag,1,,,
Omalasoft,1,,,
Omd,1,,,
Ome,1,,,
Omebac,1,,,
Omebio,1,,,
Omedox,1,,,
Omeeput,1,,,
Omeex,1,,,
Omeg,1,,,
Omegachek,1,,,
Omegaful,1,,,
Omegalark,1,,,
Omegalex,1,,,
Omegared,1,,,
Omegasure,1,,,
Omegazeal,1,,,
Omepracure,1,,,
Omeprax,1,,,
Ometech,1,,,
Omezax,1,,,
Omf,1,,,
Omicap,1,,,
Omidom,1,,,
Omiflux,1,,,
Ominip,1,,,
Ominoz,1,,,
Omipure,1,,,
Omitric,1,,,
Omix,1,,,
Omizac,1,,,
Omizen,1,,,
Ompraz,1,,,
Omrock,1,,,
Omspire,1,,,
Onvit,1,,,
Ophy,1,,,
Optikam,1,,,
Optiwire,1,,,
Oraa,1,,,
Oramega,1,,,
Orfix,1,,,
Orgopent,1,,,
Oridose,1,,,
Orliceum,1,,,
Orlifat,1,,,
Orlilarc,1,,,
Orlimac,1,,,
Orliquest,1,,,
Orlislim,1,,,
Orlitenue,1,,,
Orlitroy,1,,,
Orro,1,,,
Orthogil,1,,,
Orthotrue,1,,,
Ortinerve,1,,,
Osec,1,,,
Oseltru,1,,,
Osiphile,1,,,
Osocare,1,,,
Osole,1,,,
Ossigen,1,,,
Ossofez,1,,,
Ostan,1,,,
Osteden,1,,,
Osteoblast,1,,,
Osteodiet,1,,,
Osteolin,1,,,
Osteome,1,,,
Osteonuron,1,,,
Ostivit,1,,,
Ostrol,1,,,
Ovabloom,1,,,
Ovarin,1,,,
Ovasims,1,,,
Ovastrong,1,,,
Ovical,1,,,
Ovifert,1,,,
Ovin,1,,,
Ovyno,1,,,
Oxaten,1,,,
Oxbact,1,,,
Oxbind,1,,,
Oxcod,1,,,
Oxford,1,,,
Oxidon,1,,,
Oxidox,1,,,
Oxifolix,1,,,
Oxiron,1,,,
Oxitard,1,,,
Oxizen,1,,,
Oxspit,1,,,
Oxyban,1,,,
Oxybond,1,,,
Oxyflax,1,,,
Oxyma,1,,,
Oxyone,1,,,
Oxyvon,1,,,
Ozera,1,,,
Ozo,1,,,
Pabreca,1,,,
Padup,1,,,
Pagmet,1,,,
Palbace,1,,,
Palbo,1,,,
Pallrywyn,1,,,
Palmiflam,1,,,
Palmigon,1,,,
Palmitole,1,,,
Palmova,1,,,
Palmysenz,1,,,
Palnat,1,,,
Palonix,1,,,
Palsinuron,1,,,
Panbase,1,,,
Panboost,1,,,
Panbrite,1,,,
Pandace,1,,,
Panedge,1,,,
Panerd,1,,,
Panerigin,1,,,
Panexer,1,,,
Pangram,1,,,
Panidop,1,,,
Panitra,1,,,
Panked,1,,,
Panmas,1,,,
Panmerz,1,,,
Panpot,1,,,
Panprudent,1,,,
Pansen,1,,,
Pansim,1,,,
Pansober,1,,,
Panswas,1,,,
Pantaag,1,,,
Pantab,1,,,
Pantadom,1,,,
Pantafide,1,,,
Pantagen,1,,,
Pantagreen,1,,,
Pantal,1,,,
Pantavis,1,,,
Pantazoom,1,,,
Panto,1,,,
Pantocaf,1,,,
Pantocise,1,,,
Pantoder,1,,,
Pantofast,1,,,
Pantoflux,1,,,
Pantogard,1,,,
Pantoka,1,,,
Pantolen,1,,,
Pantolite,1,,,
Pantonova,1,,,
Pantopen,1,,,
Pantoplex,1,,,
Pantoroz,1,,,
Pantos,1,,,
Pantosiri,1,,,
Pantospar,1,,,
Pantovvay,1,,,
Pantozole,1,,,
Pantyt,1,,,
Panvom,1,,,
Panylaj,1,,,
Panzec,1,,,
Panzis,1,,,
Panzqueen,1,,,
Par,1,,,
Parkimune,1,,,
Party,1,,,
Pasout,1,,,
Paurush,1,,,
Payoz,1,,,
Pazidit,1,,,
Paziva,1,,,
Pbforte,1,,,
Pbgenix,1,,,
Pcoxib,1,,,
Pearlomega,1,,,
Penicitin,1,,,
Penseil,1,,,
Pentaphyte,1,,,
Pentate,1,,,
Pentotrix,1,,,
Pepchek,1,,,
Pepdox,1,,,
Pepibs,1,,,
Peptiact,1,,,
Peptifree,1,,,
Pesin,1,,,
Pge,1,,,
Phagolac,1,,,
Phospholip,1,,,
Physionerve,1,,,
Phytocid,1,,,
Phytomega,1,,,
Phytosafe,1,,,
Pilarich,1,,,
Pimastill,1,,,
Pimaverse,1,,,
Pimvantas,1,,,
Pivens,1,,,
Pivohenz,1,,,
Pivol,1,,,
Platigen,1,,,
Platohel,1,,,
Play,1,,,
Ploxira,1,,,
Pmb,1,,,
Pmd,1,,,
Poges,1,,,
Polestar,1,,,
Poliexar,1,,,
Polmaforce,1,,,
Polmaxib,1,,,
Polmeryl,1,,,
Polvolt,1,,,
Polycap,1,,,
Polypin,1,,,
Pomeroz,1,,,
Pomide,1,,,
Pores,1,,,
Posex,1,,,
Posid,1,,,
Pouras,1,,,
Powerwin,1,,,
Po,1,,,
Ppb,1,,,
Ppdel,1,,,
Ppi,1,,,
Ppiz,1,,,
Pptroy,1,,,
Prabin,1,,,
Prajanucare,1,,,
Praxole,1,,,
Prebilac,1,,,
Precivit,1,,,
Precorex,1,,,
Pregabalin,1,,,
Pregabia,1,,,
Pregabil,1,,,
Pregacip,1,,,
Pregadux,1,,,
Pregaease,1,,,
Pregafab,1,,,
Pregafuel,1,,,
Pregakart,1,,,
Pregalmin,1,,,
Preganex,1,,,
Preganib,1,,,
Preganil,1,,,
Pregared,1,,,
Pregarica,1,,,
Pregarite,1,,,
Pregasight,1,,,
Pregastin,1,,,
Pregator,1,,,
Pregavit,1,,,
Pregawick,1,,,
Pregbaser,1,,,
Pregil,1,,,
Prekanex,1,,,
Prelev,1,,,
Prelogic,1,,,
Prenerve,1,,,
Preneurolin,1,,,
Prenz,1,,,
Preprobio,1,,,
Prequel,1,,,
Presat,1,,,
Preservgest,1,,,
Presolar,1,,,
Presure,1,,,
Prevastat,1,,,
Preverab,1,,,
Priganerve,1,,,
Primacal,1,,,
Primeflora,1,,,
Primerose,1,,,
Prisma,1,,,
Privitamix,1,,,
Proabd,1,,,
Proaxen,1,,,
Probic,1,,,
Probicasei,1,,,
Probicheck,1,,,
Probichet,1,,,
Probiday,1,,,
Probiobest,1,,,
Probiotic,1,,,
Probiren,1,,,
Probisol,1,,,
Probispore,1,,,
Probitop,1,,,
Probotech,1,,,
Probrick,1,,,
Probyta,1,,,
Procillin,1,,,
Procite,1,,,
Procraft,1,,,
Procyte,1,,,
Prodel,1,,,
Prodigut,1,,,
Progen,1,,,
Proglumin,1,,,
Prograin,1,,,
Progres,1,,,
Prohunt,1,,,
Proibs,1,,,
Projeet,1,,,
Proloc,1,,,
Prolumina,1,,,
Promisec,1,,,
Promotil,1,,,
Prosafe,1,,,
Prose,1,,,
Prosigo,1,,,
Prostalyn,1,,,
Prostina,1,,,
Prostonil,1,,,
Prostowin,1,,,
Prosystole,1,,,
Protista,1,,,
Provegan,1,,,
Providac,1,,,
Prutis,1,,,
Pslv,1,,,
Psotretin,1,,,
Psynolol,1,,,
Pulmoclox,1,,,
Pulmophyllin,1,,,
Purtia,1,,,
Px,1,,,
Pyeevon,1,,,
Pyginal,1,,,
Pyloflush,1,,,
Pyloshot,1,,,
Pyrosafe,1,,,
Pyrozed,1,,,
Qbisan,1,,,
Qcard,1,,,
Qco,1,,,
Qivavit,1,,,
Qlino,1,,,
Qnext,1,,,
Qoxy,1,,,
Qrahep,1,,,
Qtcard,1,,,
Qten,1,,,
Qtocod,1,,,
Qtoprime,1,,,
Qtpro,1,,,
Quantus,1,,,
Qufem,1,,,
Quicklime,1,,,
Qutock,1,,,
Quvast,1,,,
Qvault,1,,,
Rabcyn,1,,,
Rabdiver,1,,,
Rabdo,1,,,
Rabealt,1,,,
Rabecaid,1,,,
Rabecheck,1,,,
Rabecrine,1,,,
Rabecross,1,,,
Rabedure,1,,,
Rabees,1,,,
Rabefine,1,,,
Rabefresh,1,,,
Rabekool,1,,,
Rabelan,1,,,
Rabelve,1,,,
Rabemink,1,,,
Rabeneo,1,,,
Rabeness,1,,,
Raberant,1,,,
Rabered,1,,,
Raberen,1,,,
Raberic,1,,,
Raberin,1,,,
Raberoul,1,,,
Rabescope,1,,,
Rabeset,1,,,
Rabesis,1,,,
Rabestat,1,,,
Rabetero,1,,,
Rabetum,1,,,
Rabevag,1,,,
Rabezac,1,,,
Rabezova,1,,,
Rabezox,1,,,
Rabi,1,,,
Rabiage,1,,,
Rabialfa,1,,,
Rabicalm,1,,,
Rabicard,1,,,
Rabicel,1,,,
Rabiclub,1,,,
Rabicure,1,,,
Rabicy,1,,,
Rabiflex,1,,,
Rabihat,1,,,
Rabihealth,1,,,
Rabikat,1,,,
Rabilite,1,,,
Rabimor,1,,,
Rabimyle,1,,,
Rabin,1,,,
Rabipen,1,,,
Rabipot,1,,,
Rabiprox,1,,,
Rabiquaa,1,,,
Rabiqual,1,,,
Rabisilan,1,,,
Rabispeed,1,,,
Rabistal,1,,,
Rabistrum,1,,,
Rabitec,1,,,
Rabitide,1,,,
Rabitrack,1,,,
Rabitrump,1,,,
Rabival,1,,,
Rabixle,1,,,
Rabizar,1,,,
Rabizena,1,,,
Rabizod,1,,,
Rabizole,1,,,
Rabizorb,1,,,
Rablon,1,,,
Rabmerit,1,,,
Rabndia,1,,,
Rabnic,1,,,
Rabotune,1,,,
Rabovic,1,,,
Raboxim,1,,,
Raboye,1,,,
Rabozen,1,,,
Rabrish,1,,,
Rabsi,1,,,
Rabsig,1,,,
Rabstat,1,,,
Rabtar,1,,,
Rabulcer,1,,,
Rabvel,1,,,
Rabvid,1,,,
Rabwon,1,,,
Rabzolix,1,,,
Rac,1,,,
Racebrek,1,,,
Raceclo,1,,,
Racetor,1,,,
Racid,1,,,
Radcal,1,,,
Radfree,1,,,
Radiance,1,,,
Radospur,1,,,
Raga,1,,,
Ralcium,1,,,
Ralipro,1,,,
Ramitorva,1,,,
Rappirex,1,,,
Rara,1,,,
Rare,1,,,
Rariset,1,,,
Rasva,1,,,
Raventus,1,,,
Rayleg,1,,,
Razedom,1,,,
Razep,1,,,
Razonic,1,,,
Raztag,1,,,
Rclonac,1,,,
Rcut,1,,,
Reantro,1,,,
Reaxon,1,,,
Rebarc,1,,,
Rebiosis,1,,,
Recadot,1,,,
Recaril,1,,,
Rechamp,1,,,
Reclaim,1,,,
Recobex,1,,,
Recod,1,,,
Reconect,1,,,
Recosar,1,,,
Redazole,1,,,
Rediffit,1,,,
Redion,1,,,
Redrim,1,,,
Reefit,1,,,
Reez,1,,,
Refit,1,,,
Regulas,1,,,
Reincar,1,,,
Rejiyana,1,,,
Rejuactive,1,,,
Rejumed,1,,,
Rejuspermin,1,,,
Rejuvance,1,,,
Rejuwell,1,,,
Rekonduct,1,,,
Relaxium,1,,,
Relycovit,1,,,
Relynn,1,,,
Relytra,1,,,
Remegerd,1,,,
Remepra,1,,,
Renadyl,1,,,
Renbiotic,1,,,
Renequad,1,,,
Renerge,1,,,
Rennocap,1,,,
Renolith,1,,,
Renophilus,1,,,
Renoque,1,,,
Renotin,1,,,
Renvorab,1,,,
Repl,1,,,
Reposit,1,,,
Reshot,1,,,
Resonox,1,,,
Respidac,1,,,
Respilax,1,,,
Respinerv,1,,,
Resvita,1,,,
Retigen,1,,,
Retinox,1,,,
Revahe,1,,,
Revict,1,,,
Revup,1,,,
Rexirab,1,,,
Reyrab,1,,,
Rezisort,1,,,
Rheovit,1,,,
Rheumartho,1,,,
Ribavin,1,,,
Riborea,1,,,
Ribotas,1,,,
Ributin,1,,,
Rictocal,1,,,
Ridium,1,,,
Riel,1,,,
Rimroz,1,,,
Rinilab,1,,,
Rinomark,1,,,
Rinopan,1,,,
Riomega,1,,,
Risetech,1,,,
Risvel,1,,,
Ritomune,1,,,
Ritriol,1,,,
Rivadem,1,,,
Rivfit,1,,,
Rli,1,,,
Robical,1,,,
Roborad,1,,,
Rocalwyn,1,,,
Rokard,1,,,
Roko,1,,,
Rolcare,1,,,
Rolpoll,1,,,
Rolsical,1,,,
Romega,1,,,
Ropisave,1,,,
Roposo,1,,,
Rosacal,1,,,
Rosacure,1,,,
Rosaple,1,,,
Rosawal,1,,,
Roselead,1,,,
Roseto,1,,,
Rosir,1,,,
Rosortho,1,,,
Rostmer,1,,,
Rosucure,1,,,
Rosudeck,1,,,
Rosufree,1,,,
Rosulia,1,,,
Rosupi,1,,,
Rosuserve,1,,,
Rosutech,1,,,
Rosuvastatin,1,,,
Rosuwick,1,,,
Rovamek,1,,,
Rozark,1,,,
Rozee,1,,,
Rozstat,1,,,
Rozuplatt,1,,,
Rozuvadil,1,,,
Rubic,1,,,
Ruby,1,,,
Rucal,1,,,
Ruddox,1,,,
Ruma,1,,,
Rumacaps,1,,,
Rymanyl,1,,,
Rysoz,1,,,
Rzoes,1,,,
Sacroflora,1,,,
Sacrons,1,,,
Safediclo,1,,,
Safevag,1,,,
Safnerv,1,,,
Sai,1,,,
Saint,1,,,
Samaheal,1,,,
Samitib,1,,,
Sanopan,1,,,
Sanzoc,1,,,
Sarc,1,,,
Satmax,1,,,
Savecal,1,,,
Savera,1,,,
Scalcare,1,,,
Scancal,1,,,
Scribnil,1,,,
Sealz,1,,,
Secnia,1,,,
Sefstart,1,,,
Selace,1,,,
Seleno,1,,,
Selltoc,1,,,
Selova,1,,,
Sence,1,,,
Senrab,1,,,
Sensifol,1,,,
Sensogab,1,,,
Sensova,1,,,
Septiva,1,,,
Septriol,1,,,
Seracal,1,,,
Seravit,1,,,
Sercobal,1,,,
Serlexin,1,,,
Seroxe,1,,,
Serronac,1,,,
Setgi,1,,,
Setvit,1,,,
Severon,1,,,
Shahvit,1,,,
Shehenz,1,,,
Sheltox,1,,,
Shodit,1,,,
Shypt,1,,,
Sibogut,1,,,
Sidlo,1,,,
Signopraz,1,,,
Silantus,1,,,
Silbostin,1,,,
Sildrib,1,,,
Siloalpha,1,,,
Silodiat,1,,,
Silodosin,1,,,
Silokind,1,,,
Silolfa,1,,,
Silomerz,1,,,
Siloren,1,,,
Silowell,1,,,
Simflora,1,,,
Siooxy,1,,,
Siotone,1,,,
Siscuten,1,,,
Sismidazole,1,,,
Sistrin,1,,,
Sitavit,1,,,
Sizzlor,1,,,
Skelebenz,1,,,
Skinitra,1,,,
Skinvit,1,,,
Slackpan,1,,,
Slimgas,1,,,
Slimmer,1,,,
Slimtone,1,,,
Sm,1,,,
Smartvita,1,,,
Snordac,1,,,
Snoril,1,,,
Snowrab,1,,,
Sobe,1,,,
Socril,1,,,
Sodiads,1,,,
Sodox,1,,,
Softdiclo,1,,,
Soladiv,1,,,
Solirab,1,,,
Solitral,1,,,
Solusil,1,,,
Solwin,1,,,
Somaron,1,,,
Somax,1,,,
Someg,1,,,
Somerest,1,,,
Somfiz,1,,,
Soretin,1,,,
Sories,1,,,
Sotlec,1,,,
Spa,1,,,
Speedral,1,,,
Sperium,1,,,
Spermotil,1,,,
Sperogest,1,,,
Sperup,1,,,
Spexib,1,,,
Spinrab,1,,,
Splenz,1,,,
Sporanox,1,,,
Sporcel,1,,,
Srecal,1,,,
Srowelo,1,,,
Stablenfit,1,,,
Stadren,1,,,
Staflowin,1,,,
Stamex,1,,,
Staph,1,,,
Starmune,1,,,
Statbone,1,,,
Stcal,1,,,
Stefit,1,,,
Stelarin,1,,,
Stenergy,1,,,
Steoriz,1,,,
Steoxa,1,,,
Stonehit,1,,,
Stonex,1,,,
Stopflux,1,,,
Stresscom,1,,,
Streswin,1,,,
Subtilis,1,,,
Sujat,1,,,
Sulpenz,1,,,
Suncal,1,,,
Suncelco,1,,,
Sunforce,1,,,
Sunvit,1,,,
Sunwich,1,,,
Supakrill,1,,,
Suprapan,1,,,
Suprarize,1,,,
Supraspor,1,,,
Surecal,1,,,
Surgen,1,,,
Susprostrone,1,,,
Sutent,1,,,
Sutinat,1,,,
Suvatam,1,,,
Swiz,1,,,
Symbulardi,1,,,
Symtone,1,,,
Syncovit,1,,,
Synocob,1,,,
Synplatt,1,,,
Syscopene,1,,,
Tacloran,1,,,
Tagga,1,,,
Taicvc,1,,,
Taimega,1,,,
Tambio,1,,,
Tamdura,1,,,
Tamfinamed,1,,,
Tamopres,1,,,
Tamplus,1,,,
Tancyvit,1,,,
Tapra,1,,,
Tegonat,1,,,
Tembiotic,1,,,
Temcoq10,1,,,
Tendofab,1,,,
Tendofirm,1,,,
Tendopower,1,,,
Tendorecov,1,,,
Tendorew,1,,,
Tendotrust,1,,,
Tendowell,1,,,
Tericox,1,,,
Tesla,1,,,
Testostone,1,,,
Testovit,1,,,
Tetralyme,1,,,
Thalitero,1,,,
Thaloda,1,,,
Thaangio,1,,,
Thankroz,1,,,
Theloxin,1,,,
Thiocrit,1,,,
Thiocyn,1,,,
Thyokal,1,,,
Tinnex,1,,,
Tinnicar,1,,,
Tinnimax,1,,,
Tinytret,1,,,
Tito,1,,,
Tivicon,1,,,
Tocoalfa,1,,,
Tocobion,1,,,
Tocofer,1,,,
Toconaf,1,,,
Toconash,1,,,
Tocorich,1,,,
Tocorise,1,,,
Toltam,1,,,
Tomatus,1,,,
Tomo,1,,,
Tonikem,1,,,
Topcerin,1,,,
Torch,1,,,
Torchfree,1,,,
Torchnil,1,,,
Torpanto,1,,,
Torvit,1,,,
Totalis,1,,,
Toxid,1,,,
Toxonil,1,,,
Tramacip,1,,,
Tranxiety,1,,,
Trapidol,1,,,
Trasina,1,,,
Tresmist,1,,,
Tresrich,1,,,
Trichek,1,,,
Trichodoxil,1,,,
Tricrest,1,,,
Triglyd,1,,,
Trinyros,1,,,
Triom,1,,,
Triphdia,1,,,
Trirosumep,1,,,
Trisec,1,,,
Trofame,1,,,
Trorise,1,,,
Troycon,1,,,
Troydantin,1,,,
Troyslim,1,,,
Troyvit,1,,,
Trucumin,1,,,
Truenrich,1,,,
Truguard,1,,,
Trulym,1,,,
Trumcard,1,,,
Trustretin,1,,,
Tumim,1,,,
Turma,1,,,
Turmix,1,,,
Ubentra,1,,,
Uber,1,,,
Ubik,1,,,
Ubimeth,1,,,
Ubinova,1,,,
Ubioxid,1,,,
Ubipro,1,,,
Ubkindle,1,,,
Ublife,1,,,
Ubniche,1,,,
Ubten,1,,,
Ucmove,1,,,
Ucurbo,1,,,
Ulcicure,1,,,
Ulitas,1,,,
Ulon,1,,,
Ultizyme,1,,,
Ultowin,1,,,
Ultrabone,1,,,
Ultracid,1,,,
Umalgut,1,,,
Umetrio,1,,,
Unidrea,1,,,
Uniflora,1,,,
Unitox,1,,,
Unovital,1,,,
Upfluxtin,1,,,
Uplat,1,,,
Upmark,1,,,
Uptrol,1,,,
Urinfen,1,,,
Uripro,1,,,
Url,1,,,
Usipan,1,,,
Utcide,1,,,
Utiheal,1,,,
Utikit,1,,,
Utipac,1,,,
Utivax,1,,,
Uzepan,1,,,
Vagikrem,1,,,
Vagilact,1,,,
Vagimycin,1,,,
Vaginova,1,,,
Vaglod,1,,,
Vapobreathe,1,,,
Varicopill,1,,,
Varicosin,1,,,
Vasfree,1,,,
Vathapy,1,,,
Vavopreg,1,,,
Vazocap,1,,,
Vcobal,1,,,
Vcofol,1,,,
Vdi,1,,,
Vdjub,1,,,
Vedratan,1,,,
Veeta,1,,,
Veinpro,1,,,
Velanka,1,,,
Velgut,1,,,
Velpride,1,,,
Veo3,1,,,
Versical,1,,,
Vezed,1,,,
Vibadox,1,,,
Vibelan,1,,,
Vibin,1,,,
Vibralon,1,,,
Vicitrol,1,,,
Viephyl,1,,,
Vigorex,1,,,
Villo,1,,,
Viloresp,1,,,
Vinamic,1,,,
Vinnerve,1,,,
Vinutamin,1,,,
Viprotein,1,,,
Viricha,1,,,
Visbiome,1,,,
Visionguard,1,,,
Vitabig,1,,,
Vitacard,1,,,
Vitagrams,1,,,
Vitagut,1,,,
Vitalogix,1,,,
Vitalpha,1,,,
Vitals,1,,,
Vitamer,1,,,
Vitaneogen,1,,,
Vitaress,1,,,
Vitastock,1,,,
Vitatrol,1,,,
Vitaup,1,,,
Vitawick,1,,,
Vitaxis,1,,,
Vitazep,1,,,
Vitcod,1,,,
Vitency,1,,,
Viterma,1,,,
Vitezavit,1,,,
Vitfor,1,,,
Vitminac,1,,,
Vitoace,1,,,
Vitoget,1,,,
Vitomac,1,,,
Vitomer,1,,,
Vitorbit,1,,,
Vitoreva,1,,,
Vitosure,1,,,
Vitowin,1,,,
Vitozust,1,,,
Vitranol,1,,,
Vivavit,1,,,
Vivifix,1,,,
Vivilenz,1,,,
Vizyl,1,,,
Vmd3,1,,,
Vo369,1,,,
Vokmor,1,,,
Volapride,1,,,
Vrikshamla,1,,,
Vrirail,1,,,
Vsl,1,,,
Walcium,1,,,
Walkstar,1,,,
Welcard,1,,,
Welcitrol,1,,,
Welpan,1,,,
Widemox,1,,,
Will,1,,,
Wisenerve,1,,,
Wolcott,1,,,
Wontret,1,,,
Woven,1,,,
Wowpan,1,,,
Woxepin,1,,,
Wranger,1,,,
Wyncosa,1,,,
Wytrol,1,,,
Xedge,1,,,
Xemgesic,1,,,
Xemprol,1,,,
Xengalin,1,,,
Ximirab,1,,,
Xpotal,1,,,
Xtender,1,,,
Xtrasorb,1,,,
Xylome,1,,,
Yelopar,1,,,
Yogamin,1,,,
Yogut,1,,,
Zafrose,1,,,
Zarivit,1,,,
Zarki,1,,,
Zavcalx,1,,,
Zavetox,1,,,
Zavlopan,1,,,
Zedfer,1,,,
Zeegold,1,,,
Zelita,1,,,
Zemdoxy,1,,,
Zemfix,1,,,
Zencd,1,,,
Zenega,1,,,
Zenovit,1,,,
Zeotic,1,,,
Zerfol,1,,,
Zerozole,1,,,
Zes,1,,,
Zetopan,1,,,
Zevanuron,1,,,
Zextra,1,,,
Zincolak,1,,,
Zincosule,1,,,
Zing,1,,,
Zingplus,1,,,
Zione,1,,,
Zisrose,1,,,
Zivinix,1,,,
Zl,1,,,
Zoladom,1,,,
Zolcent,1,,,
Zolpride,1,,,
Zolset,1,,,
Zomset,1,,,
Zonez,1,,,
Zonipraz,1,,,
Zora,1,,,
Zoravit,1,,,
Zoreso,1,,,
Zoritraz,1,,,
Zotinea,1,,,
Zr,1,,,
Zucure,1,,,
Zunapac,1,,,
Zuriclop,1,,,
Zuvinerv,1,,,
Zuvit,1,,,
Zydus,1,Zydus Lifesciences Ltd,Formerly Cadila Healthcare,exact
Zyfit,1,,,
Zyflar,1,,,
Zylomox,1,,,
Zyme,1,,,
Zymmune,1,,,
Zyq,1,,,
Zyrem,1,,,
Acteva,1,,,
Bouffant,1,,,
Broncovaxom,1,,,
Climacter,1,,,
Filtra,1,,,
Gluton,1,,,
Menoflav,1,,,
Mintoxid,1,,,
Optisulin,1,,,
Oxyace,1,,,
Pykure,1,,,
Zudo,1,,,
Fesovit,1,,,
Gla,1,,,
Mamaxpert,1,,,
Contact,1,,,
Catgut,1,,,
Cavilon,1,,,
Urohour,1,,,
Sdneb,1,,,
Sidharthaka,1,,,
Chyawanprash,1,,,
Neovent,1,,,
R4,1,,,
Drainit,1,,,
Formula,1,,,
Reliance,1,,,
Stericot,1,,,
Umang,1,,,
Bare,1,,,
Arthroscopy,1,,,
Axapore,1,,,
Bacti,1,,,
Bactisafe,1,,,
Bactolon,1,,,
Biogras,1,,,
Canfix,1,,,
Cica,1,,,
Colloskin,1,,,
Designer,1,,,
Haidos,1,,,
Healthcare,1,,,
Innovafix,1,,,
Medipad,1,,,
Mepilex,1,,,
Merocel,1,,,
Monoglyde,1,,,
Nssc,1,,,
Paraffin,1,,,
Pmo,1,,,
Procare,1,,,
Suprapubic,1,,,
Unimedex,1,,,
2c,1,,,
Cocon,1,,,
Combidyn,1,,,
Comfit,1,,,
Safecure,1,,,
Hyervita,1,,,
Tresgain,1,,,
Zaroor,1,,,
Decorn,1,,,
Covidien,1,,,
Speaking,1,,,
Acnequit,1,,,
Acnin,1,,,
Acsolve,1,,,
Adolizole,1,,,
Afderm,1,,,
Ahanext,1,,,
Akinock,1,,,
Aklief,1,,,
Akmasq,1,,,
Aleva,1,,,
Allermet,1,,,
Allynmax,1,,,
Almadu,1,,,
Alocerene,1,,,
Aloesilk,1,,,
Alorex,1,,,
Ambact,1,,,
Amluck,1,,,
Amnix,1,,,
Amocop,1,,,
Amonext,1,,,
Amoreal,1,,,
Amorfine,1,,,
Amoron,1,,,
Amostar,1,,,
Amoter,1,,,
Amrocad,1,,,
Amrocan,1,,,
Amroderm,1,,,
Amrofast,1,,,
Amrolarc,1,,,
Amromax,1,,,
Amronice,1,,,
Amrospor,1,,,
Amylac,1,,,
Anacort,1,,,
Analfate,1,,,
Anobliss,1,,,
Anoheal,1,,,
Anorelief,1,,,
Anosum,1,,,
Anovate,1,,,
Aristoderm,1,,,
Arkafudic,1,,,
Arkasone,1,,,
Astria,1,,,
Atoban,1,,,
Atoderm,1,,,
Atosoft,1,,,
Auxerg,1,,,
Avolicia,1,,,
Azemelin,1,,,
Azeprime,1,,,
Azerin,1,,,
Azifade,1,,,
Azonate,1,,,
Babit,1,,,
Bacivate,1,,,
Bactafuz,1,,,
Bactrocare,1,,,
Banit,1,,,
Barrier,1,,,
Bblite,1,,,
Belbact,1,,,
Bellbect,1,,,
Benoquin,1,,,
Benzadaf,1,,,
Betalyx,1,,,
Betnolarc,1,,,
Binder,1,,,
Bioderm,1,,,
Bioma,1,,,
Bleminor,1,,,
Bloomglow,1,,,
Brestone,1,,,
Brexelant,1,,,
Bright,1,,,
Burncare,1,,,
Burnfree,1,,,
Burnil,1,,,
Burnosept,1,,,
Butenaskin,1,,,
Butop,1,,,
Buttermax,1,,,
Calariz,1,,,
Candimale,1,,,
Canitross,1,,,
Canrolfin,1,,,
Capsol,1,,,
Carebet,1,,,
Carylite,1,,,
Ceraglow,1,,,
Cetrasoft,1,,,
Chaptex,1,,,
Cicabio,1,,,
Ciclorox,1,,,
Cico,1,,,
Cinatop,1,,,
Clinfab,1,,,
Clinmiface,1,,,
Clobate,1,,,
Clobenate,1,,,
Cloberid,1,,,
Clobetol,1,,,
Clobiderm,1,,,
Clobrich,1,,,
Clobsen,1,,,
Cloderm,1,,,
Clodip,1,,,
Cloem,1,,,
Clolite,1,,,
Clomax,1,,,
Clonova,1,,,
Clostaf,1,,,
Clostar,1,,,
Cloterite,1,,,
Clotop,1,,,
Clotrinec,1,,,
Clozem,1,,,
Clozest,1,,,
Cn,1,,,
Cobate,1,,,
Colbet,1,,,
Collegian,1,,,
Conmite,1,,,
Connate,1,,,
Conter,1,,,
Cooliq,1,,,
Coonafin,1,,,
Cortrima,1,,,
Cosmiskin,1,,,
Cosmofix,1,,,
Covnik,1,,,
Crackgate,1,,,
Crurix,1,,,
Crysta,1,,,
Cutiheal,1,,,
Culite,1,,,
Curace,1,,,
Curalite,1,,,
Curebenate,1,,,
Cuticans,1,,,
Cuticlop,1,,,
Cutihyde,1,,,
Cutilap,1,,,
Cutilite,1,,,
Cutimom,1,,,
Cuts,1,,,
Cysteo,1,,,
Dailymoizt,1,,,
Dderm,1,,,
Debrin,1,,,
Dee3,1,,,
Defungin,1,,,
Delivera,1,,,
Dentobac,1,,,
Depiqueen,1,,,
Derlite,1,,,
Derm,1,,,
Dermacil,1,,,
Dermagyl,1,,,
Dermalarc,1,,,
Dermanex,1,,,
Dermashield,1,,,
Dermashine,1,,,
Dermex,1,,,
Dermiace,1,,,
Dermicraft,1,,,
Dermiflox,1,,,
Dermifree,1,,,
Derminol,1,,,
Dermitor,1,,,
Dermocrat,1,,,
Dermpod,1,,,
Dermycin,1,,,
Dero,1,,,
Deskon,1,,,
Diapod,1,,,
Diaboon,1,,,
Diafoot,1,,,
Diaglit,1,,,
Diapersafe,1,,,
Diaquil,1,,,
Diflorate,1,,,
Dipform,1,,,
Dipgenta,1,,,
Diplene,1,,,
Diplorate,1,,,
Dipsid,1,,,
Dolocaine,1,,,
Dryrid,1,,,
Eberbest,1,,,
Ebercon,1,,,
Eberderm,1,,,
Eberfun,1,,,
Ebergold,1,,,
Ebergyl,1,,,
Eberley,1,,,
Ebermed,1,,,
Ebernil,1,,,
Eberstat,1,,,
Eberwin,1,,,
Eberwon,1,,,
Ebrotop,1,,,
Ecodax,1,,,
Ecodex,1,,,
Ecomom,1,,,
Ecoseptic,1,,,
Eczo,1,,,
Efaderm,1,,,
Efficort,1,,,
Eflora,1,,,
Ega,1,,,
Elastoderm,1,,,
Elastril,1,,,
Elidel,1,,,
Elithrin,1,,,
Elkezant,1,,,
Elyn,1,,,
Emcor,1,,,
Emlosoft,1,,,
Emoderm,1,,,
Emollis,1,,,
Emolliz,1,,,
Emrolfin,1,,,
Epibrite,1,,,
Eraser,1,,,
Erbimesh,1,,,
Ericlear,1,,,
Etan,1,,,
Ethimom,1,,,
Eubit,1,,,
Eulc,1,,,
Evania,1,,,
Eve,1,,,
Evenshade,1,,,
Everteen,1,,,
Excel,1,,,
Exomega,1,,,
Eyebliss,1,,,
Ezhh,1,,,
Facemoist,1,,,
Faireye,1,,,
Feetglo,1,,,
Femilite,1,,,
Fiansy,1,,,
Fidonal,1,,,
Fill,1,,,
Finni,1,,,
Fisioativ,1,,,
Fluti,1,,,
Flutidel,1,,,
Flutiocean,1,,,
Flutisafe,1,,,
Flyfung,1,,,
Follinil,1,,,
Footfresh,1,,,
Footmark,1,,,
Footsave,1,,,
Footzone,1,,,
Formoiz,1,,,
Fuber,1,,,
Fucibet,1,,,
Fuciblok,1,,,
Fuciskin,1,,,
Fuciwyn,1,,,
Fungard,1,,,
Fungdid,1,,,
Fungiderm,1,,,
Fungisave,1,,,
Furotop,1,,,
Fusibest,1,,,
Fusicare,1,,,
Fusilife,1,,,
Fusimed,1,,,
Fusiocean,1,,,
Fusirex,1,,,
Fusizem,1,,,
Fustat,1,,,
Sefpil,1,,,
Gentamicin,1,,,
Gentc,1,,,
Getlite,1,,,
Getryl,1,,,
Gladbact,1,,,
Glamus,1,,,
Globetral,1,,,
Glolip,1,,,
Glomela,1,,,
Glowlook,1,,,
Glowsoft,1,,,
Glu,1,,,
Glycodip,1,,,
Glyconem,1,,,
Glyconol,1,,,
Graze,1,,,
Grosen,1,,,
Gyn,1,,,
Hafoos,1,,,
Halomesh,1,,,
Happyheal,1,,,
Happynap,1,,,
Hari,1,,,
Hbs,1,,,
Hbsone,1,,,
Heel,1,,,
Heelmate,1,,,
Hemolit,1,,,
Hhderm,1,,,
Hhfudic,1,,,
Hhlite,1,,,
Hhzole,1,,,
Hiposoft,1,,,
Hol,1,,,
Htm,1,,,
Hugyrash,1,,,
Humasone,1,,,
Humidus,1,,,
Hydrasun,1,,,
Hydravo,1,,,
Hydrotag,1,,,
Hydrozole,1,,,
Hyfair,1,,,
Hymom,1,,,
Hypig,1,,,
Hytec,1,,,
Ibilul,1,,,
Ichmed,1,,,
Ilytes,1,,,
Imcozol,1,,,
Imiquad,1,,,
Impinoz,1,,,
Impoyz,1,,,
Indoderm,1,,,
Inostretch,1,,,
Itotas,1,,,
Ivawhite,1,,,
Ivernol,1,,,
Izeb,1,,,
Juveskin,1,,,
Kailasjeevan,1,,,
Kaplicon,1,,,
Karackwin,1,,,
Kashmir,1,,,
Kaylite,1,,,
Kc,1,,,
Kclite,1,,,
Kelocare,1,,,
Kemycolarc,1,,,
Ketgen,1,,,
Ketoliz,1,,,
Ketonate,1,,,
Kiviglo,1,,,
Koji,1,,,
Kojiprime,1,,,
Kojishine,1,,,
Kolastin,1,,,
Korisma,1,,,
Kovite,1,,,
Kromalite,1,,,
Ktn,1,,,
Laboderm,1,,,
Lazlo,1,,,
Leafcort,1,,,
Lenin,1,,,
Leoderm,1,,,
Lilycon,1,,,
Lok,1,,,
Lomela,1,,,
Lookbrite,1,,,
Lorafin,1,,,
Lubact,1,,,
Luciara,1,,,
Luderm,1,,,
Lufinity,1,,,
Luitor,1,,,
Luleeplus,1,,,
Lulibenz,1,,,
Luliblast,1,,,
Lulicozo,1,,,
Lulicross,1,,,
Lulifal,1,,,
Lulifeel,1,,,
Luligrow,1,,,
Luliher,1,,,
Lulihigh,1,,,
Lulilyn,1,,,
Lulinext,1,,,
Luliplus,1,,,
Luliporus,1,,,
Luliscab,1,,,
Luliskin,1,,,
Lulisol,1,,,
Lulitreat,1,,,
Lulivate,1,,,
Lulivel,1,,,
Luliven,1,,,
Luliwon,1,,,
Luliwyn,1,,,
Luliza,1,,,
Lulizane,1,,,
Lulylaj,1,,,
Lumazole,1,,,
Luminesce,1,,,
Luminova,1,,,
Lumycan,1,,,
Lunise,1,,,
Lusana,1,,,
Luwes,1,,,
Luzarn,1,,,
Lycor,1,,,
Magderm,1,,,
Majiglow,1,,,
Majimom,1,,,
Manderm,1,,,
Markline,1,,,
Markmin,1,,,
Martiderm,1,,,
Medilice,1,,,
Megaspan,1,,,
Melabest,1,,,
Melaclub,1,,,
Melalong,1,,,
Melamet,1,,,
Melas1,1,,,
Melrio,1,,,
Membio,1,,,
Merigenta,1,,,
Metobind,1,,,
Mfsone,1,,,
Mfsudif,1,,,
Micasulf,1,,,
Micogen,1,,,
Micolin,1,,,
Micoprax,1,,,
Micowyn,1,,,
Micz,1,,,
Midster,1,,,
Miniscar,1,,,
Misti,1,,,
Mmcod,1,,,
Mobix,1,,,
Moff,1,,,
Mofurwyn,1,,,
Moicent,1,,,
Moisblis,1,,,
Moiseta,1,,,
Moistal,1,,,
Moistwald,1,,,
Moldact,1,,,
Momark,1,,,
Momecos,1,,,
Momef,1,,,
Momerit,1,,,
Momeroid,1,,,
Mometide,1,,,
Mometone,1,,,
Momeven,1,,,
Momex,1,,,
Momexon,1,,,
Momezone,1,,,
Momglit,1,,,
Momis,1,,,
Momisoft,1,,,
Momivate,1,,,
Momtent,1,,,
Moniter,1,,,
Moskina,1,,,
Mosovira,1,,,
Mtaz,1,,,
Mupicent,1,,,
Mupitret,1,,,
Mycopar,1,,,
Myronex,1,,,
Nadicin,1,,,
Nadimix,1,,,
Nadiskin,1,,,
Naditret,1,,,
Nafti,1,,,
Napiz,1,,,
Nasofine,1,,,
Negribest,1,,,
Nelastic,1,,,
Neocidin,1,,,
Neohidrate,1,,,
Neomycin,1,,,
Neoskin,1,,,
Neurocreme,1,,,
Newmycin,1,,,
Nigritop,1,,,
Nil,1,,,
Niltan,1,,,
Ninaf,1,,,
Niogenta,1,,,
Nipcare,1,,,
Norash,1,,,
Novadue,1,,,
Novamome,1,,,
Novilite,1,,,
Novophyte,1,,,
Novowhite,1,,,
Noxof,1,,,
Nuglori,1,,,
Numbex,1,,,
Numbnil,1,,,
Nusol,1,,,
Oatafeel,1,,,
Oligel,1,,,
Olmite,1,,,
Omnisoft,1,,,
Omyrol,1,,,
Oncorub,1,,,
Oxizoic,1,,,
Oxytan,1,,,
Ozabelle,1,,,
Ozamore,1,,,
Ozecit,1,,,
Pamoria,1,,,
Pathimom,1,,,
Pedimoist,1,,,
Pedinite,1,,,
Perivite,1,,,
Permarid,1,,,
Permin,1,,,
Permith,1,,,
Pheoglo,1,,,
Photoderm,1,,,
Photofirst,1,,,
Phytofung,1,,,
Phytonil,1,,,
Piglow,1,,,
Pigmason,1,,,
Pigmohyde,1,,,
Pigolyn,1,,,
Pilcit,1,,,
Piledac,1,,,
Pileroid,1,,,
Pilzban,1,,,
Pimovate,1,,,
Pinquin,1,,,
Polident,1,,,
Praisvate,1,,,
Prilido,1,,,
Proctogard,1,,,
Proctolarc,1,,,
Propyderm,1,,,
Prorac,1,,,
Prusoft,1,,,
Psoramist,1,,,
Qualdiderm,1,,,
Qualdriderm,1,,,
Quard,1,,,
Quinoderm,1,,,
Rarissime,1,,,
Rashcare,1,,,
Recova,1,,,
Rejuderm,1,,,
Religel,1,,,
Rement,1,,,
Retiact,1,,,
Retiglow,1,,,
Retilift,1,,,
Retraze,1,,,
Revitosin,1,,,
Rexiderm,1,,,
Richmoist,1,,,
Rolfin,1,,,
Rumarub,1,,,
Ruticool,1,,,
Ryback,1,,,
Sabi,1,,,
Safenix,1,,,
Saibol,1,,,
Salivate,1,,,
Salutyl,1,,,
Saphrine,1,,,
Scabifresh,1,,,
Scarclin,1,,,
Scargo,1,,,
Sensilite,1,,,
Senzadol,1,,,
Sermycolarc,1,,,
Sermycotal,1,,,
Sertacide,1,,,
Sertaderm,1,,,
Sertakon,1,,,
Setrabet,1,,,
Shadefix,1,,,
Shundar,1,,,
Sildine,1,,,
Silex,1,,,
Silvacure,1,,,
Silvez,1,,,
Silvoderm,1,,,
Sisonext,1,,,
Sisorest,1,,,
Skinbol,1,,,
Skindose,1,,,
Skinelle,1,,,
Skinorita,1,,,
Skinova,1,,,
Skintop,1,,,
Skinwyn,1,,,
Smex,1,,,
Snapi,1,,,
Sofcreme,1,,,
Sofficin,1,,,
Sofirash,1,,,
Sofkar,1,,,
Sofmela,1,,,
Sofrakem,1,,,
Soframax,1,,,
Sofrasmart,1,,,
Sofraxine,1,,,
Softcutis,1,,,
Softheal,1,,,
Softwalk,1,,,
Sorilast,1,,,
Sporicide,1,,,
Ss,1,,,
Ssdee,1,,,
Statum,1,,,
Stemoist,1,,,
Sterisone,1,,,
Straieout,1,,,
Stretchrid,1,,,
Strianil,1,,,
Stsilver,1,,,
Sudif,1,,,
Sukhda,1,,,
Su,1,,,
Sunkage,1,,,
Suprasone,1,,,
Surect,1,,,
Synadil,1,,,
Synergie,1,,,
Synpirox,1,,,
Szhh,1,,,
Tacronova,1,,,
Taf,1,,,
Tchsafe,1,,,
Tebfin,1,,,
Terbiwok,1,,,
Terbofin,1,,,
Terbonext,1,,,
Theogen,1,,,
Thuja,1,,,
Tigboderm,1,,,
Tigotreat,1,,,
Tinibit,1,,,
Tocoderm,1,,,
Topcort,1,,,
Trifas,1,,,
Triluma,1,,,
Triolite,1,,,
Trishot,1,,,
Triwhite,1,,,
Turbiab,1,,,
Tyrolite,1,,,
Tyrorein,1,,,
Ulicon,1,,,
Ulikan,1,,,
Ultrawyte,1,,,
Unoderm,1,,,
Ureativ,1,,,
Uveelite,1,,,
Varenya,1,,,
Vicare,1,,,
Vimet,1,,,
Vitaderm,1,,,
Viveta,1,,,
Vivian,1,,,
Welheal,1,,,
Wintogeno,1,,,
Xepinoxin,1,,,
Xeri,1,,,
Xerigo,1,,,
Xerodel,1,,,
Xinbest,1,,,
Xtramet,1,,,
Yapi,1,,,
Yaskin,1,,,
Yuglow,1,,,
Yuzdew,1,,,
Zenmoist,1,,,
Zincort,1,,,
Zipmoist,1,,,
Zolefung,1,,,
Zyluli,1,,,
Creatinine,1,,,
Zeiss,1,,,
B3cure,1,,,
Cuscos,1,,,
Tabcut,1,,,
6cv,1,,,
Cycle,1,,,
25d,1,,,
36,1,,,
A2d,1,,,
S24,1,,,
Y2d,1,,,
Entry,1,,,
1derful,1,,,
Electronic,1,,,
Aerobika,1,,,
Aerolife,1,,,
Allstar,1,,,
Amigest,1,,,
Crezendo,1,,,
Duohaler,1,,,
Erisinpen,1,,,
Hanasaplast,1,,,
Hansa,1,,,
Hearing,1,,,
Huf,1,,,
Inara,1,,,
Keh,1,,,
Lifescan,1,,,
Macspacer,1,,,
Merite,1,,,
Mirena,1,,,
Mystar,1,,,
Novolizer,1,,,
Octahaler,1,,,
Pop,1,,,
Pregcolor,1,,,
Quick,1,,,
Quikhaler,1,,,
Respihaler,1,,,
Reveal,1,,,
Teripride,1,,,
Toustar,1,,,
Diabetic,1,,,
Dialyzer,1,,,
Digi,1,,,
Vector,1,,,
Obifil,1,,,
Fdm,1,,,
Fertova,1,,,
B2doc,1,,,
Gynaec,1,,,
Medistrip,1,,,
Clearine,1,,,
Dexvita,1,,,
Otina,1,,,
Scat,1,,,
Tozen,1,,,
Droppers,1,,,
Abicolic,1,,,
Abimox,1,,,
Abizoline,1,,,
Actowin,1,,,
Acupat,1,,,
Adbrom,1,,,
Addwet,1,,,
Adiflox,1,,,
Albrim,1,,,
Alcaft,1,,,
Alfabet,1,,,
Allercrom,1,,,
Allerpat,1,,,
Allevion,1,,,
Alnesol,1,,,
Aminogen,1,,,
Amisvit,1,,,
Amplinak,1,,,
Analar,1,,,
Anda,1,,,
Andremide,1,,,
Anjana,1,,,
Apdrop,1,,,
Appatoba,1,,,
Aquaomega,1,,,
Aquaray,1,,,
Aquasure,1,,,
Aquatears,1,,,
Aqueous,1,,,
Arkalube,1,,,
Art,1,,,
Astyvit,1,,,
Atro,1,,,
Atrodex,1,,,
Atrop,1,,,
Atrosulph,1,,,
Atrosun,1,,,
Audisol,1,,,
Auristilac,1,,,
Aurobrime,1,,,
Auroflox,1,,,
Aurolube,1,,,
Auropred,1,,,
Auroprost,1,,,
Aurosol,1,,,
Aurosporine,1,,,
Aurotim,1,,,
Autogati,1,,,
Axydee,1,,,
Azarga,1,,,
Azemox,1,,,
Azopt,1,,,
Babyfive,1,,,
Bellpino,1,,,
Bepirex,1,,,
Bepline,1,,,
Bepobesil,1,,,
Bepochek,1,,,
Bepodrops,1,,,
Bepofree,1,,,
Bepolast,1,,,
Beposurge,1,,,
Bepotor,1,,,
Besix,1,,,
Betabiotic,1,,,
Betabrim,1,,,
Betafree,1,,,
Betagan,1,,,
Betameth,1,,,
Betoact,1,,,
Biflace,1,,,
Bilub,1,,,
Biocula,1,,,
Biomycetin,1,,,
Biotears,1,,,
Blink,1,,,
Blinkeez,1,,,
Bonnispaz,1,,,
Botas,1,,,
Brag,1,,,
Brent,1,,,
Brighten,1,,,
Brimact,1,,,
Brimaze,1,,,
Brimolol,1,,,
Brimonix,1,,,
Brimotas,1,,,
Brimowin,1,,,
Brinolar,1,,,
Brinzagan,1,,,
Brinzemic,1,,,
Brinzolast,1,,,
Brinzotim,1,,,
Britesite,1,,,
Britiblu,1,,,
Britivin,1,,,
Britneal,1,,,
Brivex,1,,,
Bromostar,1,,,
Bromvue,1,,,
Bronzotak,1,,,
Bysipin,1,,,
Cafta,1,,,
Calodin,1,,,
Canova,1,,,
Caracsol,1,,,
Carbowise,1,,,
Carmopeptin,1,,,
Casimust,1,,,
Cat,1,,,
Cataclear,1,,,
Catagon,1,,,
Catapred,1,,,
Catarest,1,,,
Catina,1,,,
Catlon,1,,,
Cato,1,,,
Catobar,1,,,
Cecon,1,,,
Cellomist,1,,,
Cellu,1,,,
Centaflox,1,,,
Ceruklin,1,,,
Cerunix,1,,,
Chloragesic,1,,,
Chlorobrex,1,,,
Chloromac,1,,,
Chloromide,1,,,
Chorvi,1,,,
Ciaz,1,,,
Ciplex,1,,,
Ciprodash,1,,,
Ciproluc,1,,,
Ciprovik,1,,,
Ciprozen,1,,,
Clearvue,1,,,
Clearwax,1,,,
Clincarb,1,,,
Clozotic,1,,,
Coldfresh,1,,,
Colicarmin,1,,,
Colicfit,1,,,
Colidip,1,,,
Colisma,1,,,
Combiflur,1,,,
Combigan,1,,,
Combipat,1,,,
Comfirx,1,,,
Comoist,1,,,
Conigest,1,,,
Conilube,1,,,
Conimeth,1,,,
Conovit,1,,,
Cornesol,1,,,
Corsol,1,,,
Corticon,1,,,
Cosopt,1,,,
Cromz,1,,,
Curewax,1,,,
Cyclisis,1,,,
Cyclobiotic,1,,,
Cyclodex,1,,,
Cyclofez,1,,,
Cyclogic,1,,,
Cyclogik,1,,,
Cyclogyl,1,,,
Cyclomid,1,,,
Cyclopent,1,,,
Cyclotears,1,,,
Cyclowave,1,,,
Cymbi,1,,,
Dabfit,1,,,
Dboost,1,,,
Decamox,1,,,
Decire,1,,,
Decon,1,,,
Delight,1,,,
Deshing,1,,,
Desol,1,,,
Dewax,1,,,
Dexaneo,1,,,
Dexcin,1,,,
Diflucor,1,,,
Diflumox,1,,,
Dilate,1,,,
Docufer,1,,,
Dofenac,1,,,
Dogat,1,,,
Dolfin,1,,,
Dolopred,1,,,
Domolol,1,,,
Domox,1,,,
Domways,1,,,
Dopat,1,,,
Dorbet,1,,,
Dortim,1,,,
Dorzact,1,,,
Dorzmik,1,,,
Dozolamide,1,,,
Dri,1,,,
Dru,1,,,
Drumbeat,1,,,
Ducidrop,1,,,
Dudrop,1,,,
Duobrom,1,,,
Duronet,1,,,
Dweet,1,,,
Earspa,1,,,
Earwel,1,,,
Easyclear,1,,,
Ecofresh,1,,,
Ecolite,1,,,
Ecomoist,1,,,
Elaneer,1,,,
Elders,1,,,
Elenzyl,1,,,
Emfodex,1,,,
Emfozen,1,,,
Endor,1,,,
Enmox,1,,,
Enpat,1,,,
Enpred,1,,,
Eptico,1,,,
Erpetol,1,,,
Everfresh,1,,,
Extragat,1,,,
Eye18,1,,,
Eyefil,1,,,
Eyemexx,1,,,
Eyerinse,1,,,
Eyewet,1,,,
Fbn,1,,,
Feconic,1,,,
Fepanac,1,,,
Feronoa,1,,,
Flarex,1,,,
Fli,1,,,
Flomon,1,,,
Florex,1,,,
Flubi,1,,,
Flubichlor,1,,,
Flubifen,1,,,
Flubigat,1,,,
Flucocid,1,,,
Fluocin,1,,,
Flusof,1,,,
Fomira,1,,,
Foug,1,,,
Frenix,1,,,
Funclear,1,,,
Fungiwax,1,,,
Ganfort,1,,,
Gaticin,1,,,
Gatifax,1,,,
Gatikind,1,,,
Gatsun,1,,,
Genfour,1,,,
Glubrim,1,,,
Glucomol,1,,,
Glucoptic,1,,,
Glucotim,1,,,
Glunil,1,,,
Glybiotic,1,,,
Glydrops,1,,,
Glytears,1,,,
Griperest,1,,,
Gyfer,1,,,
Haloeye,1,,,
Happyzen,1,,,
Hibrom,1,,,
Hidine,1,,,
Hiflox,1,,,
Highvisc,1,,,
Histamast,1,,,
Histaover,1,,,
Homacid,1,,,
Homarin,1,,,
Homat,1,,,
Homide,1,,,
Hyadry,1,,,
Hyalorx,1,,,
Hyalukam,1,,,
Hyalumik,1,,,
Hyclo,1,,,
Hydrakem,1,,,
Hydrolub,1,,,
Hydrous,1,,,
Hyfoug,1,,,
Hylazi,1,,,
Hylo,1,,,
Hylocan,1,,,
Hylofresh,1,,,
Hylomar,1,,,
Hylonac,1,,,
Hylosurge,1,,,
Hylotas,1,,,
Hylowin,1,,,
Hylumist,1,,,
Hylupro,1,,,
Hymelon,1,,,
Hymoist,1,,,
Hynlube,1,,,
Hyperton,1,,,
Hypotears,1,,,
Hypresol,1,,,
Hyprolief,1,,,
Hysight,1,,,
Hyvet,1,,,
Icylube,1,,,
Icypro,1,,,
If,1,,,
Iflow,1,,,
Ifrosh,1,,,
Ilevro,1,,,
Ilife,1,,,
Imudrops,1,,,
Incold,1,,,
Indi,1,,,
Inhalade,1,,,
Intaprost,1,,,
Iobet,1,,,
Iobrim,1,,,
Irewet,1,,,
Irimist,1,,,
Irisol,1,,,
Isoft,1,,,
Itis,1,,,
Itone,1,,,
Itrop,1,,,
Jaswell,1,,,
Jeevan,1,,,
Jolly,1,,,
Jovidriz,1,,,
Joxin,1,,,
Kaltclear,1,,,
Ketoflox,1,,,
Ketogate,1,,,
Ketomar,1,,,
Ketomox,1,,,
Ketovac,1,,,
Kidoblu,1,,,
Kidopine,1,,,
Kidrich,1,,,
Kidtro,1,,,
Kid,1,,,
Krestlube,1,,,
Krutob,1,,,
Kypred,1,,,
Lacrisol,1,,,
Lactaze,1,,,
Latim,1,,,
Latina,1,,,
Latobest,1,,,
Latodrops,1,,,
Lat,1,,,
Levoo,1,,,
Levotop,1,,,
Lidozole,1,,,
Lifanta,1,,,
Locfresh,1,,,
Loprednol,1,,,
Lopres,1,,,
Loredz,1,,,
Lotebra,1,,,
Lotefast,1,,,
Lotefix,1,,,
Loteflam,1,,,
Lotegain,1,,,
Lotegate,1,,,
Loteneal,1,,,
Lotepace,1,,,
Loteprwyn,1,,,
Loteris,1,,,
Lotesone,1,,,
Lotevail,1,,,
Lotezop,1,,,
Lotiviz,1,,,
Lowdex,1,,,
Lowprost,1,,,
Loxa,1,,,
Lubikem,1,,,
Lubisenz,1,,,
Lubisite,1,,,
Luboxy,1,,,
Lubricel,1,,,
Lubrifresh,1,,,
Lubrikey,1,,,
Lubrin,1,,,
Mactase,1,,,
Magtear,1,,,
Maxbrim,1,,,
Maxdil,1,,,
Medilub,1,,,
Megabrom,1,,,
Megatears,1,,,
Meldeflox,1,,,
Mezol,1,,,
Mflotas,1,,,
Mflox,1,,,
Miboxy,1,,,
Microgat,1,,,
Mil,1,,,
Milflodex,1,,,
Mindfull,1,,,
Minidex,1,,,
Misopt,1,,,
Mist,1,,,
Mistice,1,,,
Moistane,1,,,
Monodexa,1,,,
Monosopt,1,,,
Motogram,1,,,
Moxadex,1,,,
Moxap,1,,,
Moxcin,1,,,
Moxdrak,1,,,
Moxicin,1,,,
Moxidash,1,,,
Moxifax,1,,,
Moxigain,1,,,
Moximax,1,,,
Moximum,1,,,
Moxiqr,1,,,
Moxirite,1,,,
Moxisil,1,,,
Moxivail,1,,,
Moxivisc,1,,,
Moxiwise,1,,,
Moxiwyn,1,,,
Moxizest,1,,,
Moxplore,1,,,
Mpegryl,1,,,
Multirick,1,,,
Mxg,1,,,
Mycin,1,,,
Mydrat,1,,,
Myorip,1,,,
Mytears,1,,,
Myticom,1,,,
Nacme,1,,,
Nahl,1,,,
Nancy,1,,,
Naphalube,1,,,
Nasika,1,,,
Nasofree,1,,,
Nasorush,1,,,
Nasowikoryl,1,,,
Natacin,1,,,
Natadrops,1,,,
Natafol,1,,,
Nataforce,1,,,
Natamet,1,,,
Natasol,1,,,
Navibrom,1,,,
Navionce,1,,,
Nazalin,1,,,
Nazone,1,,,
Nefacool,1,,,
Nefasol,1,,,
Nefzon,1,,,
Neoclim,1,,,
Neojet,1,,,
Neoline,1,,,
Neolux,1,,,
Neosmile,1,,,
Nepa,1,,,
Nepacare,1,,,
Nepacent,1,,,
Nepachek,1,,,
Nepacure,1,,,
Nepafit,1,,,
Nepaflo,1,,,
Nepalark,1,,,
Nepalet,1,,,
Nepalmik,1,,,
Nepalook,1,,,
Nepamer,1,,,
Nepaneal,1,,,
Nepaonce,1,,,
Nepapix,1,,,
Nepashine,1,,,
Nepatak,1,,,
Nepatech,1,,,
Nepatrust,1,,,
Nepawel,1,,,
Nepawir,1,,,
Nepaze,1,,,
Nepcinac,1,,,
Nepopt,1,,,
Netalo,1,,,
Netapride,1,,,
Nevanac,1,,,
Nexanac,1,,,
Neypac,1,,,
Nobefer,1,,,
Normo,1,,,
Noseline,1,,,
Nosnez,1,,,
Nostrosil,1,,,
Nosyclear,1,,,
Npact,1,,,
Nuhemo,1,,,
Obrin,1,,,
Occucom,1,,,
Occufresh,1,,,
Ocilube,1,,,
Ocucin,1,,,
Ocuflur,1,,,
Oculate,1,,,
Ocusoothe,1,,,
Ocuwet,1,,,
Ocuwise,1,,,
Ocvlin,1,,,
Odonac,1,,,
Oflobe,1,,,
Ofloset,1,,,
Ofloxamac,1,,,
Oflozen,1,,,
Oftaquix,1,,,
Okacin,1,,,
Okt,1,,,
Ollergy,1,,,
Oloblu,1,,,
Ologuard,1,,,
Oloneal,1,,,
Olopine,1,,,
Olopro,1,,,
Olotrust,1,,,
Olowise,1,,,
Ondo,1,,,
Ophthacare,1,,,
Opthacare,1,,,
Optibex,1,,,
Opticol,1,,,
Opticure,1,,,
Optidew,1,,,
Optimide,1,,,
Optisoft,1,,,
Optive,1,,,
Optiview,1,,,
Optiwis,1,,,
Optruma,1,,,
Optvel,1,,,
Osmogel,1,,,
Otain,1,,,
Otidrop,1,,,
Otimac,1,,,
Otinex,1,,,
Oto,1,,,
Otocol,1,,,
Otoflu,1,,,
Otogon,1,,,
Otoid,1,,,
Otolev,1,,,
Otolux,1,,,
Otomoxi,1,,,
Otorex,1,,,
Otosoothe,1,,,
Otostar,1,,,
Oxiflam,1,,,
Oxigat,1,,,
Oxydrops,1,,,
Oxyinoz,1,,,
Oxymetazoline,1,,,
Ozuri,1,,,
Paracain,1,,,
Paracaine,1,,,
Paralife,1,,,
Parasquare,1,,,
Pataday,1,,,
Patalo,1,,,
Patanol,1,,,
Pedatro,1,,,
Pedivent,1,,,
Peglub,1,,,
Pentolate,1,,,
Perfocyn,1,,,
Pgvisc,1,,,
Pharmox,1,,,
Phenosulf,1,,,
Pixelub,1,,,
Plen,1,,,
Polycin,1,,,
Polydrops,1,,,
Polymoist,1,,,
Polyvin,1,,,
Polyvisc,1,,,
Polywin,1,,,
Predbond,1,,,
Predina,1,,,
Predira,1,,,
Predlast,1,,,
Predplus,1,,,
Predsol,1,,,
Pres,1,,,
Brimo,1,,,
Psc,1,,,
Ptrop,1,,,
Pyricol,1,,,
Qugat,1,,,
Quimoxif,1,,,
Qyramox,1,,,
Radipred,1,,,
Raiki,1,,,
Rapgrow,1,,,
Rapidon,1,,,
Redrid,1,,,
Refine,1,,,
Relestat,1,,,
Relivion,1,,,
Renidex,1,,,
Renolen,1,,,
Renomide,1,,,
Repat,1,,,
Respat,1,,,
Rhinase,1,,,
Rifas,1,,,
Rimoflo,1,,,
Rimonid,1,,,
Rinofast,1,,,
Riparock,1,,,
Risolve,1,,,
Rithmax,1,,,
Robopeptin,1,,,
Salina,1,,,
Sankat,1,,,
Secadrops,1,,,
Seftycolic,1,,,
Sensieyes,1,,,
Sensofi,1,,,
Sensonac,1,,,
Sentibrim,1,,,
Senzopt,1,,,
Senzpred,1,,,
Seraspa,1,,,
Simbrinza,1,,,
Sofikid,1,,,
Sofracort,1,,,
Softcrom,1,,,
Sohyl,1,,,
Solearwax,1,,,
Solwax,1,,,
Soreflu,1,,,
Sow,1,,,
Starlub,1,,,
Sulphachlor,1,,,
Sunkul,1,,,
Supracold,1,,,
Supracuf,1,,,
Symhylo,1,,,
Sysbrex,1,,,
Syskof,1,,,
Tprost,1,,,
Takatrin,1,,,
Takonz,1,,,
Tavaren,1,,,
Tearest,1,,,
Tearsyn,1,,,
Timanol,1,,,
Timobest,1,,,
Timoeye,1,,,
Timol,1,,,
Timolast,1,,,
Timolen,1,,,
Timolex,1,,,
Timolo,1,,,
Timolong,1,,,
Timostar,1,,,
Timowell,1,,,
Tivision,1,,,
Tobaflam,1,,,
Tobagram,1,,,
Tobamind,1,,,
Tobcin,1,,,
Tobrasone,1,,,
Tobvin,1,,,
Tocin,1,,,
Tolar,1,,,
Travacom,1,,,
Travasenz,1,,,
Travatan,1,,,
Travaxo,1,,,
Travolarc,1,,,
Travopta,1,,,
Travopure,1,,,
Travorite,1,,,
Travotak,1,,,
Travotas,1,,,
Travozide,1,,,
Trehasoft,1,,,
Trioptic,1,,,
Trokid,1,,,
Tromide,1,,,
Tropicyl,1,,,
Tropin,1,,,
Tropinix,1,,,
Trucom,1,,,
Trupred,1,,,
Trusopt,1,,,
Tumsup,1,,,
Tympalin,1,,,
Ultrasoothe,1,,,
Unibrom,1,,,
Upwell,1,,,
Valmox,1,,,
Valnep,1,,,
Varamox,1,,,
Vasicon,1,,,
Vasozine,1,,,
Veldrop,1,,,
Veldropgel,1,,,
Veulap,1,,,
Vidinorm,1,,,
Vigadexa,1,,,
Vigamox,1,,,
Vigopred,1,,,
Vigor,1,,,
Viscodrop,1,,,
Viscomet,1,,,
Visipat,1,,,
Visofresh,1,,,
Vista,1,,,
Vitanice,1,,,
Vizfresh,1,,,
Vorisurge,1,,,
Voritak,1,,,
Vozole,1,,,
Wat,1,,,
Waxactin,1,,,
Waxeno,1,,,
Waxiklin,1,,,
Waxil,1,,,
Waxit,1,,,
Waxodiz,1,,,
Waxolve,1,,,
Waxozen,1,,,
Wellomega,1,,,
Weteye,1,,,
Wisgro,1,,,
Xalacom,1,,,
Xalatan,1,,,
Xiatra,1,,,
Xinep,1,,,
Xlha,1,,,
Xolve,1,,,
Xtear,1,,,
Xtramox,1,,,
Xylochek,1,,,
Xyloflo,1,,,
Xylopen,1,,,
Zaditen,1,,,
Zincoma,1,,,
Zincoren,1,,,
Zincula,1,,,
Zinq,1,,,
Zint,1,,,
Zolvinac,1,,,
Zonasoft,1,,,
Zonat,1,,,
Zonepat,1,,,
Zonetear,1,,,
Zonetears,1,,,
Zopeg,1,,,
Zylonasal,1,,,
Zylopred,1,,,
Zymaxid,1,,,
Zymogreat,1,,,
Zymost,1,,,
Zyofm,1,,,
Zyrtuss,1,,,
Zytrav,1,,,
Zywet,1,,,
Drytex,1,,,
Duckline,1,,,
Duoderm,1,,,
Jumper,1,,,
Easyrelief,1,,,
Eat,1,,,
Ela,1,,,
Elastocrepe,1,,,
Electraa,1,,,
Broncordil,1,,,
Coloview,1,,,
Endoview,1,,,
Trois,1,,,
Endotracheale,1,,,
Neotomic,1,,,
Proctoclysis,1,,,
Evdoxipro,1,,,
Exercise,1,,,
Prymax,1,,,
Benylin,1,,,
Amrovik,1,,,
Ascorex,1,,,
Brosalin,1,,,
Cofton,1,,,
Cofvector,1,,,
Gulfadryl,1,,,
Herbex,1,,,
Histo,1,,,
Kofover,1,,,
Salbusun,1,,,
Sanoril,1,,,
Spid,1,,,
Viscoril,1,,,
Xpecoff,1,,,
Zoveo,1,,,
External,1,,,
Mucus,1,,,
Cool,1,,,
Princy,1,,,
Bedpan,1,,,
Femiss,1,,,
C2,1,,,
Dental,1,,,
Flamigrip,1,,,
Neopore,1,,,
Soflene,1,,,
Saava,1,,,
Surgi,1,,,
Milemore,1,,,
Ozomax,1,,,
Cur,1,,,
Folding,1,,,
Mosquito,1,,,
Freshones,1,,,
Fs926,1,,,
Fs933,1,,,
Funskooty,1,,,
Aurneo,1,,,
Cheetos,1,,,
Dispoflon,1,,,
Introcan,1,,,
Kurkure,1,,,
Nestea,1,,,
Nufix,1,,,
Premicath,1,,,
Round,1,,,
Snicker,1,,,
Sugarite,1,,,
Gammex,1,,,
Betakind,1,,,
Condone,1,,,
Disoral,1,,,
Gorget,1,,,
Healodine,1,,,
Octenoxa,1,,,
Piowick,1,,,
Povaril,1,,,
Povipan,1,,,
Redirinse,1,,,
Sazodine,1,,,
Soothex,1,,,
Atrauman,1,,,
Aciter,1,,,
Aclin,1,,,
Acloderm,1,,,
Acnay,1,,,
Acnegel,1,,,
Acnehalt,1,,,
Acneril,1,,,
Acneris,1,,,
Acnescar,1,,,
Acnetop,1,,,
Acnetor,1,,,
Acnicin,1,,,
Acnox,1,,,
Acrux,1,,,
Acryd,1,,,
Acsis,1,,,
Acstop,1,,,
Actreat,1,,,
Adabor,1,,,
Adaferin,1,,,
Adapclear,1,,,
Adapen,1,,,
Adapero,1,,,
Adaple,1,,,
Adapnil,1,,,
Adaret,1,,,
Adiff,1,,,
Aditop,1,,,
Adlene,1,,,
Ag,1,,,
Agile,1,,,
Akbawel,1,,,
Algesic,1,,,
Alight,1,,,
Allaynac,1,,,
Aloclen,1,,,
Aloclin,1,,,
Alogard,1,,,
Aloint,1,,,
Anaero,1,,,
Androtas,1,,,
Aply,1,,,
Aragel,1,,,
Augdent,1,,,
Avoflam,1,,,
Axagic,1,,,
Axagon,1,,,
Azalea,1,,,
Bcduo,1,,,
Bdiff,1,,,
Belclin,1,,,
Beneria,1,,,
Benray,1,,,
Benzer,1,,,
Benzomycin,1,,,
Benzonac,1,,,
Benzonext,1,,,
Betaflam,1,,,
Biocaine,1,,,
Biocorneum,1,,,
Biosore,1,,,
Brugel,1,,,
Bvs,1,,,
Candidac,1,,,
Canvaz,1,,,
Capsidol,1,,,
Capsigyl,1,,,
Caryshield,1,,,
Cerviprime,1,,,
Choronex,1,,,
Cipofresh,1,,,
Cl,1,,,
Clap,1,,,
Clearbenz,1,,,
Clearsky,1,,,
Clinagel,1,,,
Clinbid,1,,,
Clincitop,1,,,
Clindafin,1,,,
Clindakem,1,,,
Clindalix,1,,,
Clindapene,1,,,
Clindawal,1,,,
Clingard,1,,,
Clinikoskin,1,,,
Clinka,1,,,
Clinket,1,,,
Clinpeu,1,,,
Clintis,1,,,
Clorni,1,,,
Clotrinex,1,,,
Cofenac,1,,,
Collagent,1,,,
Contractubex,1,,,
Cosilarc,1,,,
Cremalgin,1,,,
Crinone,1,,,
Crousho,1,,,
Curenext,1,,,
Curenice,1,,,
Curlzpep,1,,,
Cutibrite,1,,,
Daktacort,1,,,
Dam,1,,,
Dawnglo,1,,,
Decomedo,1,,,
Decovil,1,,,
Defenac,1,,,
Delwin,1,,,
Dentacain,1,,,
Dentakind,1,,,
Dentex,1,,,
Dentotreat,1,,,
Dentozeal,1,,,
Dermiyes,1,,,
Dfm,1,,,
Dianarest,1,,,
Diclobenz,1,,,
Diclocan,1,,,
Diclofen,1,,,
Diclogel,1,,,
Diclomax,1,,,
Diclomet,1,,,
Dicloneo,1,,,
Diclosoothe,1,,,
Diclostat,1,,,
Diclothon,1,,,
Diclotis,1,,,
Diclotop,1,,,
Dicsal,1,,,
Dicsol,1,,,
Dikool,1,,,
Dikpact,1,,,
Dilgel,1,,,
Dili,1,,,
Diltegesic,1,,,
Diltigesic,1,,,
Dipt,1,,,
Dithiol,1,,,
Diulcus,1,,,
Dixcy,1,,,
Dixer,1,,,
Dnp,1,,,
Dolcinac,1,,,
Dolin,1,,,
Dorfen,1,,,
Douze,1,,,
Dps,1,,,
Dryca,1,,,
Dtos,1,,,
Ducira,1,,,
Duoben,1,,,
Duosure,1,,,
Elence,1,,,
Eltormex,1,,,
Elvix,1,,,
Emcego,1,,,
Emfung,1,,,
Emlap,1,,,
Emuflex,1,,,
Entofoam,1,,,
Erythego,1,,,
Esfenac,1,,,
Estogel,1,,,
Eyeglow,1,,,
Faceac,1,,,
Facemed,1,,,
Fastum,1,,,
Feconex,1,,,
Felini,1,,,
Feminora,1,,,
Flambid,1,,,
Flexiwak,1,,,
Flywalk,1,,,
Fortafen,1,,,
Fourgo,1,,,
Freegel,1,,,
Fremov,1,,,
Frizpain,1,,,
Fungirex,1,,,
Gabafenac,1,,,
Gancigel,1,,,
Gentip,1,,,
Glogeous,1,,,
Glutalite,1,,,
Gobakk,1,,,
Gsan,1,,,
Gumcure,1,,,
Gummez,1,,,
Happicid,1,,,
Healdase,1,,,
Hexigel,1,,,
Heximetro,1,,,
Himcolin,1,,,
Hydic,1,,,
Hydro,1,,,
Hyfit,1,,,
Iflomax,1,,,
Ifpayns,1,,,
Igp,1,,,
Infa,1,,,
Instafriz,1,,,
Intacaine,1,,,
Intragesic,1,,,
Iseren,1,,,
Itradac,1,,,
Jionac,1,,,
Jula,1,,,
Karogel,1,,,
Keloscar,1,,,
Kenoflam,1,,,
Ketotopic,1,,,
Klinface,1,,,
Klynx,1,,,
Knead,1,,,
Kolasil,1,,,
Kremodik,1,,,
Kriptonite,1,,,
Labdic,1,,,
Lacrina,1,,,
Lagrima,1,,,
Lamboni,1,,,
Laviderm,1,,,
Lidofix,1,,,
Lidogab,1,,,
Lifoclin,1,,,
Lignocad,1,,,
Lignocin,1,,,
Lignogesic,1,,,
Lioton,1,,,
Litane,1,,,
Luipol,1,,,
Lyrasol,1,,,
Manmohan,1,,,
Maruti,1,,,
Maxcaine,1,,,
Medaceous,1,,,
Medrays,1,,,
Medscar,1,,,
Melasure,1,,,
Melonak,1,,,
Meltop,1,,,
Mesoglow,1,,,
Metrobex,1,,,
Metrodent,1,,,
Miconit,1,,,
Microbenz,1,,,
Mimosee,1,,,
Mobigen,1,,,
Moduseb,1,,,
Monogesic,1,,,
Moonzox,1,,,
Moovini,1,,,
Motojoint,1,,,
Movelisin,1,,,
Moveril,1,,,
Mucopain,1,,,
Multicaine,1,,,
Multident,1,,,
Muscoflex,1,,,
Myodolgel,1,,,
Myspar,1,,,
Nioret,1,,,
Nacnano,1,,,
Nanocoll,1,,,
Nanoforte,1,,,
Nanokwik,1,,,
Nayzit,1,,,
Nicoclear,1,,,
Nifecaine,1,,,
Nitriga,1,,,
Nivclin,1,,,
Nunac,1,,,
Octedin,1,,,
Oemjela,1,,,
Oestrogel,1,,,
Onswell,1,,,
Opexa,1,,,
Ophthapan,1,,,
Opthoblis,1,,,
Oracare,1,,,
Oracraft,1,,,
Oragel,1,,,
Orahelp,1,,,
Orakit,1,,,
Oramouth,1,,,
Oranox,1,,,
Orashield,1,,,
Ornigreat,1,,,
Otium,1,,,
Painapp,1,,,
Panthegel,1,,,
Peellite,1,,,
Pelvik,1,,,
Peroduo,1,,,
Petro,1,,,
Photomask,1,,,
Phyzimed,1,,,
Pimplex,1,,,
Pirfesca,1,,,
Podosoft,1,,,
Pofinac,1,,,
Postac,1,,,
Prelica,1,,,
Primigyn,1,,,
Pronac,1,,,
Protance,1,,,
Pyosan,1,,,
Quoro,1,,,
Ralga,1,,,
Raligesic,1,,,
Riladex,1,,,
Rapkostat,1,,,
Redflam,1,,,
Redflame,1,,,
Refast,1,,,
Rejuvissa,1,,,
Relcer,1,,,
Reledol,1,,,
Relifday,1,,,
Resini,1,,,
Reticlear,1,,,
Rexol,1,,,
Ribufen,1,,,
Richglow,1,,,
Rifresh,1,,,
Ritegel,1,,,
Rolnac,1,,,
Romytop,1,,,
Ronac,1,,,
Rosacnil,1,,,
Rubgo,1,,,
Rumol,1,,,
Saliface,1,,,
Scarnix,1,,,
Scatrix,1,,,
Sebogel,1,,,
Sebosoft,1,,,
Sebozit,1,,,
Seizsun,1,,,
Senseal,1,,,
Sentidor,1,,,
Setwet,1,,,
Sfgel,1,,,
Silniwyn,1,,,
Silnorate,1,,,
Silvamor,1,,,
Silvercure,1,,,
Silveron,1,,,
Sivedal,1,,,
Skinsure,1,,,
Skintel,1,,,
Silverkind,1,,,
Smiley,1,,,
Softheel,1,,,
Solset,1,,,
Spardonac,1,,,
Spazogill,1,,,
Sporofine,1,,,
Startwalk,1,,,
Stocid,1,,,
Suderma,1,,,
Sunkon,1,,,
Sunloc,1,,,
Sunmask,1,,,
Sunout,1,,,
Sweatnil,1,,,
Swiftgel,1,,,
Tanbloc,1,,,
Tas,1,,,
Tenim,1,,,
Thiobenz,1,,,
Thiokool,1,,,
Thrombonot,1,,,
Thromboscar,1,,,
Tivenca,1,,,
Tizy,1,,,
Topmetro,1,,,
Topmycin,1,,,
Tosti,1,,,
Treclin,1,,,
Tretmed,1,,,
Trexjoy,1,,,
Tricab,1,,,
Trucane,1,,,
Truface,1,,,
Trunex,1,,,
Ulciwok,1,,,
Ultrabenz,1,,,
Ultrasound,1,,,
Usore,1,,,
Utreva,1,,,
Uvnex,1,,,
Uvsmart,1,,,
Vazo,1,,,
Verena,1,,,
Versa,1,,,
Vibabloc,1,,,
Viralx,1,,,
Viticolor,1,,,
Vitix,1,,,
Voleedol,1,,,
Volicad,1,,,
Volly,1,,,
Volo,1,,,
Voltac,1,,,
Volvib,1,,,
Volzery,1,,,
Wartosin,1,,,
Winshine,1,,,
Wintra,1,,,
Wocaine,1,,,
Xenac,1,,,
Xovipalm,1,,,
Ylis,1,,,
Youngberry,1,,,
Yuclin,1,,,
Yuvenex,1,,,
Zenrelief,1,,,
Zeodic,1,,,
Zitcop,1,,,
Zitmoist,1,,,
Zonex,1,,,
Zotobac,1,,,
Zyclin,1,,,
Zylow,1,,,
Analytica,1,,,
Binaca,1,,,
Boomer,1,,,
Capsicum,1,,,
Centerfresh,1,,,
Cuddsies,1,,,
Eucalypyus,1,,,
Jai,1,,,
Kabjahar,1,,,
Kali,1,,,
Kamdudha,1,,,
Mortin,1,,,
Napthalene,1,,,
Nido,1,,,
Nivaran,1,,,
Nutella,1,,,
Peak,1,,,
Scott,1,,,
Shwaskuthar,1,,,
Haemocytometer,1,,,
Coverslip,1,,,
Gloveon,1,,,
Star,1,,,
Wellpro,1,,,
Actopics,1,,,
Addpure,1,,,
Aglofit,1,,,
Airvel,1,,,
Ajwin,1,,,
Alpino,1,,,
Amulya,1,,,
Anoos,1,,,
Arogyatulya,1,,,
Arrowroot,1,,,
Aryanveda,1,,,
Ayu,1,,,
Bajarangi,1,,,
Bajrang,1,,,
Balm,1,,,
Bambino,1,,,
Bauli,1,,,
Bijorin,1,,,
Bingo,1,,,
Borax,1,,,
Brahmaleen,1,,,
Burnocure,1,,,
Chupa,1,,,
Clobikem,1,,,
Cup,1,,,
Desense,1,,,
Dhanvantri,1,,,
Dhartika,1,,,
Diasafe,1,,,
Drain,1,,,
Dukh,1,,,
Easum,1,,,
Electrode,1,,,
Enlac,1,,,
Esiprotein,1,,,
Esiprotin,1,,,
Extracted,1,,,
Ezee,1,,,
Fevicol,1,,,
Fizi,1,,,
Fly,1,,,
Foodio,1,,,
Fytage,1,,,
Gabby,1,,,
Gasvac,1,,,
Gerber,1,,,
Glade,1,,,
Glam,1,,,
Glosur,1,,,
Glucerna,1,,,
Glucofab,1,,,
Goldy,1,,,
Goodday,1,,,
Gopal,1,,,
Harklur,1,,,
Hingvashtak,1,,,
Hingwashtak,1,,,
Hiowna,1,,,
Hl,1,,,
Honeybee,1,,,
Jaggery,1,,,
Jagravi,1,,,
Jellytos,1,,,
Jonhnson,1,,,
Karachi,1,,,
Knock,1,,,
Kotakkal,1,,,
Kp,1,,,
Ksr,1,,,
Lactogrow,1,,,
Lavan,1,,,
Licht,1,,,
Lipcy,1,,,
Lipso,1,,,
Locort,1,,,
Lyko,1,,,
Make,1,,,
Maknill,1,,,
Mangalam,1,,,
Marie,1,,,
Maska,1,,,
Medapine,1,,,
Monkey,1,,,
Mrs,1,,,
Musalgia,1,,,
Myfitness,1,,,
Nadim,1,,,
Nangrow,1,,,
Nirmal,1,,,
Nutritious,1,,,
Orochamp,1,,,
Orthocott,1,,,
Osteoshield,1,,,
Packfast,1,,,
Papaya,1,,,
Parasmani,1,,,
Salve,1,,,
Pedimune,1,,,
Pheet,1,,,
Poptopia,1,,,
Porwal,1,,,
Prootin,1,,,
Protocream,1,,,
Ps,1,,,
Pulipiri,1,,,
Raaga,1,,,
Rashoff,1,,,
Revisit,1,,,
Richfeels,1,,,
Rinprotin,1,,,
Sakthis,1,,,
Sanjeevanam,1,,,
Sebaoff,1,,,
Shahenshahz,1,,,
Shree,1,,,
Sirus,1,,,
Skp,1,,,
Sloan,1,,,
Sreedhareeyam,1,,,
Sugarlite,1,,,
Sulphaan,1,,,
Syncure,1,,,
Tastypro,1,,,
Thandak,1,,,
Toothwhite,1,,,
Troo,1,,,
Uceclin,1,,,
Ucecort,1,,,
Ucemic,1,,,
Vaporite,1,,,
Vitaderma,1,,,
Walnut,1,,,
Wellbeing,1,,,
Wellness,1,,,
Bryclreem,1,,,
Clearsil,1,,,
Isomil,1,,,
Padmavati,1,,,
D3gold,1,,,
Uterine,1,,,
Argirich,1,,,
Brahmi,1,,,
Colotemp,1,,,
Constina,1,,,
Eract,1,,,
Ezyfibre,1,,,
Fiberdoz,1,,,
Fiberlarc,1,,,
Fibopeg,1,,,
Gentleflo,1,,,
Gutfeel,1,,,
Lactaways,1,,,
Lactigol,1,,,
Lactorich,1,,,
Lactowill,1,,,
Lygylac,1,,,
Mamolact,1,,,
Merylact,1,,,
Rescunate,1,,,
Richgogue,1,,,
Ruhusk,1,,,
Shatari,1,,,
Softool,1,,,
Softtool,1,,,
Swatchpet,1,,,
Trufe,1,,,
Foam,1,,,
Xses,1,,,
Guide,1,,,
Eysential,1,,,
Vittles,1,,,
Theragun,1,,,
Keshranjana,1,,,
Cp2,1,,,
O2h,1,,,
Halemed,1,,,
Polyciser,1,,,
Pregnency,1,,,
Hdl,1,,,
Heat,1,,,
Heggar,1,,,
Medipedic,1,,,
Henna,1,,,
Haematocrit,1,,,
Non,1,,,
Hinsurg,1,,,
Hisil,1,,,
Histocryl,1,,,
R5,1,,,
Impofyte,1,,,
Athletic,1,,,
Forceps,1,,,
Rigid,1,,,
Infantine,1,,,
Akumentis,1,,,
Axaring,1,,,
Healthrazole,1,,,
Jetvid,1,,,
Oflup,1,,,
Orneed,1,,,
Trumet,1,,,
Isotroy,1,,,
Airmore,1,,,
Benvomol,1,,,
Breztri,1,,,
Ciclospray,1,,,
Clearneb,1,,,
Ibreathe,1,,,
Instahaler,1,,,
Nasayu,1,,,
Niveoli,1,,,
Nozcalm,1,,,
Osonide,1,,,
Rheoran,1,,,
Rotahaler,1,,,
Sequadra,1,,,
Spacer,1,,,
Swashaler,1,,,
Trelegy,1,,,
Aardex,1,,,
Abhay,1,,,
Abiciln,1,,,
Abicin,1,,,
Abiclin,1,,,
Abither,1,,,
Acdof,1,,,
Acm,1,,,
Acregesic,1,,,
Actide,1,,,
Acucort,1,,,
Acugyl,1,,,
Acutron,1,,,
Adacel,1,,,
Adalipca,1,,,
Adbeat,1,,,
Adcarb,1,,,
Adfrar,1,,,
Adlumab,1,,,
Adneon,1,,,
Adren,1,,,
Adrenaline,1,,,
Adrenor,1,,,
Afinion,1,,,
Albinero,1,,,
Albubet,1,,,
Aldopam,1,,,
Alfapime,1,,,
Alkem,1,Alkem Laboratories Ltd,Public company,exact
Alkemcort,1,,,
Alpostin,1,,,
Ambisome,1,,,
Amcarb,1,,,
Amcine,1,,,
Amcrylate,1,,,
Amee,1,,,
Amfight,1,,,
Amfocare,1,,,
Amfoterol,1,,,
Amikafic,1,,,
Amikvoiz,1,,,
Aminodrip,1,,,
Amintoz,1,,,
Amiodon,1,,,
Amioron,1,,,
Amphocel,1,,,
Amphonex,1,,,
Amphotret,1,,,
Ampitrust,1,,,
Amxtra,1,,,
Andulfa,1,,,
Anemol,1,,,
Anescaine,1,,,
Angest,1,,,
Antid,1,,,
Appi,1,,,
Aquapam,1,,,
Aravon,1,,,
Aristocort,1,,,
Arixtra,1,,,
Ascorbic,1,,,
Ascordic,1,,,
Ascorwin,1,,,
Ascovit,1,,,
Asklerol,1,,,
Asporelix,1,,,
Assertum,1,,,
Atim,1,,,
Atpan,1,,,
Atrenem,1,,,
Atrothem,1,,,
Augnex,1,,,
Auxavi,1,,,
Auxifast,1,,,
Auxone,1,,,
Avifed,1,,,
Avomik,1,,,
Axobactum,1,,,
Azadine,1,,,
Azeemycin,1,,,
Azimbra,1,,,
Aztinam,1,,,
Aztreo,1,,,
Aztrohigh,1,,,
Bact,1,,,
Bactitaz,1,,,
Bactocef,1,,,
Bactopraz,1,,,
Bactorus,1,,,
Bdthion,1,,,
Berirab,1,,,
Betagee,1,,,
Betanem,1,,,
Betapic,1,,,
Betni,1,,,
Betriazone,1,,,
Bett,1,,,
Biceft,1,,,
Biocarb,1,,,
Bioglandin,1,,,
Biophenicol,1,,,
Biopiper,1,,,
Biospan,1,,,
Biosulin,1,,,
Biotrexate,1,,,
Bleocin,1,,,
Blipooz,1,,,
Blomin,1,,,
Blueject,1,,,
Boostrix,1,,,
Bortenat,1,,,
Bortero,1,,,
Borviz,1,,,
Cachepime,1,,,
Cafneon,1,,,
Calciumgluconate,1,,,
Calgohin,1,,,
Canem,1,,,
Capritaz,1,,,
Captoseal,1,,,
Carbinjet,1,,,
Carbokem,1,,,
Carbotero,1,,,
Caritec,1,,,
Carnispurt,1,,,
Carnosin,1,,,
Cath,1,,,
Cathflush,1,,,
Cavim,1,,,
Ceacon,1,,,
Cebanex,1,,,
Cebapan,1,,,
Cedapenem,1,,,
Cefabolt,1,,,
Cefactiv,1,,,
Cefadew,1,,,
Cefapos,1,,,
Cefaton,1,,,
Cefaval,1,,,
Cefizox,1,,,
Cefokem,1,,,
Cefom,1,,,
Cefonios,1,,,
Cefopol,1,,,
Cefpar,1,,,
Cefponz,1,,,
Cefpraz,1,,,
Ceftirol,1,,,
Ceftravik,1,,,
Cegava,1,,,
Celhep,1,,,
Celobact,1,,,
Celostatin,1,,,
Cep,1,,,
Ceprozone,1,,,
Cerebrolysin,1,,,
Cereira,1,,,
Ceriton,1,,,
Cetrazo,1,,,
Cetrotide,1,,,
Chlorpot,1,,,
Cilanem,1,,,
Cilasafe,1,,,
Cilaxter,1,,,
Cipcza,1,,,
Cipmol,1,,,
Ciprotas,1,,,
Citiclot,1,,,
Citipal,1,,,
Clarineon,1,,,
Clarinex,1,,,
Clindium,1,,,
Cloneon,1,,,
Cloti,1,,,
Coglys,1,,,
Combitaz,1,,,
Conidrot,1,,,
Conikacin,1,,,
Conitaz,1,,,
Conitop,1,,,
Conizone,1,,,
Consec,1,,,
Convictus,1,,,
Coriosurge,1,,,
Cortidron,1,,,
Cortinex,1,,,
Cpressin,1,,,
Cpvan,1,,,
Csb,1,,,
Ctaz,1,,,
Cucef,1,,,
Cuxone,1,,,
Cyanomin,1,,,
Cytarin,1,,,
Cytarine,1,,,
Cytocristin,1,,,
Cytogem,1,,,
Cytoplatin,1,,,
Dabanox,1,,,
Damlin,1,,,
Dapmicin,1,,,
Darb,1,,,
Darbaren,1,,,
Darbatitor,1,,,
Darbelife,1,,,
Darbenef,1,,,
Darberel,1,,,
Darbosis,1,,,
Darbotin,1,,,
Daripro,1,,,
Darnesp,1,,,
Debrumab,1,,,
Decapeptyl,1,,,
Decatech,1,,,
Deckxa,1,,,
Defennar,1,,,
Deftremag,1,,,
Degapride,1,,,
Denaxa,1,,,
Deninta,1,,,
Denmab,1,,,
Denoci,1,,,
Denoclast,1,,,
Denu,1,,,
Denub,1,,,
Denuril,1,,,
Depopred,1,,,
Derilent,1,,,
Derimap,1,,,
Dexacip,1,,,
Dexadran,1,,,
Dexalife,1,,,
Dexarux,1,,,
Dexatroy,1,,,
Dexem,1,,,
Dexit,1,,,
Diaz,1,,,
Diclofane,1,,,
Diclofem,1,,,
Diclokem,1,,,
Diclozine,1,,,
Dicovan,1,,,
Difidox,1,,,
Diron,1,,,
Dobutrex,1,,,
Dololife,1,,,
Domin,1,,,
Domnepry,1,,,
Dopa,1,,,
Dopacef,1,,,
Dorinta,1,,,
Dornn,1,,,
Dotamin,1,,,
Doxific,1,,,
Doxis,1,,,
Doxybuz,1,,,
Doxyglex,1,,,
Doxynios,1,,,
Dpoetin,1,,,
Durabolin,1,,,
Durataz,1,,,
Durolane,1,,,
Dvacef,1,,,
Dylorid,1,,,
Dynalix,1,,,
Dynatroy,1,,,
Easysix,1,,,
Eczas,1,,,
Edastar,1,,,
Edinova,1,,,
Edstar,1,,,
Efficin,1,,,
Effimax,1,,,
Efipress,1,,,
Elores,1,,,
Elovac,1,,,
Emblaveo,1,,,
Embpred,1,,,
Emegon,1,,,
Emicid,1,,,
Eminate,1,,,
Emitiva,1,,,
Emstar,1,,,
Emtig,1,,,
Emucin,1,,,
Emzumab,1,,,
Endogen,1,,,
Enfalist,1,,,
Enophar,1,,,
Enoxarin,1,,,
Enoxcer,1,,,
Enoxgulan,1,,,
Enteroshield,1,,,
Epicetam,1,,,
Epotin,1,,,
Eprazole,1,,,
Equirab,1,,,
Eraxis,1,,,
Erliso,1,,,
Erocet,1,,,
Ertacos,1,,,
Ertafic,1,,,
Esentra,1,,,
Esicon,1,,,
Esocard,1,,,
Esocot,1,,,
Esomecan,1,,,
Eszole,1,,,
Eszomed,1,,,
Etamseen,1,,,
Etosid,1,,,
Eugon,1,,,
Eurolide,1,,,
Eutropin,1,,,
Euvifol,1,,,
Evatocin,1,,,
Eviso,1,,,
Exemptia,1,,,
Ezompraz,1,,,
Faciloc,1,,,
Falcinil,1,,,
Faro,1,,,
Farris,1,,,
Faslodex,1,,,
Fcmalt,1,,,
Fcmo,1,,,
Feminox,1,,,
Fenobarb,1,,,
Feroject,1,,,
Fertokath,1,,,
Feruno,1,,,
Fevastin,1,,,
Firmagon,1,,,
Florocid,1,,,
Flothin,1,,,
Fludot,1,,,
Flumol,1,,,
Fluracil,1,,,
Foctum,1,,,
Follimon,1,,,
Forstal,1,,,
Fortwin,1,,,
Fosfotas,1,,,
Fosphen,1,,,
Fosteron,1,,,
Fosutrac,1,,,
Fotaran,1,,,
Fraxodi,1,,,
Fresogyl,1,,,
Frusemide,1,,,
Frusenat,1,,,
Frusizex,1,,,
Fulfil9,1,,,
Fulveser,1,,,
Futri,1,,,
Fytobact,1,,,
Garamycin,1,,,
Gardcef,1,,,
Gastrozole,1,,,
Gavalmycin,1,,,
Gemtero,1,,,
Genotropin,1,,,
Gentader,1,,,
Gentalife,1,,,
Germero,1,,,
Gerta,1,,,
Glarzen,1,,,
Glee,1,,,
Gleecef,1,,,
Gleenor,1,,,
Gleepen,1,,,
Gleeset,1,,,
Glerelin,1,,,
Glerta,1,,,
Gles,1,,,
Glinza,1,,,
Glmero,1,,,
Glormol,1,,,
Glucagen,1,,,
Gluci,1,,,
Glugon,1,,,
Glycopyrrolate,1,,,
Gonapeptyl,1,,,
Grafalon,1,,,
Guficin,1,,,
Gufinox,1,,,
Gufiparin,1,,,
Gufitrig,1,,,
Haemaccel,1,,,
Halonix,1,,,
Havpur,1,,,
Headon,1,,,
Hefopan,1,,,
Hemoject,1,,,
Heplock,1,,,
Hetalbu,1,,,
Hexaxim,1,,,
Hibenfit,1,,,
Hiberix,1,,,
Hibpro,1,,,
Hospimol,1,,,
Hospimycin,1,,,
Humarap,1,,,
Humimab,1,,,
Humstard,1,,,
Hyalgan,1,,,
Hyalone,1,,,
Hycort,1,,,
Hydergine,1,,,
Hydrocort,1,,,
Hydropic,1,,,
Hyllergic,1,,,
Hynidase,1,,,
Hyokem,1,,,
Hypnodate,1,,,
Hytorix,1,,,
Ibumend,1,,,
Icikinase,1,,,
Immunocin,1,,,
Imualfa,1,,,
Injek,1,,,
Intaglob,1,,,
Intagyl,1,,,
Intebol,1,,,
Intovir,1,,,
Isep,1,,,
Isoash,1,,,
Isofer,1,,,
Isolin,1,,,
Isoneph,1,,,
Ivixone,1,,,
Jilazo,1,,,
Jiovent,1,,,
Kabilyte,1,,,
Kanilev,1,,,
Kapilin,1,,,
Karpan,1,,,
Kefchek,1,,,
Kefpime,1,,,
Keftaglan,1,,,
Keftragard,1,,,
Kemocarb,1,,,
Kemoplat,1,,,
Kemphylline,1,,,
Kephazon,1,,,
Ketorpal,1,,,
Kezlin,1,,,
Kipinex,1,,,
Klacid,1,,,
Klotin,1,,,
Koolistin,1,,,
Koragon,1,,,
Ktrox,1,,,
Labenex,1,,,
Labeon,1,,,
Labitol,1,,,
Labmine,1,,,
Lactagard,1,,,
Lanidol,1,,,
Legopan,1,,,
Lesurich,1,,,
Leunase,1,,,
Leup,1,,,
Leutero,1,,,
Levemir,1,,,
Levenex,1,,,
Levetrapal,1,,,
Lignocaine,1,,,
Lignowin,1,,,
Linexa,1,,,
Linonex,1,,,
Lirafit,1,,,
Lizodact,1,,,
Lolamed,1,,,
Lolarin,1,,,
Lopazest,1,,,
Loxicard,1,,,
Lupidexa,1,,,
Lupifil,1,,,
Lupinem,1,,,
Luprocan,1,,,
Luprorin,1,,,
Luprotas,1,,,
Lycortin,1,,,
Lyortam,1,,,
Lyozone,1,,,
Maball,1,,,
Mabura,1,,,
Mabvinra,1,,,
Mactax,1,,,
Magnabet,1,,,
Magneon,1,,,
Magsocan,1,,,
Main,1,,,
Markparin,1,,,
Marnif,1,,,
Mauvecobal,1,,,
Maxotaz,1,,,
Maytag,1,,,
Mebit,1,,,
Mecoder,1,,,
Mecorich,1,,,
Mecovin,1,,,
Medobet,1,,,
Megacob,1,,,
Meganerve,1,,,
Megapred,1,,,
Megfill,1,,,
Mekcin,1,,,
Meksefta,1,,,
Mem,1,,,
Menactra,1,,,
Menadione,1,,,
Menogon,1,,,
Menonys,1,,,
Menoroz,1,,,
Menveo,1,,,
Merobax,1,,,
Merobia,1,,,
Merofic,1,,,
Merohuge,1,,,
Meroprotect,1,,,
Merovag,1,,,
Merowill,1,,,
Merowin,1,,,
Merozoic,1,,,
Mesna,1,,,
Metabol,1,,,
Meterkem,1,,,
Methorem,1,,,
Methygin,1,,,
Metohin,1,,,
Metrozest,1,,,
Miarta,1,,,
Micagin,1,,,
Microfer,1,,,
Milicor,1,,,
Milrineon,1,,,
Minyum,1,,,
Miodar,1,,,
Mitotax,1,,,
Mixcam,1,,,
Mmr,1,,,
Mocef,1,,,
Monazine,1,,,
Mufocyst,1,,,
Multimont,1,,,
Multire,1,,,
Mvi,1,,,
Mycoba,1,,,
Myezom,1,,,
Mysheath,1,,,
Nacphin,1,,,
Nalfy,1,,,
Nefronac,1,,,
Neomit,1,,,
Neoprate,1,,,
Neorecormon,1,,,
Neotach,1,,,
Nephrosteril,1,,,
Nervetez,1,,,
Netbis,1,,,
Neupogen,1,,,
Neurocob,1,,,
Neurogyl,1,,,
Neurolab,1,,,
Nexdol,1,,,
Neximol,1,,,
Nexivan,1,,,
Nitrocan,1,,,
Nitroglyn,1,,,
Nkacin,1,,,
Norad,1,,,
Noristerat,1,,,
Novapime,1,,,
Noveltreat,1,,,
Nuclasta,1,,,
Nuropoz,1,,,
Octotide,1,,,
Octreomed,1,,,
Oliclinomel,1,,,
Olimab,1,,,
Olzup,1,,,
Omalirel,1,,,
Omnikacin,1,,,
Omnipaque,1,,,
Ondanaus,1,,,
Ondee,1,,,
Onebumin,1,,,
Onisafe,1,,,
Ontran,1,,,
Onvinc,1,,,
Onzoset,1,,,
Optinuon,1,,,
Orblicef,1,,,
Oricort,1,,,
Orzid,1,,,
Osteri,1,,,
Otide,1,,,
Otroy,1,,,
Overcom,1,,,
Ovidac,1,,,
Ovitrelle,1,,,
Ovutas,1,,,
Ozoparin,1,,,
Pam,1,,,
Panease,1,,,
Panglee,1,,,
Panonex,1,,,
Pant,1,,,
Pantimo,1,,,
Pantiz,1,,,
Pantolium,1,,,
Pantoneu,1,,,
Pantonovo,1,,,
Pantorap,1,,,
Pantozee,1,,,
Pantoziv,1,,,
Paracetamol,1,,,
Paragee,1,,,
Paranios,1,,,
Parazen,1,,,
Parihep,1,,,
Partocin,1,,,
Pavulon,1,,,
Paxyb,1,,,
Pctaz,1,,,
Pegex,1,,,
Pegfeel,1,,,
Pentacip,1,,,
Pentaxim,1,,,
Pentazocine,1,,,
Pentazol,1,,,
Pentropine,1,,,
Phenate,1,,,
Phenobarbitone,1,,,
Phenocaine,1,,,
Phentix,1,,,
Phosome,1,,,
Pintop,1,,,
Pipcidal,1,,,
Pipnios,1,,,
Piprapen,1,,,
Piprataz,1,,,
Pipratech,1,,,
Pip,1,,,
Pipzam,1,,,
Piroxitas,1,,,
Pizowave,1,,,
Plakonta,1,,,
Pobix,1,,,
Polyfic,1,,,
Polymap,1,,,
Posicolin,1,,,
Posinem,1,,,
Posipred,1,,,
Potphos,1,,,
Pra,1,,,
Prednizon,1,,,
Premaxo,1,,,
Presclav,1,,,
Pressinex,1,,,
Prestero,1,,,
Primecobal,1,,,
Primocam,1,,,
Proalb,1,,,
Procort,1,,,
Progynon,1,,,
Prolemax,1,,,
Prolia,1,,,
Prolinate,1,,,
Prolop,1,,,
Prota,1,,,
Proveron,1,,,
Provigil,1,,,
Puretrig,1,,,
Pybactum,1,,,
Pyrolate,1,,,
Qnox,1,,,
Qron,1,,,
Raajnuron,1,,,
Rabelive,1,,,
Rabipur,1,,,
Rabishield,1,,,
Rabkon,1,,,
Radicef,1,,,
Radmol,1,,,
Radrene,1,,,
Ranitas,1,,,
Ranitch,1,,,
Ranitidine,1,,,
Razone,1,,,
Recagon,1,,,
Redbc,1,,,
Redgem,1,,,
Reglomet,1,,,
Reliferon,1,,,
Religrast,1,,,
Remdesivir,1,,,
Renorise,1,,,
Reocal,1,,,
Reokay,1,,,
Reoline,1,,,
Reomin,1,,,
Reonesium,1,,,
Repatha,1,,,
Repoitin,1,,,
Reptilase,1,,,
Resqmol,1,,,
Reversee,1,,,
Revofer,1,,,
Rexite,1,,,
Reynerve,1,,,
Rhogam,1,,,
Riligol,1,,,
Rinac,1,,,
Rintac,1,,,
Ritodine,1,,,
Rituxirel,1,,,
Robi,1,,,
Robojet,1,,,
Rocunium,1,,,
Rosinox,1,,,
Rozel,1,,,
Rtcort,1,,,
Rubella,1,,,
Salvocort,1,,,
Samika,1,,,
Sanzone,1,,,
Scapho,1,,,
Scolax,1,,,
Scud,1,,,
Seizam,1,,,
Septacarb,1,,,
Septamin,1,,,
Serocit,1,,,
Setrol,1,,,
Shan,1,,,
Shanferon,1,,,
Shanpoietin,1,,,
Shingrix,1,,,
Simulect,1,,,
Sinibec,1,,,
Sinitaz,1,,,
Skicef,1,,,
Skynorm,1,,,
Skyvil,1,,,
Snake,1,,,
Sodithem,1,,,
Soliqua,1,,,
Solvent,1,,,
Somastin,1,,,
Somatin,1,,,
Somatostatin,1,,,
Sosrane,1,,,
Stef,1,,,
Sterodin,1,,,
Stpase,1,,,
Stukinase,1,,,
Stycef,1,,,
Styptochrome,1,,,
Styptocrome,1,,,
Succicort,1,,,
Sucol,1,,,
Sucrofix,1,,,
Sudonam,1,,,
Sudostar,1,,,
Suez,1,,,
Sulbacef,1,,,
Suncob,1,,,
Sundaf,1,,,
Sustaglar,1,,,
Swfi,1,,,
Sybrava,1,,,
Synject,1,,,
Syntocinon,1,,,
Synvisc,1,,,
Talidol,1,,,
Tazibis,1,,,
Tazid,1,,,
Tazilin,1,,,
Tazin,1,,,
Tazira,1,,,
Tazocia,1,,,
Tazoic,1,,,
Tazokon,1,,,
Tazotum,1,,,
Tazowill,1,,,
Tazowin,1,,,
Tazpi,1,,,
Tecoplan,1,,,
Teglin,1,,,
Teri,1,,,
Terifort,1,,,
Terlieon,1,,,
Terlistat,1,,,
Termin,1,,,
Termiva,1,,,
Tetraxim,1,,,
Texoplan,1,,,
Tgkem,1,,,
Themiglu,1,,,
Themipres,1,,,
Themipyrrnom,1,,,
Thianzo,1,,,
Thiapime,1,,,
Thiatec,1,,,
Thimiplex,1,,,
Thrabis,1,,,
Thrombiflo,1,,,
Thymolin,1,,,
Thymovian,1,,,
Ticarnic,1,,,
Ticlin,1,,,
Ticocin,1,,,
Tigebax,1,,,
Tigefic,1,,,
Tigeguard,1,,,
Tigeniche,1,,,
Tigerad,1,,,
Tigestat,1,,,
Tigez,1,,,
Tigi,1,,,
Timecid,1,,,
Timentin,1,,,
Todaycef,1,,,
Tomopar,1,,,
Tpt,1,,,
Tracrium,1,,,
Tramacop,1,,,
Tramatas,1,,,
Tramospark,1,,,
Tran,1,,,
Traxobest,1,,,
Trazograf,1,,,
Treonam,1,,,
Tridoss,1,,,
Tropine,1,,,
Troponerve,1,,,
Troxom,1,,,
Troxone,1,,,
Troycort,1,,,
Troyhep,1,,,
Troymidate,1,,,
Troyperazone,1,,,
Truaxon,1,,,
Trueoxa,1,,,
Truepenam,1,,,
Truexone,1,,,
Trupera,1,,,
Tubervac,1,,,
Twacal,1,,,
Tygacil,1,,,
Tygaray,1,,,
Tyvalzi,1,,,
Uket,1,,,
Unichorio,1,,,
Upxiga,1,,,
Vamocin,1,,,
Vanacin,1,,,
Vancocin,1,,,
Vancogen,1,,,
Vancotech,1,,,
Vanzova,1,,,
Varanem,1,,,
Varilrix,1,,,
Variped,1,,,
Varivax,1,,,
Vascel,1,,,
Vasocon,1,,,
Vaxcam,1,,,
Vaximune,1,,,
Vecredil,1,,,
Vecuron,1,,,
Venofer,1,,,
Ventoran,1,,,
Verorab,1,,,
Versavo,1,,,
Victoza,1,,,
Visipaque,1,,,
Voluven,1,,,
Vomilife,1,,,
Vomishut,1,,,
Vovespan,1,,,
Vpress,1,,,
Vrift,1,,,
Vyosef,1,,,
Wavocef,1,,,
Welcef,1,,,
Welmic,1,,,
Weltax,1,,,
Weltrox,1,,,
Wemin,1,,,
Whatcef,1,,,
Wino,1,,,
Womenox,1,,,
Womiwal,1,,,
Wrecker,1,,,
Xolabin,1,,,
Xolnic,1,,,
Xprab,1,,,
Xultophy,1,,,
Xydopan,1,,,
Xylocard,1,,,
Xylocare,1,,,
Xynova,1,,,
Zaina,1,,,
Zambact,1,,,
Zavialfa,1,,,
Zavicefta,1,,,
Zaxipenem,1,,,
Zeepam,1,,,
Zelcaine,1,,,
Zencef,1,,,
Zenpant,1,,,
Zepoxin,1,,,
Zepracid,1,,,
Zeroklot,1,,,
Zestabolin,1,,,
Zetax,1,,,
Zexon,1,,,
Zicfi,1,,,
Zicot,1,,,
Zidavi,1,,,
Zidovin,1,,,
Zienam,1,,,
Zilamac,1,,,
Zivamol,1,,,
Zivictam,1,,,
Zoate,1,,,
Zobactin,1,,,
Zobone,1,,,
Zocifix,1,,,
Zodcef,1,,,
Zofactum,1,,,
Zoftariz,1,,,
Zolasta,1,,,
Zoldonat,1,,,
Zoldria,1,,,
Zolephos,1,,,
Zoltero,1,,,
Zonam,1,,,
Zoonovac,1,,,
Zosyn,1,,,
Zubacef,1,,,
Zunalgia,1,,,
Zutig,1,,,
Zuvirab,1,,,
Zyact,1,,,
Zydotum,1,,,
Zyhmg,1,,,
Zyloceff,1,,,
Zymika,1,,,
Inte,1,,,
Intubation,1,,,
Abalyte,1,,,
Adviz,1,,,
Aggribloc,1,,,
Cachpar,1,,,
Calinolid,1,,,
Celemix,1,,,
Celepid,1,,,
Ciprit,1,,,
Ciprokem,1,,,
Ciprox,1,,,
Denilyte,1,,,
Denocin,1,,,
Emglobulin,1,,,
Expavon,1,,,
Fevridol,1,,,
Finamac,1,,,
Flexbumin,1,,,
Floxlee,1,,,
Flusodex,1,,,
Fresocan,1,,,
Grifols,1,,,
Infumol,1,,,
Intasol,1,,,
Kabiven,1,,,
Leniol,1,,,
Levotas,1,,,
Linetic,1,,,
Linzova,1,,,
Metrozap,1,,,
Natzold,1,,,
Nirlyte,1,,,
Normesis,1,,,
Ofuxin,1,,,
Ormol,1,,,
Orniden,1,,,
Orvomol,1,,,
Paratica,1,,,
Parawill,1,,,
Plasma,1,,,
Potcl,1,,,
Promet,1,,,
Retelex,1,,,
Rokfos,1,,,
Vitrinal,1,,,
Xcipro,1,,,
Chloromint,1,,,
Galactosure,1,,,
Incipro,1,,,
Pdf,1,,,
Uce,1,,,
Carokid,1,,,
Caligno,1,,,
Carex,1,,,
Kamagra,1,,,
Lignoder,1,,,
Lignolarc,1,,,
Vigoroll,1,,,
Jeshthamadh,1,,,
40,1,,,
Jo,1,,,
Ey,1,,,
K2k,1,,,
4k,1,,,
Elle,1,,,
Kehrs,1,,,
Aashirvaad,1,,,
Aishwaryas,1,,,
Daawat,1,,,
Purpet,1,,,
Regular,1,,,
Prism,1,,,
Roach,1,,,
Ablecath,1,,,
Acute,1,,,
Biopeg,1,,,
Carpela,1,,,
Concetest,1,,,
Covifind,1,,,
Coviself,1,,,
Creol,1,,,
Cupisure,1,,,
Desotrel,1,,,
Doris,1,,,
Drospee,1,,,
Endofert,1,,,
Firstcheck,1,,,
General,1,,,
Gud,1,,,
Himplasia,1,,,
Ibracal,1,,,
Lscs,1,,,
Macspaser,1,,,
Mahurkar,1,,,
Medcell,1,,,
Menosan,1,,,
Mifty,1,,,
Orflaz,1,,,
Papanews,1,,,
Pregablush,1,,,
Pregacach,1,,,
Pregakem,1,,,
Preganic,1,,,
Pregniwok,1,,,
Pressure,1,,,
Pylobact,1,,,
Reosto,1,,,
Suvida,1,,,
Viro,1,,,
Woxheal,1,,,
Xfert,1,,,
Knorr,1,,,
Multirate,1,,,
Vitrimax,1,,,
Drivecure,1,,,
Imporetd,1,,,
Matig,1,,,
Opticare,1,,,
Uniq,1,,,
Urocare,1,,,
Geniuses,1,,,
Rightest,1,,,
Sterilan,1,,,
Unilet,1,,,
Laparosuck,1,,,
Anal,1,,,
Bedsheet,1,,,
Busy,1,,,
Cerebral,1,,,
Chin,1,,,
Lumbok,1,,,
Sargen,1,,,
Laryngoscope,1,,,
Latex,1,,,
Lcs,1,,,
Emergency,1,,,
Rechargeable,1,,,
Legging,1,,,
Finepoint,1,,,
Diazox,1,,,
Myostal,1,,,
Rhumed,1,,,
Rosalin,1,,,
Alcid,1,,,
Amlapitta,1,,,
Amritarishta,1,,,
Araq,1,,,
Arthrid,1,,,
Astragel,1,,,
Astrigum,1,,,
Aziclass,1,,,
Bactorub,1,,,
Bhoonimbadi,1,,,
Bildim,1,,,
Bilva,1,,,
Brainmax,1,,,
Chandanasava,1,,,
Cidex,1,,,
Citrasol,1,,,
Contalax,1,,,
Dakson,1,,,
Enstrength,1,,,
Folliserum,1,,,
Foltene,1,,,
Fongitar,1,,,
Forestica,1,,,
Gllycerin,1,,,
Gokharu,1,,,
Gokshur,1,,,
Growcare,1,,,
Hypnothane,1,,,
Innline,1,,,
Jambola,1,,,
Javerians,1,,,
Jointil,1,,,
Kasamrit,1,,,
Khakra,1,,,
Krupa,1,,,
Lactoeve,1,,,
Lpf,1,,,
Lunex,1,,,
Magstone,1,,,
Mahabhrinraj,1,,,
Mahamanjisthadi,1,,,
Maharanadi,1,,,
Manomohan,1,,,
Megarite,1,,,
Nervolin,1,,,
Nomark,1,,,
Nopan,1,,,
Oasimol,1,,,
Oliade,1,,,
Paintex,1,,,
Panchaguna,1,,,
Pretisoft,1,,,
Periogard,1,,,
Regutol,1,,,
Rheumatil,1,,,
Rilistiff,1,,,
Rotasiil,1,,,
Shri,1,,,
Smf,1,,,
Somasav,1,,,
Sorbacid,1,,,
Soyamin22,1,,,
Stonepac,1,,,
Sunny,1,,,
Swarn,1,,,
Triphalanjan,1,,,
Varunadhi,1,,,
Venujup,1,,,
Gigasept,1,,,
Kenwin,1,,,
Nareenas,1,,,
Abivocal,1,,,
Acrofy,1,,,
Acrub,1,,,
Acucerin,1,,,
Adonorm,1,,,
Aldry,1,,,
Allegix,1,,,
Allsuth,1,,,
Alotol,1,,,
Alscab,1,,,
Anthical,1,,,
Aquaderm,1,,,
Arya,1,,,
Azelac,1,,,
Becort,1,,,
Biomethrin,1,,,
Bioscab,1,,,
Calacalm,1,,,
Caladew,1,,,
Calaffin,1,,,
Calafit,1,,,
Calagy,1,,,
Calalayer,1,,,
Calamen,1,,,
Calamin,1,,,
Calamina,1,,,
Calamis,1,,,
Calamiz,1,,,
Calanim,1,,,
Calatopic,1,,,
Calaway,1,,,
Calcare,1,,,
Calderm,1,,,
Calinic,1,,,
Calirex,1,,,
Calkem,1,,,
Callan,1,,,
Calmac,1,,,
Calobliss,1,,,
Calosan,1,,,
Calsgen,1,,,
Cambisalic,1,,,
Candicalm,1,,,
Caremoist,1,,,
Censophy,1,,,
Cerlo,1,,,
Cetafresh,1,,,
Cetawise,1,,,
Chandanbala,1,,,
Charmoist,1,,,
Cidead,1,,,
Citasia,1,,,
Cleanoderm,1,,,
Clicsal,1,,,
Clonext,1,,,
Clorim,1,,,
Coaltar,1,,,
Cocodoux,1,,,
Confiski,1,,,
Cosmino,1,,,
Cosmoist,1,,,
Creastim,1,,,
Cutflaw,1,,,
Cutical,1,,,
Cutirepair,1,,,
Danblock,1,,,
Dandrid,1,,,
Dandruff,1,,,
Danloss,1,,,
Danstop,1,,,
Danwash,1,,,
Delmoist,1,,,
Denidol,1,,,
Dentolina,1,,,
Dermacal,1,,,
Dewcal,1,,,
Dikart,1,,,
Drosera,1,,,
Drynil,1,,,
Dsorolin,1,,,
Duofilm,1,,,
Edew,1,,,
Eitilgo,1,,,
Elosmooth,1,,,
Esavasone,1,,,
Esmoist,1,,,
Essanglow,1,,,
Execalm,1,,,
Flosun,1,,,
Flusil,1,,,
Flutisoft,1,,,
Folifast,1,,,
Folli,1,,,
Fornia,1,,,
Fredicalamine,1,,,
Fusiscalp,1,,,
Gamabiol,1,,,
Gamascab,1,,,
Gentian,1,,,
Genwash,1,,,
Gillete,1,,,
Glysija,1,,,
Grewit,1,,,
Hairline,1,,,
Helioban,1,,,
Hibaket,1,,,
Hydrobum,1,,,
Imulac,1,,,
Itchcam,1,,,
Karpin,1,,,
Ketocool,1,,,
Ketoluxe,1,,,
Ketsal,1,,,
Kidglo,1,,,
Kls,1,,,
Koza,1,,,
Lac,1,,,
Lacticare,1,,,
Laomide,1,,,
Linical,1,,,
Linimoist,1,,,
Litearm,1,,,
Liteza,1,,,
Lobiotouch,1,,,
Lucidum,1,,,
Lulicad,1,,,
Lulimedz,1,,,
Lulinaz,1,,,
Markal,1,,,
Mask,1,,,
Maxemo,1,,,
Medsilk,1,,,
Melaclin,1,,,
Melamine,1,,,
Meterin,1,,,
Mf,1,,,
Minofina,1,,,
Minovera,1,,,
Moisoft,1,,,
Morrich,1,,,
Myozen,1,,,
Nedax,1,,,
Nefeli,1,,,
Neoptide,1,,,
Nevsoft,1,,,
Nizowal,1,,,
Nucetyl,1,,,
Nutrise,1,,,
Oconat,1,,,
Olprick,1,,,
Omnimoist,1,,,
Onak,1,,,
Pathisporin,1,,,
Peerlin,1,,,
Perin,1,,,
Periway,1,,,
Permelice,1,,,
Permetron,1,,,
Permezem,1,,,
Permitop,1,,,
Permom,1,,,
Permtrin,1,,,
Pink,1,,,
Plaintar,1,,,
Plecikoid,1,,,
Premezem,1,,,
Preticlean,1,,,
Psoraxib,1,,,
Radiglow,1,,,
Radvera,1,,,
Raybarin,1,,,
Rayblok,1,,,
Rejubrite,1,,,
Rekonnekt,1,,,
Revetime,1,,,
Riahmax,1,,,
Ronyglam,1,,,
Sahar,1,,,
Saliclo,1,,,
Salipaint,1,,,
Salphin,1,,,
Salubri,1,,,
Sanosan,1,,,
Sarna,1,,,
Sarot,1,,,
Scabanca,1,,,
Scaben,1,,,
Scabenil,1,,,
Scabiday,1,,,
Scabigard,1,,,
Scablab,1,,,
Scabzeel,1,,,
Scalnex,1,,,
Scatik,1,,,
Seboclear,1,,,
Senee,1,,,
Septiloc,1,,,
Siracilt,1,,,
Skinmoist,1,,,
Softcal,1,,,
Softmax,1,,,
Softuch,1,,,
Solcik,1,,,
Solecross,1,,,
Solu,1,,,
Soluken,1,,,
Soppy,1,,,
Sunfree,1,,,
Sungard,1,,,
Sungaurd,1,,,
Sunsafe,1,,,
Sunsaya,1,,,
Supradew,1,,,
Tarryshine,1,,,
Tarsalic,1,,,
Terbidel,1,,,
Tiniwash,1,,,
Topiforte,1,,,
Tripledye,1,,,
Trumist,1,,,
Ultiderm,1,,,
Ultrablok,1,,,
Unihyzi,1,,,
Vcx,1,,,
Vedadew,1,,,
Veroka,1,,,
Vibrio,1,,,
Vitellus,1,,,
Vitilo,1,,,
Vitlostlot,1,,,
Wapionate,1,,,
Wartol,1,,,
Xkimo,1,,,
Xylite,1,,,
Yacal,1,,,
Zenmethrin,1,,,
Zerocan,1,,,
Zingisol,1,,,
Zoletar,1,,,
Aplovir,1,,,
Aquazyl,1,,,
Oraloz,1,,,
Phyto,1,,,
Prorespi,1,,,
Dedakj,1,,,
Oxyrich,1,,,
Himalayan,1,,,
Thumps,1,,,
Vijaya,1,,,
Lumber,1,,,
24,1,,,
M2m,1,,,
O2m,1,,,
Actimove,1,,,
Bendext,1,,,
Braceon,1,,,
Cot,1,,,
Dorsolumbar,1,,,
Eazi,1,,,
Flamitape,1,,,
Frog,1,,,
Innovacrepe,1,,,
Medicare,1,,,
Medigrip,1,,,
Meg53,1,,,
Optina,1,,,
Petal,1,,,
Primeplast,1,,,
Rollstar,1,,,
Senzicare,1,,,
Stickwell,1,,,
Surefix,1,,,
Topgrip,1,,,
Madison,1,,,
Jeevanprash,1,,,
Maltal,1,,,
Kn,1,,,
Masque,1,,,
Optimask,1,,,
Pollution,1,,,
Safekind,1,,,
Wildcraft,1,,,
Major,1,,,
Vinobulin,1,,,
Absorbant,1,,,
Mede,1,,,
Medihug,1,,,
Leucoband,1,,,
Nappy,1,,,
Mehar,1,,,
Mendlene,1,,,
Mendwax,1,,,
Ccf,1,,,
Medikit,1,,,
Trustcheck,1,,,
Caviter,1,,,
Enzolact,1,,,
Genspar,1,,,
Kesari,1,,,
Nicowyn,1,,,
Silodosia,1,,,
Vebalone,1,,,
Microgen,1,,,
Microperf,1,,,
Microshield,1,,,
Minivac,1,,,
Hepacard,1,,,
Abbott,1,Abbott India Ltd,Indian arm of Abbott Laboratories (US),exact
Acetic,1,,,
Ahasan,1,,,
Airwick,1,,,
Omam,1,,,
Ambipurcar,1,,,
Amrogem,1,,,
Amy,1,,,
Anoop,1,,,
Arioat,1,,,
Arjunadyarishta,1,,,
Arun,1,,,
Ashwins,1,,,
Avene,1,,,
Avlon,1,,,
Axaline,1,,,
Babyway,1,,,
Batman,1,,,
Bblunt,1,,,
Bbold,1,,,
Belllavita,1,,,
Benedicts,1,,,
Biopharms,1,,,
Borosil,1,,,
Bubble,1,,,
Calafine,1,,,
Calrose,1,,,
Cantharidine,1,,,
Cavins,1,,,
Cedar,1,,,
Cezium,1,,,
Cheerful,1,,,
Chlomint,1,,,
Cholesterol,1,,,
Cleanic,1,,,
Cloud,1,,,
Dailee,1,,,
Dclenz,1,,,
Dheedhi,1,,,
Dizall,1,,,
Domex,1,,,
Durrani,1,,,
Ecomax,1,,,
Emessa,1,,,
Entik,1,,,
Erand,1,,,
Evaklin,1,,,
Everests,1,,,
Expelz,1,,,
Express,1,,,
Eyespa,1,,,
Facescanada,1,,,
Tvaksh,1,,,
Febrile,1,,,
Femisan,1,,,
Firose,1,,,
Fivmol,1,,,
Florin,1,,,
Folivalor,1,,,
Fouchets,1,,,
Gadiya,1,,,
Gastromax,1,,,
Gear,1,,,
Gefree,1,,,
Get,1,,,
Glamora,1,,,
Glucos,1,,,
Grain,1,,,
Graminum,1,,,
Guru,1,,,
Gynotis,1,,,
Hafnor,1,,,
Halcare,1,,,
Hemozink,1,,,
Himganga,1,,,
Hiran,1,,,
Hydrochloric,1,,,
Hygienix,1,,,
Hyruan,1,,,
Intas,1,Intas Pharmaceuticals Ltd,Private company,exact
Ivolyte,1,,,
Jatyadi,1,,,
Jersey,1,,,
Jharan,1,,,
Jofit,1,,,
Jojas,1,,,
Kelz,1,,,
Kenvey,1,,,
Kerala,1,,,
Keratone,1,,,
Kesavardhini,1,,,
Keshovin,1,,,
Khatnil,1,,,
Kidrolyte,1,,,
Kleenpalm,1,,,
Kusumanjali,1,,,
Lactifem,1,,,
Lamerveille,1,,,
Layer,1,,,
Leishmans,1,,,
Lemonade,1,,,
Lemongrass,1,,,
Lid,1,,,
Fizikem,1,,,
Madhucure,1,,,
Mahanarayana,1,,,
Maharishi,1,,,
Malti,1,,,
Mamaeart,1,,,
Mandhana,1,,,
Mannequin,1,,,
Masqati,1,,,
Meezan,1,,,
Mesh,1,,,
Methyline,1,,,
Metris,1,,,
Microwin,1,,,
Mit,1,,,
Moiser,1,,,
Moskito,1,,,
Mukund,1,,,
Nandi,1,,,
Nanolife,1,,,
Nicholas,1,,,
Oma,1,,,
Oura,1,,,
Pakeeza,1,,,
Panda,1,,,
Pansoma,1,,,
Paralive,1,,,
Paras,1,,,
Peedanil,1,,,
Peewash,1,,,
Perogen,1,,,
Pinkoo,1,,,
Polyecho,1,,,
Poppy,1,,,
Practo,1,,,
Prakash,1,,,
Predator,1,,,
Prodex,1,,,
Ramsons,1,,,
Ravina,1,,,
Recopain,1,,,
Relx,1,,,
Revilite,1,,,
Rita,1,,,
Royals,1,,,
Salactin,1,,,
Sani,1,,,
Sanovo,1,,,
Santulan,1,,,
Sarguna,1,,,
Sayadex,1,,,
Schwarzkopf,1,,,
Siddha,1,,,
Smallwonder,1,,,
Smoodh,1,,,
Spar,1,,,
Sparshbaby,1,,,
Srinidhi,1,,,
Stainfree,1,,,
Starlon,1,,,
Steripro,1,,,
Storage,1,,,
Stylo,1,,,
Suchi,1,,,
Sucracid,1,,,
Sultan,1,,,
Sunkey,1,,,
Swastik,1,,,
Teen,1,,,
Tilstigimin,1,,,
Tini,1,,,
Tna,1,,,
Tobaresp,1,,,
Tresspro,1,,,
Tuberculin,1,,,
Tulasi,1,,,
Tuniza,1,,,
Turkiz,1,,,
Twomax,1,,,
Urbangabru,1,,,
Ustraa,1,,,
Vicket,1,,,
Vishram,1,,,
Vitsera,1,,,
Yora,1,,,
Zm,1,,,
Spangkez,1,,,
Apex,1,,,
Filter,1,,,
Flat,1,,,
Fry,1,,,
Madored,1,,,
Polar,1,,,
Trubond,1,,,
Curlzmoist,1,,,
Hydraface,1,,,
Midriff,1,,,
Mopping,1,,,
Morioson,1,,,
Moriosons,1,,,
Mouth,1,,,
Augdine,1,,,
Benzokool,1,,,
Hexifresh,1,,,
Hydroxyl,1,,,
Nuhex,1,,,
Oralease,1,,,
Oralixir,1,,,
Orosoothe,1,,,
Perio,1,,,
Rinse,1,,,
Turinse,1,,,
Wet,1,,,
Zyora,1,,,
Hospital,1,,,
Babio,1,,,
Bioclairx,1,,,
Claret,1,,,
Trimmer,1,,,
Nabati,1,,,
Nail,1,,,
Mamma,1,,,
Smylee,1,,,
Kozy,1,,,
Zovy,1,,,
Nebumask,1,,,
Bpl,1,,,
Breatheeasy,1,,,
Suyash,1,,,
Ypsomed,1,,,
Novafine,1,,,
Neocan,1,,,
Neoflon,1,,,
Medemove,1,,,
Nerivio,1,,,
Tender,1,,,
Nirgundi,1,,,
Gsp,1,,,
Nylus,1,,,
Octolight,1,,,
Flower,1,,,
Amrutveni,1,,,
Artigon,1,,,
Bajrangi,1,,,
Bashpika,1,,,
Canixpert,1,,,
Capsi,1,,,
Casoil,1,,,
Chan,1,,,
Conut,1,,,
Cureon,1,,,
Degreen,1,,,
Diclodrop,1,,,
Elixirs,1,,,
Franch,1,,,
Genheal,1,,,
Halixir,1,,,
Hemp,1,,,
Jointguard,1,,,
Kadunimb,1,,,
Kalonji,1,,,
Klf,1,,,
Liceker,1,,,
Lud,1,,,
Maayam,1,,,
Macgesia,1,,,
Adivasi,1,,,
Mansure,1,,,
Mayam,1,,,
Myofit,1,,,
Nageena,1,,,
Neelibringadi,1,,,
Netshine,1,,,
Nugrow,1,,,
Nurajoint,1,,,
Nutrich,1,,,
Olerose,1,,,
Oligro,1,,,
Oreka,1,,,
Orthomol,1,,,
Orthonervin,1,,,
Pamagain,1,,,
Pamagin,1,,,
Pass,1,,,
Pedda,1,,,
Pilogrow,1,,,
Proactive,1,,,
Qtepy,1,,,
Qurax,1,,,
Ralipain,1,,,
Rcb,1,,,
Rumaforce,1,,,
Rumatas,1,,,
Ruturaj,1,,,
Saetalo,1,,,
Snobby,1,,,
Strechmin,1,,,
Sukoon,1,,,
Tole,1,,,
Topfenac,1,,,
Trespa,1,,,
Tress,1,,,
Varco,1,,,
Vircoco,1,,,
Acurocin,1,,,
Adaclene,1,,,
Addex,1,,,
Adlube,1,,,
Atpirocin,1,,,
Autoheal,1,,,
Autolyse,1,,,
Azere,1,,,
Bacitracin,1,,,
Bactmed,1,,,
Bactocube,1,,,
Bactroban,1,,,
Bdcrisa,1,,,
Beclowin,1,,,
Belsalic,1,,,
Betarite,1,,,
Betsalic,1,,,
Biodebrid,1,,,
Bionect,1,,,
Biosalic,1,,,
Brobact,1,,,
Cafilon,1,,,
Calcib,1,,,
Calcipelle,1,,,
Cariheal,1,,,
Chlorcom,1,,,
Clobetroy,1,,,
Clobivax,1,,,
Clobiway,1,,,
Clodis,1,,,
Clokapsol,1,,,
Clomac,1,,,
Clorez,1,,,
Closal,1,,,
Clozi,1,,,
Clygan,1,,,
Cormuzik,1,,,
Cornigel,1,,,
Cortison,1,,,
Crisbo,1,,,
Crisnuo,1,,,
Critopic,1,,,
Crotac,1,,,
Cutfar,1,,,
Daivobet,1,,,
Debridace,1,,,
Debrifree,1,,,
Debriser,1,,,
Debrivac,1,,,
Dermistop,1,,,
Derobin,1,,,
Dilucort,1,,,
Dipclosol,1,,,
Diplomax,1,,,
Eczrid,1,,,
Ednol,1,,,
Elbesa,1,,,
Elderm,1,,,
Elosalic,1,,,
Emtofa,1,,,
Entrak,1,,,
Enzydeb,1,,,
Ephytol,1,,,
Escort,1,,,
Estocin,1,,,
Eutheria,1,,,
Evolve,1,,,
Exetar,1,,,
Exsora,1,,,
Faktu,1,,,
Flomo,1,,,
Floxitru,1,,,
Flucreme,1,,,
Flutopic,1,,,
Furo,1,,,
Gabament,1,,,
Gabatrix,1,,,
Germskutter,1,,,
Gladclo,1,,,
Globact,1,,,
Halonise,1,,,
Hbsalic,1,,,
Hcol,1,,,
Healol,1,,,
Healsenz,1,,,
Healsure,1,,,
Heelcort,1,,,
Helosaf,1,,,
Helosil,1,,,
Hepgel,1,,,
Himycin,1,,,
Hyclean,1,,,
Idoxine,1,,,
Imojac,1,,,
Izo,1,,,
Keralin,1,,,
Kidyrub,1,,,
Klaar,1,,,
Labodine,1,,,
Lubrilac,1,,,
Mabino,1,,,
Macderm,1,,,
Medicreme,1,,,
Medivate,1,,,
Megatrum,1,,,
Moonguard,1,,,
Moxirut,1,,,
Mu,1,,,
Muford,1,,,
Mumagic,1,,,
Mupact,1,,,
Mupax,1,,,
Mupiclin,1,,,
Mupifen,1,,,
Mupilin,1,,,
Mupimark,1,,,
Mupineta,1,,,
Mupioff,1,,,
Mupipan,1,,,
Mupiral,1,,,
Mupirich,1,,,
Mupirol,1,,,
Mupisoft,1,,,
Mupisurg,1,,,
Mupitop,1,,,
Mupivate,1,,,
Mupiven,1,,,
Mupivent,1,,,
Mupiways,1,,,
Mupiwok,1,,,
Mupizem,1,,,
Mupon,1,,,
Muposvis,1,,,
Mupricare,1,,,
Must,1,,,
Neobecmate,1,,,
Nicoripum,1,,,
Nidadin,1,,,
Nitrogesic,1,,,
Nupirocin,1,,,
Ofacitix,1,,,
Olergel,1,,,
Optiithrocin,1,,,
Optithrocin,1,,,
Optiviral,1,,,
Orichem,1,,,
Orthogabapain,1,,,
Paraminol,1,,,
Pilezeal,1,,,
Pimesu,1,,,
Polyshield,1,,,
Povimed,1,,,
Povione,1,,,
Povirex,1,,,
Povirig,1,,,
Povirobes,1,,,
Poviwrap,1,,,
Providine,1,,,
Psora,1,,,
Psoratar,1,,,
Psorvate,1,,,
Psorzed,1,,,
Rederma,1,,,
Reticol,1,,,
Ringozone,1,,,
Rolitac,1,,,
Salicare,1,,,
Salista,1,,,
Salix,1,,,
Saltrix,1,,,
Sanchlor,1,,,
Silversulphadiazine,1,,,
Skinotreat,1,,,
Smoothwalk,1,,,
Sorfil,1,,,
Spear,1,,,
Stafoban,1,,,
Stronz,1,,,
Tachop,1,,,
Tacliment,1,,,
Tacq,1,,,
Tacrel,1,,,
Tacsis,1,,,
Talomus,1,,,
Thermohem,1,,,
Thrombotas,1,,,
Tigor,1,,,
Tivio,1,,,
Toddrub,1,,,
Tolnacomb,1,,,
Topovid,1,,,
Triamaderm,1,,,
Tufgain,1,,,
Ursderm,1,,,
Validsol,1,,,
Winfield,1,,,
Wounsol,1,,,
Xtracare,1,,,
Zalmox,1,,,
Zerub,1,,,
Zone,1,,,
Zovi,1,,,
Closone,1,,,
Link,1,,,
Healozen,1,,,
Kamarest,1,,,
Painprin,1,,,
Unicorn,1,,,
Optus,1,,,
Orgihair,1,,,
Orilene,1,,,
Oxymask,1,,,
Oxymin,1,,,
Atroren,1,,,
Adcross,1,,,
Dermazem,1,,,
Lashield,1,,,
Maskosun,1,,,
Fixderm,1,,,
Skotos,1,,,
Softscreen,1,,,
Sunmist,1,,,
Suntarp,1,,,
Triozon,1,,,
Dispocann,1,,,
Harmony,1,,,
Hoco,1,,,
Reliefe,1,,,
Reusable,1,,,
Heating,1,,,
Kellys,1,,,
Cleanway,1,,,
Lokiapad,1,,,
Underpads,1,,,
Astradent,1,,,
Dantox,1,,,
Paramesh,1,,,
Aclaim,1,,,
Afthus,1,,,
Afthuss,1,,,
Amlenox,1,,,
Braceness,1,,,
Cortolyx,1,,,
Cortorawyn,1,,,
Dentomac,1,,,
Dentomist,1,,,
Dentosys,1,,,
Dualcare,1,,,
Elsenz,1,,,
Enafix,1,,,
Glister,1,,,
Glizer,1,,,
Ipco,1,,,
Oralike,1,,,
Orasare,1,,,
Oratry,1,,,
Oraways,1,,,
Orohealth,1,,,
Pearlz,1,,,
Peedesan,1,,,
Senqule,1,,,
Sensinil,1,,,
Sensodnt,1,,,
Sensonill,1,,,
Senzof,1,,,
Snowdent,1,,,
Sudanta,1,,,
Toothmin,1,,,
Turbocort,1,,,
Versatil,1,,,
Whyt,1,,,
Xtar,1,,,
Gingerol,1,,,
Bupreplast,1,,,
Dicloplast,1,,,
Jelonet,1,,,
Ketopatch,1,,,
Ketoplast,1,,,
Lido,1,,,
Luren,1,,,
Menthopas,1,,,
Nitroderm,1,,,
Biosafe,1,,,
Peer,1,,,
Pepsi,1,,,
Caropram,1,,,
Drosyn,1,,,
Recovery,1,,,
Cyclogest,1,,,
Nimbooz,1,,,
4ph,1,,,
Photo,1,,,
Phototherapy,1,,,
Den,1,,,
4play,1,,,
Neubar,1,,,
Belladona,1,,,
Belladonna,1,,,
Donaplast,1,,,
Commod,1,,,
Ageln,1,,,
Polymask,1,,,
Portable,1,,,
Senora,1,,,
Priya,1,,,
Acti,1,,,
Agecare,1,,,
Airapro,1,,,
Ajanta,1,,,
Albuwise,1,,,
Allwellz,1,,,
Amfiber,1,,,
Anjola,1,,,
Arolac,1,,,
Arow,1,,,
Arrow,1,,,
Attinbrath,1,,,
Avipattikar,1,,,
Avipro,1,,,
Azkalax,1,,,
Bajar,1,,,
Balance,1,,,
Banatan,1,,,
Beens,1,,,
Benefiber,1,,,
Beyolax,1,,,
Bilagyl,1,,,
Biospring,1,,,
Broplis,1,,,
Budypro,1,,,
Cadivit,1,,,
Calcikind,1,,,
Candicute,1,,,
Candigurd,1,,,
Celepro,1,,,
Champion,1,,,
Chondria,1,,,
Ciplung,1,,,
Cirilla,1,,,
Clotnic,1,,,
Clotritreat,1,,,
Coloferrin,1,,,
Copewel,1,,,
Czhh,1,,,
Dexadine,1,,,
Dexpro,1,,,
Diarich,1,,,
Diastar,1,,,
Diosmec,1,,,
Doctriin,1,,,
Dulac,1,,,
Dupro,1,,,
Emprovit,1,,,
Energetic,1,,,
Energiya,1,,,
Enprot,1,,,
Erafos,1,,,
Evacuol,1,,,
Excrelax,1,,,
Expro,1,,,
Femrich,1,,,
Fenu,1,,,
Fenulike,1,,,
Fibolax,1,,,
Fibrella,1,,,
Fibrich,1,,,
Fitkid,1,,,
Fitofy,1,,,
Foiepro,1,,,
Gan,1,,,
Genx,1,,,
Giloya,1,,,
Gladein,1,,,
Gladpro,1,,,
Glensmith,1,,,
Gloves,1,,,
Glucosmart,1,,,
Gro,1,,,
Heamogran,1,,,
Heypro,1,,,
Hingavastak,1,,,
Humyl,1,,,
Icupro,1,,,
Immonostrum,1,,,
Impro,1,,,
Info,1,,,
Instarecov,1,,,
Intasporin,1,,,
Isabella,1,,,
Instamune,1,,,
Itraconol,1,,,
Itworks,1,,,
Itzcool,1,,,
Jointvit,1,,,
Jothish,1,,,
Kalapi,1,,,
Kchek,1,,,
Ketokid,1,,,
Khadi,1,,,
Lactancia,1,,,
Lacteva,1,,,
Lactiflora,1,,,
Laktrum,1,,,
Lalas,1,,,
Laxive,1,,,
Laxoherb,1,,,
Laxovel,1,,,
Lechure,1,,,
Livjosh,1,,,
Livmct,1,,,
Loswet,1,,,
Maapreg,1,,,
Malzix,1,,,
Manjan,1,,,
Mankinds,1,,,
Mass,1,,,
Mbsr,1,,,
Medislim,1,,,
Meena,1,,,
Megamass,1,,,
Megamom,1,,,
Midprot,1,,,
Milage,1,,,
Mitspro,1,,,
Momplan,1,,,
Muci,1,,,
Mucibael,1,,,
Mukta,1,,,
Mushroom,1,,,
Mushroomex,1,,,
Mvg,1,,,
Mycospas,1,,,
Myllens,1,,,
Nariprox,1,,,
Natulax,1,,,
Navratan,1,,,
Nectera,1,,,
Nefropro,1,,,
Nevasulfi,1,,,
Nilasulf,1,,,
Nokout,1,,,
Novasource,1,,,
Nutein,1,,,
Nutracal,1,,,
Nutracibel,1,,,
Nutrimom,1,,,
Nutrion,1,,,
Nutriprot,1,,,
Nuzsulp,1,,,
Osteograf,1,,,
Otricot,1,,,
Ovosure,1,,,
Parolep,1,,,
Pediagold,1,,,
Pediagrow,1,,,
Pedpro,1,,,
Pegfiber,1,,,
Pegmini,1,,,
Pegmove,1,,,
Pegura,1,,,
Pepti,1,,,
Polymine,1,,,
Prag,1,,,
Primi,1,,,
Pristine,1,,,
Proalbumin,1,,,
Proco,1,,,
Prodoc,1,,,
Prodys,1,,,
Profil,1,,,
Profull,1,,,
Progod,1,,,
Progold,1,,,
Prolac,1,,,
Proliva,1,,,
Promax,1,,,
Promint,1,,,
Promix,1,,,
Prorich,1,,,
Prosenior,1,,,
Protfer,1,,,
Proti,1,,,
Protiflow,1,,,
Protijump,1,,,
Protinace,1,,,
Protinvit,1,,,
Protitrox,1,,,
Protolife,1,,,
Protosure,1,,,
Proty,1,,,
Provi,1,,,
Proview,1,,,
Provigon,1,,,
Prozone,1,,,
Psource,1,,,
Pvm,1,,,
Rasnadi,1,,,
Respapro,1,,,
Resurrec,1,,,
Revipro,1,,,
Richpro,1,,,
Rinpro,1,,,
Samfibre,1,,,
Santhosh,1,,,
Satavari,1,,,
Sbm,1,,,
Silkeshine,1,,,
Solib,1,,,
Soltrima,1,,,
Somva,1,,,
Source,1,,,
Soygrowth,1,,,
Stimulac,1,,,
Stulout,1,,,
Sufoof,1,,,
Syor,1,,,
Talc,1,,,
Trixbrain,1,,,
Trotz,1,,,
Truzen,1,,,
Ultiflex,1,,,
Ultrich,1,,,
Vampro,1,,,
Vasavaleha,1,,,
Vengain,1,,,
Viemax,1,,,
Vivant,1,,,
Way,1,,,
Wyndoz,1,,,
Wysepro,1,,,
Xplode,1,,,
Yashtimahdu,1,,,
Yayprotien,1,,,
Yogaraj,1,,,
Yunadent,1,,,
Zeasorb,1,,,
Zedfit,1,,,
Zegecid,1,,,
0,1,,,
Velocit,1,,,
Pregtest,1,,,
Protecto,1,,,
Protectsun,1,,,
Cozi,1,,,
Helio,1,,,
Wetty,1,,,
Iprasure,1,,,
Pulse,1,,,
Asepto,1,,,
Beebaby,1,,,
Breast,1,,,
Cureline,1,,,
Electric,1,,,
A1,1,,,
Hd,1,,,
O3q10,1,,,
Ze,1,,,
Quadripod,1,,,
Quickfix,1,,,
Staining,1,,,
Test,1,,,
Ramya,1,,,
Rapitest,1,,,
Focortiwyn,1,,,
Maxiflarc,1,,,
Rat,1,,,
Gillettin,1,,,
Nuprep,1,,,
Sensas,1,,,
Glucostic,1,,,
Mediline,1,,,
Tourniquate,1,,,
Triangular,1,,,
Comet,1,,,
Dewarts,1,,,
Bodonide,1,,,
Brethonide,1,,,
Budacon,1,,,
Budaraze,1,,,
Budaria,1,,,
Budasure,1,,,
Budefex,1,,,
Budefill,1,,,
Budegate,1,,,
Budelent,1,,,
Budelung,1,,,
Budeprl,1,,,
Buderator,1,,,
Budesine,1,,,
Budeste,1,,,
Budohale,1,,,
Derisal,1,,,
Duofill,1,,,
Duohale,1,,,
Duolung,1,,,
Duomac,1,,,
Duoprl,1,,,
Duopules,1,,,
Duoz,1,,,
Glycoquic,1,,,
Ipradol,1,,,
Labaneb,1,,,
Lbrex,1,,,
Levocort,1,,,
Levosine,1,,,
Microcort,1,,,
Nasoquin,1,,,
Nebucort,1,,,
Nexstep,1,,,
Pulmicort,1,,,
Salbutra,1,,,
Spirovent,1,,,
Trespin,1,,,
Revline,1,,,
Romodrain,1,,,
Maxair,1,,,
Duoset,1,,,
Evocort,1,,,
Glycoprl,1,,,
Indaflo,1,,,
Zovair,1,,,
Mackin,1,,,
Cq9,1,,,
Aftercare,1,,,
Angela,1,,,
Apsara,1,,,
Benefic,1,,,
Brooke,1,,,
Buymed,1,,,
Calyx,1,,,
Cheddys,1,,,
Cleanplus,1,,,
Coreband,1,,,
Cornee,1,,,
Cornex,1,,,
Cradle,1,,,
Curonix,1,,,
Daves,1,,,
Dcube,1,,,
Diaba,1,,,
Dolosils,1,,,
Epineb,1,,,
Flosee,1,,,
Freshup,1,,,
Funplay,1,,,
Gasowin,1,,,
Getreed,1,,,
Glider,1,,,
Glucocare,1,,,
Goodknight,1,,,
Gufistra,1,,,
Gummirx,1,,,
Honeywell,1,,,
Hospi,1,,,
Impeko,1,,,
Invamed,1,,,
Iyfcare,1,,,
Jemarth,1,,,
Joyak,1,,,
Kamamantra,1,,,
Lutee,1,,,
Lyon,1,,,
Mam,1,,,
Medcheck,1,,,
Medibloom,1,,,
Medifill,1,,,
Mehtas,1,,,
Movacalm,1,,,
Multistix,1,,,
Myovit,1,,,
Neoswab,1,,,
Nicoshot,1,,,
Nuvy,1,,,
Opt,1,,,
Poc,1,,,
Praval,1,,,
Prc,1,,,
Renowipes,1,,,
Rhinokof,1,,,
Sariwa,1,,,
Sass,1,,,
Shivarch,1,,,
Sritrang,1,,,
Stickoaid,1,,,
Stickoplast,1,,,
Strios,1,,,
Sugarchek,1,,,
Sygotin,1,,,
Taina,1,,,
Tetley,1,,,
Trepostat,1,,,
Trustlet,1,,,
Uromed,1,,,
Velvet,1,,,
Welso,1,,,
Wetex,1,,,
Younifloss,1,,,
Zandiabits,1,,,
Abdowell,1,,,
Activstart,1,,,
Addphos,1,,,
Amichain,1,,,
Aminohep,1,,,
Androcare,1,,,
Anticramp,1,,,
Apectrolyte,1,,,
Aquazinc,1,,,
Ardiflow,1,,,
Arg,1,,,
Argenta,1,,,
Argeva,1,,,
Argibert,1,,,
Argicare,1,,,
Argicet,1,,,
Argigest,1,,,
Argikrem,1,,,
Argimune,1,,,
Argimust,1,,,
Arginall,1,,,
Arginyle,1,,,
Argiphin,1,,,
Argipreg,1,,,
Argipride,1,,,
Argiseed,1,,,
Argismith,1,,,
Argistrong,1,,,
Argitas,1,,,
Argiup,1,,,
Argluta,1,,,
Azinorm,1,,,
Azpro,1,,,
Bcaaday,1,,,
Bifilin,1,,,
Bifiota,1,,,
Biglac,1,,,
Bioargin,1,,,
Bioclin,1,,,
Biocognis,1,,,
Biogit,1,,,
Biors,1,,,
Biozora,1,,,
Bracepro,1,,,
Bracia,1,,,
Cadcal,1,,,
Calarmag,1,,,
Caldrink,1,,,
Calocal,1,,,
Calsential,1,,,
Carepcos,1,,,
Cartiboost,1,,,
Cerelyte,1,,,
Citforce,1,,,
Citrosoda,1,,,
Cogenpep,1,,,
Cognibiotic,1,,,
Colafeb,1,,,
Colahop,1,,,
Colferol,1,,,
Collabond,1,,,
Collacee,1,,,
Collamin,1,,,
Collarex,1,,,
Collasole,1,,,
Collazent,1,,,
Collento,1,,,
Colnormed,1,,,
Colnormwyn,1,,,
Coloncop,1,,,
Constez,1,,,
Convales,1,,,
Crampfort,1,,,
Crandot,1,,,
Cureforever,1,,,
Delponorm,1,,,
Dietmann,1,,,
Diveleo,1,,,
Drinkolite,1,,,
Easynise,1,,,
Echinorm,1,,,
Editor,1,,,
Electromed,1,,,
Electropar,1,,,
Electrovac,1,,,
Elelarc,1,,,
Elmonea,1,,,
Embryplant,1,,,
Enerbless,1,,,
Enkor,1,,,
Enlarge,1,,,
Esole,1,,,
Evafos,1,,,
Ezlax,1,,,
Ezacne,1,,,
Feedbibz,1,,,
Femargin,1,,,
Fembryo,1,,,
Fetogro,1,,,
Fidotox,1,,,
Flextor,1,,,
Florachamp,1,,,
Foephos,1,,,
Fosfobac,1,,,
Fosfoe,1,,,
Fosigran,1,,,
Fosinta,1,,,
Fosirol,1,,,
Fospro,1,,,
Fosrium,1,,,
Freepro,1,,,
Frutolyte,1,,,
Gastroline,1,,,
Gdm,1,,,
Genuflex,1,,,
Geogut,1,,,
Glutabest,1,,,
Glutacon,1,,,
Glutahenz,1,,,
Glutahigh,1,,,
Glutammune,1,,,
Glutarise,1,,,
Glutavault,1,,,
Glutaverge,1,,,
Glutazene,1,,,
Gravion,1,,,
Gutrite,1,,,
Gyargin,1,,,
Hepablex,1,,,
Hepagard,1,,,
Hepameg,1,,,
Hepasiri,1,,,
Hepatreat,1,,,
Hisem,1,,,
Hrg9,1,,,
Icufos,1,,,
Immunizer,1,,,
Immunorm,1,,,
Impact,1,,,
Imunwell,1,,,
Intebact,1,,,
Ironex,1,,,
Jeerafast,1,,,
Jellyfos,1,,,
Jointbond,1,,,
Jointskel,1,,,
Jointwalk,1,,,
Jonty,1,,,
Jpl,1,,,
Kabimmune,1,,,
Kabj,1,,,
Kayless,1,,,
Kanzomin,1,,,
Ketach,1,,,
Kneekool,1,,,
Kondroflex,1,,,
Kranmac,1,,,
Kudos,1,,,
Lactisyn,1,,,
Lactobrain,1,,,
Laforze,1,,,
Largiva,1,,,
Lartej,1,,,
Lazifo,1,,,
Leunine,1,,,
Libido,1,,,
Libo,1,,,
Livcramp,1,,,
Livnit,1,,,
Lokelma,1,,,
Lorhep,1,,,
Lrg,1,,,
Lupifos,1,,,
Lupins,1,,,
Lycargin,1,,,
Lycoarg,1,,,
Macrogol,1,,,
Manoberry,1,,,
Matreheal,1,,,
Mbryoset,1,,,
Megabone,1,,,
Megnotic,1,,,
Metalite,1,,,
Micronules,1,,,
Mob,1,,,
Monurol,1,,,
Multibac,1,,,
Multilead,1,,,
Myfos,1,,,
Myofolic,1,,,
Nasonase,1,,,
Newlarg,1,,,
Noleak,1,,,
Novefos,1,,,
Nrg,1,,,
Ntique,1,,,
Ocubiome,1,,,
Omezfast,1,,,
Omnafos,1,,,
Orawet,1,,,
Cipla,1,Cipla Ltd,Public company - manufacturer of its own trade name,exact
Morepen,1,,,
Orthoboon,1,,,
Orty,1,,,
Osta,1,,,
Ostosmart,1,,,
Ovagrace,1,,,
Oviprime,1,,,
Oxiwave,1,,,
Pcoswyn,1,,,
Pedigut,1,,,
Peptidase,1,,,
Picatol,1,,,
Polycyst,1,,,
Post,1,,,
Prebiotic,1,,,
Presoft,1,,,
Prodrive,1,,,
Progrid,1,,,
Prolarg,1,,,
Raclofer,1,,,
Refurb,1,,,
Renal,1,,,
Renobind,1,,,
Rhinosaline,1,,,
Ridosmec,1,,,
Rigin,1,,,
Rougynt,1,,,
Saccharonorm,1,,,
Sacro,1,,,
Sacrolyte,1,,,
Safelax,1,,,
Samahan,1,,,
Samlol,1,,,
Sbzed,1,,,
Sebiva,1,,,
Skonos,1,,,
Sole,1,,,
Soluber,1,,,
Soonma,1,,,
Spermatz,1,,,
Stibs,1,,,
Suplimed,1,,,
Surepop,1,,,
Suresitol,1,,,
Tendosense,1,,,
Trimeg,1,,,
Udistrong,1,,,
Ugiclean,1,,,
Upgar,1,,,
Uristream,1,,,
Urofizz,1,,,
Uroflo,1,,,
Utb,1,,,
Utimac,1,,,
Utipride,1,,,
Utistop,1,,,
Viby,1,,,
Viganext,1,,,
Vitaneo,1,,,
Vitroarg,1,,,
Vrikshamlan,1,,,
Weanmil,1,,,
Wonderpro,1,,,
Yelarg,1,,,
Zeegut,1,,,
Zoafuse,1,,,
Zyfomycin,1,,,
Zylyte,1,,,
Saffron,1,,,
3salic,1,,,
6salic,1,,,
Samso,1,,,
Surgit,1,,,
Cracked,1,,,
Aika,1,,,
Screl,1,,,
Advanced,1,,,
Anacore,1,,,
Anagen,1,,,
Anaquil,1,,,
Anatrix,1,,,
Anpecia,1,,,
Azelite,1,,,
Bdpromax,1,,,
Capillus,1,,,
Confidex,1,,,
Copalim,1,,,
Dermaxe,1,,,
Follisilk,1,,,
Grevive,1,,,
Keragris,1,,,
Keraleo,1,,,
Keratune,1,,,
Kojiglow,1,,,
Liftage,1,,,
Litmocee,1,,,
Matishield,1,,,
Medbrite,1,,,
Medclear,1,,,
Medpro,1,,,
Melafy,1,,,
Melajour,1,,,
Niafine,1,,,
Nihy,1,,,
Niaglow,1,,,
Novell,1,,,
Oaknet,1,,,
Percos,1,,,
Prenost,1,,,
Provelent,1,,,
Refonte,1,,,
Schones,1,,,
Sebonia,1,,,
Seehair,1,,,
Serapept,1,,,
Setapro,1,,,
Stactiv,1,,,
Starshine,1,,,
Tango,1,,,
Tressil,1,,,
Tricotop,1,,,
Tritex,1,,,
Ugloderm,1,,,
Unihair,1,,,
Vasuki,1,,,
Verilich,1,,,
Vitin,1,,,
Wategel,1,,,
Yapilite,1,,,
Yawin,1,,,
Yuback,1,,,
Zimulet,1,,,
Sesame,1,,,
Accuflow,1,,,
Autofusion,1,,,
Dialater,1,,,
Dosiflow,1,,,
Infus,1,,,
Intrafix,1,,,
Intravenous,1,,,
Polyfusion,1,,,
Safti,1,,,
Surgizof,1,,,
Tian,1,,,
Vacu,1,,,
Vented,1,,,
Setmax,1,,,
D3sf,1,,,
Shallaki,1,,,
Ameizin,1,,,
Antidruf,1,,,
Carysoft,1,,,
Cicozee,1,,,
Ciola,1,,,
Conaderm,1,,,
Conozol,1,,,
Dand,1,,,
Dandle,1,,,
Dango,1,,,
Danket,1,,,
Dermasure,1,,,
Dewfeel,1,,,
Druff,1,,,
Ducary,1,,,
Elution,1,,,
Enica,1,,,
Exizol,1,,,
Fclin,1,,,
Floclear,1,,,
Follidense,1,,,
Forfora,1,,,
Hairfill,1,,,
Hairfly,1,,,
Hairtop,1,,,
Hairush,1,,,
Hairvital,1,,,
Harvaxt,1,,,
Hug,1,,,
Hwash,1,,,
Jungle,1,,,
Keconaz,1,,,
Kenalarc,1,,,
Kerabounce,1,,,
Keramote,1,,,
Kerawash,1,,,
Kertis,1,,,
Keshboost,1,,,
Ketoglaze,1,,,
Ketokol,1,,,
Ketomaster,1,,,
Ketopic,1,,,
Ketorus,1,,,
Ketoway,1,,,
Kozol,1,,,
Liceclear,1,,,
Longon,1,,,
Lupizol,1,,,
Magidruf,1,,,
Medkin,1,,,
Mesoketz,1,,,
Nildruff,1,,,
Node,1,,,
Novishine,1,,,
Nutavin,1,,,
Olahair,1,,,
Omnigain,1,,,
Pedinil,1,,,
Pelliwash,1,,,
Pilar,1,,,
Pironix,1,,,
Sashpro,1,,,
Scalptar,1,,,
Sebotri,1,,,
Sebovive,1,,,
Sertadol,1,,,
Silkworm,1,,,
Siso,1,,,
Skindruf,1,,,
Smoothex,1,,,
Tarry,1,,,
Triatop,1,,,
Trichoshine,1,,,
Trihalt,1,,,
Trikoz,1,,,
Trisilk,1,,,
Truzap,1,,,
Twinsorb,1,,,
Unidruff,1,,,
Vagads,1,,,
Wellgrow,1,,,
Xampu,1,,,
Zohair,1,,,
Zulfy,1,,,
Escol,1,,,
Sesco,1,,,
2sitol,1,,,
Nipple,1,,,
Abgel,1,,,
Skinlumet,1,,,
Skinspark,1,,,
Sling,1,,,
Velfix,1,,,
Aaa,1,,,
Acellon,1,,,
Acnedac,1,,,
Acneout,1,,,
Acnex,1,,,
Acnoderm,1,,,
Acumoist,1,,,
Admist,1,,,
Aecxo,1,,,
Aedit,1,,,
Akash,1,,,
Aknaybar,1,,,
Almokool,1,,,
Alvoe,1,,,
Aquabact,1,,,
Ashoka,1,,,
Azac,1,,,
Azrade,1,,,
Babeaze,1,,,
Bacnebar,1,,,
Basil,1,,,
Benclin,1,,,
Beperox,1,,,
Bioskin,1,,,
Capmoist,1,,,
Caryzole,1,,,
Casil,1,,,
Cerabar,1,,,
Cetrim,1,,,
Chotabar,1,,,
Chuttibar,1,,,
Clearmin,1,,,
Closyn,1,,,
Clotis,1,,,
Conrise,1,,,
Crush,1,,,
Curemite,1,,,
Deosan,1,,,
Deri,1,,,
Derkeeto,1,,,
Dermeek,1,,,
Dermosol,1,,,
Devlone,1,,,
Dewmoiz,1,,,
Dmax,1,,,
Doy,1,,,
Eilish,1,,,
Emosys,1,,,
Enca,1,,,
Epidew,1,,,
Epiglo,1,,,
Ethitar,1,,,
Facia,1,,,
Fairglow,1,,,
Fairsheild,1,,,
Flobact,1,,,
Flulak,1,,,
Funcute,1,,,
Fungiket,1,,,
Gladshield,1,,,
Glocid,1,,,
Glossy,1,,,
Glowrich,1,,,
Glowrix,1,,,
Glutadoft,1,,,
Glymoist,1,,,
Glyseb,1,,,
Glyvera,1,,,
Glyvess,1,,,
Gram,1,,,
Hexasoft,1,,,
Inthol,1,,,
Jerry,1,,,
Keniza,1,,,
Kepil,1,,,
Ketale,1,,,
Ketoba,1,,,
Ketobenz,1,,,
Ketocliq,1,,,
Ketocot,1,,,
Ketocrat,1,,,
Ketodac,1,,,
Ketodem,1,,,
Ketojet,1,,,
Ketokut,1,,,
Ketolak,1,,,
Ketomark,1,,,
Ketomed,1,,,
Ketoneo,1,,,
Ketopz,1,,,
Ketosol,1,,,
Ketostop,1,,,
Ketotek,1,,,
Ketoxil,1,,,
Ketozeal,1,,,
Kia,1,,,
Kiddie,1,,,
Kiddy,1,,,
Kidsbar,1,,,
Kidsoft,1,,,
Konazed,1,,,
Kosoft,1,,,
Ls,1,,,
Majiclin,1,,,
Mandlin,1,,,
Mbact,1,,,
Mediclin,1,,,
Medizest,1,,,
Menrox,1,,,
Milkosoft,1,,,
Mitorid,1,,,
Moes,1,,,
Navosal,1,,,
Neobar,1,,,
Neva,1,,,
Niveacreme,1,,,
Notix,1,,,
Nrich,1,,,
Nulook,1,,,
Nusoft,1,,,
Oaktin,1,,,
Olebest,1,,,
Olrich,1,,,
Panchagavya,1,,,
Permerin,1,,,
Permethrin,1,,,
Polytar,1,,,
Prosoft,1,,,
Psorabar,1,,,
Psorain,1,,,
Raktachandana,1,,,
Raktha,1,,,
Ramkesh,1,,,
Reebright,1,,,
Roxitar,1,,,
Salyfur,1,,,
Sarcoper,1,,,
Scabest,1,,,
Scabilak,1,,,
Scabit,1,,,
Scabitreat,1,,,
Scania,1,,,
Scrabel,1,,,
Seborbar,1,,,
Siloap,1,,,
Skidel,1,,,
Skindew,1,,,
Skinn,1,,,
Smartway,1,,,
Sulfoderm,1,,,
Tarshine,1,,,
Tedy,1,,,
Tetmakem,1,,,
Tetnosoap,1,,,
Tots,1,,,
Triqb,1,,,
Unishade,1,,,
Upketo,1,,,
Verdura,1,,,
Vzigly,1,,,
Yathrin,1,,,
Zeetoz,1,,,
Zeroacne,1,,,
Solagard,1,,,
Solfactor,1,,,
Solus,1,,,
Addsun,1,,,
Adiface,1,,,
Aelius,1,,,
Airneb,1,,,
Albalon,1,,,
Alkashot,1,,,
Ammonia,1,,,
Apeg,1,,,
Appavisc,1,,,
Arcolane,1,,,
Astek,1,,,
Backhair,1,,,
Bioexidil,1,,,
Briopt,1,,,
Cafirate,1,,,
Caneura,1,,,
Cannepsy,1,,,
Canol,1,,,
Carechol,1,,,
Carel,1,,,
Cbd,1,,,
Clock,1,,,
Coniran,1,,,
Dexluz,1,,,
Dfnnial,1,,,
Diclomist,1,,,
Drabkins,1,,,
Dsun,1,,,
Duke,1,,,
Eliosun,1,,,
Epilite,1,,,
Epiwart,1,,,
Esnek,1,,,
Eusol,1,,,
Evacusoft,1,,,
Exelyte,1,,,
Ezyrol,1,,,
Femite,1,,,
Femivin,1,,,
Gemwell,1,,,
Geovin,1,,,
Gerilax,1,,,
Germane,1,,,
Gibsran,1,,,
Giveit,1,,,
Glendep,1,,,
Glydine,1,,,
Gns,1,,,
Greyex,1,,,
Hairmax,1,,,
Hairoxy,1,,,
Hairzone,1,,,
Hayshine,1,,,
Hemolok,1,,,
Hfgate,1,,,
Hi60k,1,,,
Hypoclin,1,,,
Ionax,1,,,
Ipneb,1,,,
Kastro,1,,,
Ketozest,1,,,
Klinrise,1,,,
Krisnano,1,,,
Labolia,1,,,
Lacrigel,1,,,
Lact,1,,,
Lactofight,1,,,
Lactudos,1,,,
Lactulis,1,,,
Lacturite,1,,,
Lashisma,1,,,
Laxoluz,1,,,
Lintar,1,,,
Lactuwyn,1,,,
Lupidine,1,,,
Magnano,1,,,
Marichin,1,,,
Memocart,1,,,
Merbromin,1,,,
Mesol,1,,,
Microlift,1,,,
Mindruff,1,,,
Minfi,1,,,
Minope,1,,,
Minoqilib,1,,,
Minosilk,1,,,
Minoxidil,1,,,
Minoxtrend,1,,,
Minozure,1,,,
Mistabron,1,,,
Mnx,1,,,
Muvmend,1,,,
Myco,1,,,
Mycospray,1,,,
Nailon,1,,,
Nanomust,1,,,
Nanonat,1,,,
Nastrivon,1,,,
Nexshot,1,,,
Nicodine,1,,,
Nicpovid,1,,,
Nozydoc,1,,,
Ondewar,1,,,
Oxum,1,,,
Oxynasocan,1,,,
Panflora,1,,,
Pegclear,1,,,
Peguse,1,,,
Pegwash,1,,,
Phlebotroy,1,,,
Phyzn,1,,,
Pimet,1,,,
Piolax,1,,,
Plo,1,,,
Povidon,1,,,
Povidot,1,,,
Poviseptic,1,,,
Purjout,1,,,
Pushan,1,,,
Pv,1,,,
Qzm,1,,,
Ramadin,1,,,
Ranipride,1,,,
Rantop,1,,,
Raywart,1,,,
Relax,1,,,
Revgrey,1,,,
Riliz,1,,,
Ringzolin,1,,,
Rouvein,1,,,
Safepred,1,,,
Salex,1,,,
Samshot,1,,,
Sara,1,,,
Sebodruf,1,,,
Shaltop,1,,,
Silver,1,,,
Simcraft,1,,,
Sivio,1,,,
Smulyte,1,,,
Sterilium,1,,,
Stonburn,1,,,
Stone,1,,,
Sunshot,1,,,
Tacronex,1,,,
Theruptor,1,,,
Thrombotroy,1,,,
Tinaderm,1,,,
Tivalac,1,,,
Topgain,1,,,
Tressflow,1,,,
Tricosilk,1,,,
Ulizen,1,,,
Uns,1,,,
Uproot,1,,,
Uropot,1,,,
Valol,1,,,
Viscotak,1,,,
Visun,1,,,
Vitcol,1,,,
Vushine,1,,,
Vygene,1,,,
Watnil,1,,,
Wound,1,,,
Xaliderm,1,,,
Zelferol,1,,,
Zicosyp,1,,,
Zyonate,1,,,
Binky,1,,,
Hellobaby,1,,,
Y,1,,,
Aerohale,1,,,
Babymatic,1,,,
Spirometer,1,,,
Mallet,1,,,
Sponge,1,,,
Spongee,1,,,
Accare,1,,,
Acneste,1,,,
Aerosol,1,,,
Alerflo,1,,,
Aquamet,1,,,
Arzep,1,,,
Avamys,1,,,
Axunil,1,,,
Azecool,1,,,
Azeflux,1,,,
Azesone,1,,,
Bodygard,1,,,
Budenase,1,,,
Calcispray,1,,,
Calnasal,1,,,
Calspray,1,,,
Castin,1,,,
Cckal,1,,,
Citonase,1,,,
Clinch,1,,,
Cobaswift,1,,,
Cobra,1,,,
Coolex,1,,,
Diclopic,1,,,
Diclosaid,1,,,
Dpressin,1,,,
East57th,1,,,
Edspray,1,,,
Efnase,1,,,
Ennhale,1,,,
Flixonase,1,,,
Flocare,1,,,
Flosooth,1,,,
Floswift,1,,,
Flownase,1,,,
Flublast,1,,,
Fluoren,1,,,
Flupitol,1,,,
Fluticasone,1,,,
Fluticatone,1,,,
Fluticlear,1,,,
Flutipro,1,,,
Flutivac,1,,,
Flutivin,1,,,
Flutizon,1,,,
Forocone,1,,,
Frebre,1,,,
Funorive,1,,,
Gentleman,1,,,
Gentlemens,1,,,
Glizigen,1,,,
Healex,1,,,
Insed,1,,,
Insignia,1,,,
Jass,1,,,
Kleenose,1,,,
Lary,1,,,
Lidesc,1,,,
Lidonair,1,,,
Lubrinase,1,,,
Lulifeet,1,,,
Maxtonin,1,,,
Megatonin,1,,,
Metalin,1,,,
Metaspray,1,,,
Metatop,1,,,
Meteflo,1,,,
Miacalcic,1,,,
Midaspray,1,,,
Milsept,1,,,
Mistdress,1,,,
Momefirst,1,,,
Momefit,1,,,
Momemist,1,,,
Momeprl,1,,,
Momicap,1,,,
Momnase,1,,,
Mortien,1,,,
Move,1,,,
Naquella,1,,,
Naresol,1,,,
Naseflo,1,,,
Nasocobal,1,,,
Nasodoff,1,,,
Nasoeasy,1,,,
Nasokay,1,,,
Nasolup,1,,,
Nasonex,1,,,
Nasoryl,1,,,
Nasosam,1,,,
Nasostar,1,,,
Naturmeds,1,,,
Nazobic,1,,,
Neoclick,1,,,
Nexozen,1,,,
Nezalast,1,,,
Nos,1,,,
Nosroze,1,,,
Nostriol,1,,,
Nummit,1,,,
Ostospray,1,,,
Otridash,1,,,
Otrifine,1,,,
Oxoline,1,,,
Oxyspray,1,,,
Oxywyn,1,,,
Painfree,1,,,
Pediaclick,1,,,
Pexoflut,1,,,
Preflut,1,,,
Rapidem,1,,,
Relizema,1,,,
Respizen,1,,,
Rhineapp,1,,,
Rhinium,1,,,
Rhinocobal,1,,,
Rhinofit,1,,,
Rinoease,1,,,
Rosemary,1,,,
Sumaself,1,,,
Sunwin,1,,,
Tapease,1,,,
Taprise,1,,,
Tinea,1,,,
Trankwil,1,,,
Vovemol,1,,,
Wizflut,1,,,
Xenorit,1,,,
Xyloact,1,,,
Zatak,1,,,
Zolmist,1,,,
1st,1,,,
Pipets,1,,,
Micra,1,,,
Sterilife,1,,,
Celemust,1,,,
Vv,1,,,
Stratafix,1,,,
Dailyshine,1,,,
Gasofilm,1,,,
Eezem,1,,,
Vstrip,1,,,
Albumin,1,,,
Alkaline,1,,,
Ast,1,,,
Bilirubin,1,,,
Glucone,1,,,
Novamelt,1,,,
Quicobal,1,,,
Uristix,1,,,
Xlove,1,,,
K2,1,,,
Ammonium,1,,,
Sunbest,1,,,
Sunduke,1,,,
Ccl,1,,,
Clindazole,1,,,
Clins,1,,,
Clintas,1,,,
Conlax,1,,,
Fensupp,1,,,
Tricin,1,,,
Tyridol,1,,,
4sure,1,,,
Procheck,1,,,
Wash,1,,,
Surgimates,1,,,
Drip,1,,,
Vp,1,,,
Cefective,1,,,
Abiflam,1,,,
Abiver,1,,,
Accor,1,,,
Acicaine,1,,,
Acidin,1,,,
Albetrue,1,,,
Aletritone,1,,,
Alginator,1,,,
Algisod,1,,,
Amoxymen,1,,,
Antagene,1,,,
Aquagermina,1,,,
Aroraft,1,,,
Atmol,1,,,
Av,1,,,
Azeein,1,,,
Azitex,1,,,
Baci,1,,,
Bacilogermina,1,,,
Becoflow,1,,,
Bendal,1,,,
Benegut,1,,,
Bepamol,1,,,
Bestopara,1,,,
Biocil,1,,,
Biogermina,1,,,
Bisid,1,,,
Bowlreg,1,,,
Brighmont,1,,,
Brikamol,1,,,
Bycid,1,,,
Cado,1,,,
Calcin,1,,,
Calcypad,1,,,
Calosia,1,,,
Catharnec,1,,,
Cefredox,1,,,
Cepocrest,1,,,
Cetsky,1,,,
Chilkep,1,,,
Chilmol,1,,,
Chilmol120mg,1,,,
Chilraft,1,,,
Citi,1,,,
Coamint,1,,,
Cogniera,1,,,
Coldhit,1,,,
Coldtreat,1,,,
Coldz,1,,,
Colflux,1,,,
Colica,1,,,
Combitor,1,,,
Combivis,1,,,
Conicort,1,,,
Conihist,1,,,
Conispas,1,,,
Conlis,1,,,
Constifin,1,,,
Cremalead,1,,,
Cremasoft,1,,,
Cremazen,1,,,
Cyclomol,1,,,
Ddraft,1,,,
Delpocure,1,,,
Delpomont,1,,,
Digegut,1,,,
Disnim,1,,,
Dolomol,1,,,
Dolotuss,1,,,
Dompitrust,1,,,
Dotcor,1,,,
Drotobest,1,,,
Drygel,1,,,
Duolaxin,1,,,
Dustril,1,,,
Easygo,1,,,
Echigermina,1,,,
Ecogemina,1,,,
Emuflora,1,,,
Emunz,1,,,
Entdogermina,1,,,
Enterobioz,1,,,
Enterofill,1,,,
Enterolife,1,,,
Expent,1,,,
Fepadol,1,,,
Fepnac,1,,,
Ferovit,1,,,
Fexigra,1,,,
Fixican,1,,,
Fixinect,1,,,
Gasiburn,1,,,
Gasolight,1,,,
Gastrobless,1,,,
Gavibis,1,,,
Gazio,1,,,
Gelraft,1,,,
Gelvel,1,,,
Germinasure,1,,,
Germiwar,1,,,
Gfil,1,,,
Gifate,1,,,
Gutcaine,1,,,
Gutfit,1,,,
Gutgain,1,,,
Gutlayer,1,,,
Gutspert,1,,,
Gutup,1,,,
Gylo,1,,,
Haloflam,1,,,
Hancraft,1,,,
Holmin,1,,,
Ibuder,1,,,
Ibufyl,1,,,
Ibukem,1,,,
Ibuvis,1,,,
Ibuzone,1,,,
Iceraft,1,,,
Iffidol,1,,,
Imiraft,1,,,
Incite,1,,,
Jacphen,1,,,
Jaspix,1,,,
Joymax,1,,,
Joymentin,1,,,
Jufate,1,,,
Kaufanz,1,,,
Kefnirension,1,,,
Kofpetus,1,,,
Koolpara,1,,,
Largicon,1,,,
Laridox,1,,,
Laxifast,1,,,
Laxifree,1,,,
Laxifresh,1,,,
Laxotica,1,,,
Lewaa,1,,,
Loobid,1,,,
Ludogerm,1,,,
Lupibend,1,,,
Lupilyzer,1,,,
Lutacid,1,,,
Macbate,1,,,
Maflab,1,,,
Maglok,1,,,
Magnate,1,,,
Maxgermina,1,,,
Maxmol,1,,,
Maxowil,1,,,
Medicaine,1,,,
Medogermina,1,,,
Medspas,1,,,
Mefcure,1,,,
Mefic,1,,,
Meflee,1,,,
Mefmark,1,,,
Mefril,1,,,
Mefsip,1,,,
Megacaine,1,,,
Metrozox,1,,,
Morfen,1,,,
Moshen,1,,,
Moxacell,1,,,
Necillus,1,,,
Nedocef,1,,,
Neogene,1,,,
Nestclav,1,,,
Newcain,1,,,
Nichocold,1,,,
Nitcol,1,,,
Nitrofuse,1,,,
Nodis,1,,,
Norper,1,,,
Nrcot,1,,,
Nutrascain,1,,,
Nuzinco,1,,,
Obact,1,,,
Oflofresh,1,,,
Oflomint,1,,,
Ofloxahel,1,,,
Ofronic,1,,,
Onraft,1,,,
Oraraft,1,,,
Oselet,1,,,
Ostonova,1,,,
Ovocef,1,,,
Oxecaine,1,,,
Oxetal,1,,,
Pantofirm,1,,,
Parafab,1,,,
Parafiren,1,,,
Paragreat,1,,,
Parakid,1,,,
Paraxen,1,,,
Pegeze,1,,,
Pegqwik,1,,,
Pepfix,1,,,
Peppy,1,,,
Pepsiraft,1,,,
Pico,1,,,
Pilax,1,,,
Pod,1,,,
Procillus,1,,,
Progermina,1,,,
Promofic,1,,,
Puregut,1,,,
Qst,1,,,
Raberaft,1,,,
Raflonid,1,,,
Ralicef,1,,,
Ralipod,1,,,
Ranpure,1,,,
Relgifos,1,,,
Rhinorest,1,,,
Riforal,1,,,
Rinojel,1,,,
Ritozyme,1,,,
Sercain,1,,,
Sharp,1,,,
Sillysoft,1,,,
Softner,1,,,
Spasrelif,1,,,
Sprocef,1,,,
Stieprox,1,,,
Sucrace,1,,,
Sucrader,1,,,
Sucradotin,1,,,
Sucrafenz,1,,,
Sucraja,1,,,
Sucrak,1,,,
Sucralfiz,1,,,
Sucralhenz,1,,,
Sucralife,1,,,
Sucralpha,1,,,
Sucralset,1,,,
Sucralyn,1,,,
Sucrashine,1,,,
Sucraz,1,,,
Sucrazest,1,,,
Sucroan,1,,,
Sucrofate,1,,,
Sucrotas,1,,,
Sufate,1,,,
Sugel,1,,,
Sukrark,1,,,
Sukryl,1,,,
Sumek,1,,,
Supracid,1,,,
Synofate,1,,,
Syrin,1,,,
Temp,1,,,
Titer,1,,,
Titrate,1,,,
Topifort,1,,,
Toyodom,1,,,
Triflanjan,1,,,
Trisopt,1,,,
Tropal,1,,,
Trophogut,1,,,
Tussmark,1,,,
Udcament,1,,,
Ud,1,,,
Ufipar,1,,,
Uneek,1,,,
Uniraft,1,,,
Unosac,1,,,
Utsol,1,,,
Vcumino,1,,,
Ventimox,1,,,
Viscoraft,1,,,
Vitanec,1,,,
Welgel,1,,,
Woncain,1,,,
Wormfresh,1,,,
Wormstop,1,,,
Yogo,1,,,
Zandril,1,,,
Zbd,1,,,
Zenotin,1,,,
Zesip,1,,,
Zithrodol,1,,,
Zithropon,1,,,
Zoycid,1,,,
Zukamin,1,,,
Zyclav,1,,,
Suture,1,,,
Hinocryl,1,,,
Proplus,1,,,
Truloop,1,,,
Qualgut,1,,,
Manward,1,,,
Abisil,1,,,
Abituss,1,,,
Abiworm,1,,,
Absenz,1,,,
Acebrovent,1,,,
Acigel,1,,,
Aciwave,1,,,
Activpod,1,,,
Addapp,1,,,
Adjulyn,1,,,
Adplat,1,,,
Agarol,1,,,
Airomol,1,,,
Alcaine,1,,,
Aldocs,1,,,
Aldrox,1,,,
Algiduo,1,,,
Algista,1,,,
Alimento,1,,,
Alinta,1,,,
Alkacip,1,,,
Alkacitral,1,,,
Alkadium,1,,,
Alkafresh,1,,,
Alkajil,1,,,
Alkajoy,1,,,
Alkakem,1,,,
Alkalyk,1,,,
Alkanik,1,,,
Alkanil,1,,,
Alkarate,1,,,
Alkaros,1,,,
Alkarus,1,,,
Alkasan,1,,,
Alkasil,1,,,
Alkatax,1,,,
Alkatech,1,,,
Alkazide,1,,,
Alkazip,1,,,
Alkeline,1,,,
Alkorina,1,,,
Alvion,1,,,
Ambivit,1,,,
Amborex,1,,,
Ambrol,1,,,
Ambrolark,1,,,
Ambrolin,1,,,
Ambromark,1,,,
Ambromate,1,,,
Ambronic,1,,,
Ambroter,1,,,
Ambrozal,1,,,
Amex,1,,,
Amrosol,1,,,
Amynity,1,,,
Anaprotin,1,,,
Ancuff,1,,,
Anglokof,1,,,
Antico,1,,,
Antiq,1,,,
Antoxyn,1,,,
Aperich,1,,,
Apetamin,1,,,
Apetit,1,,,
Apifeast,1,,,
Apilysin,1,,,
Apimore,1,,,
Appetone,1,,,
Apteeo,1,,,
Aptimust,1,,,
Aptiprost,1,,,
Aptipure,1,,,
Aptiride,1,,,
Aptisyp,1,,,
Aptivin,1,,,
Aptizooom,1,,,
Aquaptychotis,1,,,
Arilizar,1,,,
Aristabion,1,,,
Aristodryl,1,,,
Arjunamrita,1,,,
Arvindasav,1,,,
Ascotrix,1,,,
Ashokamrita,1,,,
Asmotone,1,,,
Astervit,1,,,
Attensure,1,,,
Attentio,1,,,
Attenzen,1,,,
Augduo,1,,,
Autinorm,1,,,
Avdryl,1,,,
Avplex,1,,,
Axcold,1,,,
Axiv,1,,,
Axotex,1,,,
Axybest,1,,,
Axycal,1,,,
Bactefar,1,,,
Bactofight,1,,,
Balaristha,1,,,
Balkadu,1,,,
Bayers,1,,,
Becogen,1,,,
Benuliv,1,,,
Bericoff,1,,,
Bescoril,1,,,
Bestone,1,,,
Betmin,1,,,
Betogain,1,,,
Biocetamol,1,,,
Biocof,1,,,
Biocyp,1,,,
Biorex,1,,,
Biovitoz,1,,,
Biozara,1,,,
Biq,1,,,
Blukof,1,,,
Bonlink,1,,,
Boostaliv,1,,,
Braineed,1,,,
Brainomego,1,,,
Brainwell,1,,,
Bravobol,1,,,
Brcof,1,,,
Breath,1,,,
Breatheasy,1,,,
Brethmax,1,,,
Brethvel,1,,,
Briolite,1,,,
Brofentol,1,,,
Broncocet,1,,,
Broncof,1,,,
Broncorest,1,,,
Bronkair,1,,,
Bronkolin,1,,,
Bronkolyte,1,,,
Bronmix,1,,,
Brutus,1,,,
Brzyme,1,,,
Butadryl,1,,,
Byzyme,1,,,
Cadiphylate,1,,,
Calbel,1,,,
Calcimix,1,,,
Caliber,1,,,
Calusper,1,,,
Calyumm,1,,,
Capiliv,1,,,
Cari,1,,,
Carideng,1,,,
Carmiton,1,,,
Carnibeta,1,,,
Carnijoy,1,,,
Carniped,1,,,
Carnocan,1,,,
Casitus,1,,,
Ce,1,,,
Cefdox,1,,,
Cefimaje,1,,,
Celcocyp,1,,,
Celcogut,1,,,
Ceriz,1,,,
Cetaloz,1,,,
Cetfull,1,,,
Cetirizine,1,,,
Cetlergy,1,,,
Cetop,1,,,
Cetrikop,1,,,
Cetriver,1,,,
Cetzoop,1,,,
Cherrylab,1,,,
Cinkara,1,,,
Citalka,1,,,
Citirise,1,,,
Citradz,1,,,
Citrahil,1,,,
Citralark,1,,,
Citralee,1,,,
Citralem,1,,,
Citrolite,1,,,
Civic,1,,,
Cobaral,1,,,
Cocozinc,1,,,
Coduct,1,,,
Cofamol,1,,,
Cofar,1,,,
Cofbron,1,,,
Cofdex,1,,,
Cofdramine,1,,,
Cofdrawyn,1,,,
Coffdryl,1,,,
Coffix,1,,,
Coffka,1,,,
Coflite,1,,,
Cofnil,1,,,
Cofryl,1,,,
Coftime,1,,,
Colac,1,,,
Coldlok,1,,,
Coldman,1,,,
Coldmate,1,,,
Collosol,1,,,
Colnic,1,,,
Congestyl,1,,,
Coniprot,1,,,
Corest,1,,,
Caricom,1,,,
Corina,1,,,
Cosyp,1,,,
Cough,1,,,
Coughorex,1,,,
Coughsure,1,,,
Coughveda,1,,,
Cranday,1,,,
Cratex,1,,,
Cremakart,1,,,
Criston,1,,,
Crux,1,,,
Cucof,1,,,
Cuffzit,1,,,
Cukof,1,,,
Cyclav,1,,,
Cylin,1,,,
Cypee,1,,,
Cypnex,1,,,
Cypol,1,,,
Cyponzy,1,,,
Cypotec,1,,,
Cyprobeat,1,,,
Cyprodin,1,,,
Cyprogp,1,,,
Cypromed,1,,,
Cyprosal,1,,,
Cyprosin,1,,,
Cyprosine,1,,,
Cyprowal,1,,,
Cyprozide,1,,,
Czin,1,,,
Daoryl,1,,,
Dashmularishta,1,,,
Dcold,1,,,
Decee,1,,,
Decoff,1,,,
Decolex,1,,,
Dee,1,,,
Delcof,1,,,
Delodryl,1,,,
Derivent,1,,,
Derofan,1,,,
Deskof,1,,,
Dewlax,1,,,
Dexine,1,,,
Dexomed,1,,,
Dexophan,1,,,
Diagest,1,,,
Diakof,1,,,
Dicalciiplex,1,,,
Dicarb,1,,,
Dicitra,1,,,
Digefix,1,,,
Digel,1,,,
Digestzyme,1,,,
Digiviscon,1,,,
Dinegril,1,,,
Dkof,1,,,
Dmc,1,,,
Dof,1,,,
Draksharist,1,,,
Dropizin,1,,,
Dropzine,1,,,
Drorest,1,,,
Dsh,1,,,
Duact,1,,,
Duvent,1,,,
Dynasal,1,,,
Easirel,1,,,
Efectal,1,,,
Efelin,1,,,
Eldervitamin,1,,,
Eldikof,1,,,
Eldisoda,1,,,
Ellkuff,1,,,
Elneucitral,1,,,
Elwin,1,,,
Emecoff,1,,,
Emicof,1,,,
Emilozyme,1,,,
Enocid,1,,,
Ephrilime,1,,,
Epidor,1,,,
Epigly,1,,,
Epinorm,1,,,
Epixyl,1,,,
Epregres,1,,,
Eskof,1,,,
Eskuf,1,,,
Euphomin,1,,,
Everliv,1,,,
Evictal,1,,,
Exit,1,,,
Felok,1,,,
Femed,1,,,
Femonic,1,,,
Fenuzyme,1,,,
Ferisis,1,,,
Ferolact,1,,,
Ferrite,1,,,
Fexyfin,1,,,
Finituss,1,,,
Flamox,1,,,
Flushit,1,,,
Fredlinctus,1,,,
Frutocell,1,,,
Furoped,1,,,
Gacof,1,,,
Galirex,1,,,
Gastogril,1,,,
Gastracid,1,,,
Geecoff,1,,,
Gefil,1,,,
Gelumin,1,,,
Gencoff,1,,,
Genozyme,1,,,
Geskof,1,,,
Gofull,1,,,
Greensol,1,,,
Gromin,1,,,
Gynobin,1,,,
Gynodex,1,,,
Gynoline,1,,,
Gynostar,1,,,
Gyreg,1,,,
Gysys,1,,,
Hadpuff,1,,,
Haemoguard,1,,,
Haleezy,1,,,
Hapenz,1,,,
Havpep,1,,,
Healcet,1,,,
Hemoplus,1,,,
Hemotrate,1,,,
Hemoway,1,,,
Hemozin,1,,,
Hepabis,1,,,
Hepaneed,1,,,
Hepatoglobin,1,,,
Hepnar,1,,,
Heptolite,1,,,
Heraft,1,,,
Herbodil,1,,,
Hicold,1,,,
Hightop,1,,,
Hisover,1,,,
Histafer,1,,,
Honimist,1,,,
Hungryvis,1,,,
Ibutop,1,,,
Imki,1,,,
Immunobliss,1,,,
Incoril,1,,,
Incresil,1,,,
Instaplex,1,,,
Invit,1,,,
Itus,1,,,
Jaicyp,1,,,
Jambasav,1,,,
Jancid,1,,,
Jigreen,1,,,
Juvetra,1,,,
Kafbin,1,,,
Kafodex,1,,,
Kalm,1,,,
Kalmeg,1,,,
Kankasav,1,,,
Kasyrup,1,,,
Kemlactin,1,,,
Kesol,1,,,
Keylax,1,,,
Keylyte,1,,,
Kidmol,1,,,
Kidnepot,1,,,
Kidpred,1,,,
Knoll,1,,,
Kodex,1,,,
Koffspa,1,,,
Kofirax,1,,,
Kosat,1,,,
Krebsomag,1,,,
Kremalex,1,,,
Kryoped,1,,,
Kufdose,1,,,
Kufftas,1,,,
Kufkol,1,,,
Kufles,1,,,
Kufryl,1,,,
Kufshina,1,,,
Kulerron,1,,,
Kumarayamrita,1,,,
Kutajarishta,1,,,
Kutjarista,1,,,
Lacpac,1,,,
Lactacrat,1,,,
Lactopro,1,,,
Lactovis,1,,,
Lagin,1,,,
Laxitas,1,,,
Laxitose,1,,,
Laxpod,1,,,
Laxsia,1,,,
Leavocet,1,,,
Lecof,1,,,
Lemcure,1,,,
Lemcurezym,1,,,
Letvit,1,,,
Leukodew,1,,,
Levocetral,1,,,
Levocetzine,1,,,
Levodrone,1,,,
Levotrend,1,,,
Levotuspar,1,,,
Lexion,1,,,
Lezest,1,,,
Limecip,1,,,
Lindryl,1,,,
Livetozyme,1,,,
Livo,1,,,
Livogist,1,,,
Livolysin,1,,,
Livoreb,1,,,
Livorez,1,,,
Lizocid,1,,,
Loapep,1,,,
Lohaton,1,,,
Lozsils,1,,,
Lungs,1,,,
Lycobal,1,,,
Lycogin,1,,,
Lycolife,1,,,
Lyconef,1,,,
Lycoturm,1,,,
Lycozum,1,,,
Lygo,1,,,
Lyprovit,1,,,
Lysatone,1,,,
Lysineovit,1,,,
Mahamanjishthadi,1,,,
Mahamanjistadi,1,,,
Mahazin,1,,,
Maltrivit,1,,,
Marktus,1,,,
Maxcoril,1,,,
Maxivit,1,,,
Maylox,1,,,
Mdcold,1,,,
Mecolin,1,,,
Medoril,1,,,
Medox,1,,,
Mefanorm,1,,,
Mefcron,1,,,
Mefe,1,,,
Mefniwel,1,,,
Meftadol,1,,,
Megawise,1,,,
Megpitam,1,,,
Melcaine,1,,,
Memtone,1,,,
Menoreg,1,,,
Mensedon,1,,,
Mentone,1,,,
Meplon,1,,,
Metadrate,1,,,
Meyerzyme,1,,,
Midzinc,1,,,
Milpaso,1,,,
Mimorange,1,,,
Mincid,1,,,
Moczin,1,,,
Monacef,1,,,
Monokof,1,,,
Montokuf,1,,,
Montymo,1,,,
Moxowin,1,,,
Moxtid,1,,,
Msk,1,,,
Mucobrint,1,,,
Multiflow,1,,,
Multiwin,1,,,
Mynberrys,1,,,
Mynex,1,,,
Naricare,1,,,
Nasowell,1,,,
Naunehal,1,,,
Nelcof,1,,,
Neozeet,1,,,
Nernap,1,,,
Nihri,1,,,
Nilbye,1,,,
Nimucet,1,,,
Normatone,1,,,
Nubase,1,,,
Nubria,1,,,
Nucloryl,1,,,
Nuliser,1,,,
Nurosmart,1,,,
Nutramide,1,,,
Nutrihale,1,,,
Nutriplex,1,,,
Ocroxt,1,,,
Odn,1,,,
Oflanest,1,,,
Olatus,1,,,
Olilum,1,,,
Oltrex,1,,,
Omezyme,1,,,
Ondon,1,,,
Onstov,1,,,
Oralife,1,,,
Orangemol,1,,,
Oricitral,1,,,
Orkozyme,1,,,
Orlact,1,,,
Osmitol,1,,,
Osolac,1,,,
Osteowish,1,,,
Outway,1,,,
Oxin,1,,,
Oxysafe,1,,,
Ozoliv,1,,,
Pabaplex,1,,,
Pacel,1,,,
Pachmeena,1,,,
Pacific,1,,,
Panchasav,1,,,
Parexia,1,,,
Parthadyarishta,1,,,
Pathcef,1,,,
Pcl,1,,,
Peb,1,,,
Pedex,1,,,
Pedicloryl,1,,,
Pedifos,1,,,
Pedizinc,1,,,
Pedzer,1,,,
Pegshine,1,,,
Pepcer,1,,,
Pepify,1,,,
Pepin,1,,,
Phena,1,,,
Phenzee,1,,,
Platelup,1,,,
Platence,1,,,
Pneumonorm,1,,,
Podexim,1,,,
Podowal,1,,,
Potklor,1,,,
Potzest,1,,,
Probislac,1,,,
Procef,1,,,
Prospan,1,,,
Protiboost,1,,,
Protussa,1,,,
Prova,1,,,
Psychobion,1,,,
Pulmocod,1,,,
Pyro,1,,,
Raciraft,1,,,
Rai,1,,,
Ralfamalt,1,,,
Rapple,1,,,
Rebreath,1,,,
Recap,1,,,
Reecof,1,,,
Reezyme,1,,,
Refid,1,,,
Refluent,1,,,
Remcc,1,,,
Replay,1,,,
Rescold,1,,,
Respee,1,,,
Respidryl,1,,,
Respithik,1,,,
Restchill,1,,,
Restsip,1,,,
Rexcod,1,,,
Rexonol,1,,,
Riazyme,1,,,
Rinosec,1,,,
Rinowin,1,,,
Ritenov,1,,,
Rivilaxin,1,,,
Ronflox,1,,,
Rozbion,1,,,
Rubraplex,1,,,
Rufcof,1,,,
Rusimin,1,,,
Rusox,1,,,
Sachi,1,,,
Safodox,1,,,
Safolax,1,,,
Salhexin,1,,,
Salmol,1,,,
Saltol,1,,,
Saltus,1,,,
Salvent,1,,,
Sang,1,,,
Sansicoff,1,,,
Santevini,1,,,
Saraswatarishta,1,,,
Sarswatarishta,1,,,
Sercitral,1,,,
Sercoff,1,,,
Sermonte,1,,,
Setzen,1,,,
Shankha,1,,,
Shankhapushpi,1,,,
Shikam,1,,,
Shim,1,,,
Shodhak,1,,,
Sifco,1,,,
Silio,1,,,
Simitor,1,,,
Siokof,1,,,
Sioplex,1,,,
Siozyme,1,,,
Sitania,1,,,
Sixapp,1,,,
Skyrex,1,,,
Smilax,1,,,
Smithzyme,1,,,
Sodicit,1,,,
Sofixim,1,,,
Soothe,1,,,
Sorboliv,1,,,
Sorliv,1,,,
Spasma,1,,,
Sporogenes,1,,,
Sputex,1,,,
Starmega,1,,,
Staxim,1,,,
Stexol,1,,,
Sthoulyahara,1,,,
Sucfate,1,,,
Sucracea,1,,,
Sucratas,1,,,
Sucrawall,1,,,
Sufacid,1,,,
Sufrecof,1,,,
Swidex,1,,,
Tamiflu,1,,,
Tamo,1,,,
Tedykoff,1,,,
Teething,1,,,
Terbodex,1,,,
Terikof,1,,,
Theccavee,1,,,
Theoped,1,,,
Thrombo,1,,,
Tminic,1,,,
Toncold,1,,,
Tone,1,,,
Torrelax,1,,,
Trigensol,1,,,
Trisoliv,1,,,
Trivalix,1,,,
Torcof,1,,,
Trophozyme,1,,,
Troxxil,1,,,
Trucal,1,,,
Truceb,1,,,
Trucof,1,,,
Trudryl,1,,,
Trustovit,1,,,
Truxime,1,,,
Tucral,1,,,
Tursil,1,,,
Tusfin,1,,,
Tuspress,1,,,
Tussky,1,,,
Tussprox,1,,,
Tussthik,1,,,
Tusvo,1,,,
Tweetcal,1,,,
Typodyn,1,,,
Udisyp,1,,,
Ulsant,1,,,
Ulset,1,,,
Ultimont,1,,,
Unikof,1,,,
Uricure,1,,,
Urilis,1,,,
Ushirasav,1,,,
Utiwipe,1,,,
Utospark,1,,,
Utrac,1,,,
Utriglow,1,,,
Utry,1,,,
Vandol,1,,,
Vavo,1,,,
Ventasol,1,,,
Ventilex,1,,,
Ventiphyllin,1,,,
Ventoranz,1,,,
Verispore,1,,,
Vialac,1,,,
Virtuvit,1,,,
Viscof,1,,,
Visymin,1,,,
Vitacef,1,,,
Viton,1,,,
Vitostrong,1,,,
Vivadase,1,,,
Vomipen,1,,,
Vrimox,1,,,
Walktall,1,,,
Waltuz,1,,,
Warzinc,1,,,
Week,1,,,
Wellair,1,,,
Wettox,1,,,
Winpac,1,,,
Wolox,1,,,
Wormicid,1,,,
Wynacid,1,,,
Wyncoril,1,,,
Xemguard,1,,,
Xrich,1,,,
Yesaka,1,,,
Zalcoril,1,,,
Zayamaliv,1,,,
Zealvit,1,,,
Zecuf,1,,,
Zenadryl,1,,,
Zenkowit,1,,,
Zentazyme,1,,,
Zentop,1,,,
Zerapod,1,,,
Zinciwell,1,,,
Zinckid,1,,,
Zincolife,1,,,
Zincolix,1,,,
Zincovex,1,,,
Zincozen,1,,,
Zinkomin,1,,,
Zinkowit,1,,,
Zinsy,1,,,
Ziscoril,1,,,
Zivalka,1,,,
Zoxivit,1,,,
Zykalur,1,,,
Zykof,1,,,
Zymino,1,,,
Zymrich,1,,,
Zypara,1,,,
Zypazyme,1,,,
Zyrcof,1,,,
Energy,1,,,
Exol,1,,,
Circa,1,,,
Kd,1,,,
Px7,1,,,
Q16,1,,,
Aaneph,1,,,
Abamune,1,,,
Abana,1,,,
Abcobal,1,,,
Abec,1,,,
Abepride,1,,,
Abetrol,1,,,
Abezide,1,,,
Abhayadhi,1,,,
Abiba,1,,,
Abical,1,,,
Abide,1,,,
Abifex,1,,,
Abigab,1,,,
Abilox,1,,,
Abimax,1,,,
Abione,1,,,
Abipred,1,,,
Abirapro,1,,,
Abirif,1,,,
Abisef,1,,,
Abistat,1,,,
Abitol,1,,,
Abivil,1,,,
Abixib,1,,,
Abmont,1,,,
Abocal,1,,,
Abolin,1,,,
Abomet,1,,,
Aborise,1,,,
Abortab,1,,,
Abrozac,1,,,
Absotrend,1,,,
Absovit,1,,,
Abturbi,1,,,
Aburik,1,,,
Abvent,1,,,
Abvin,1,,,
Abwal,1,,,
Acecure,1,,,
Acal,1,,,
Acamprol,1,,,
Acamptas,1,,,
Acardase,1,,,
Accemol,1,,,
Accidit,1,,,
Acco,1,,,
Accufitt,1,,,
Acculyn,1,,,
Accuzith,1,,,
Acdac,1,,,
Acebcystein,1,,,
Acebit,1,,,
Acebrel,1,,,
Acebrofact,1,,,
Acecet,1,,,
Acecharge,1,,,
Acecloflam,1,,,
Aceclogesic,1,,,
Acecloheal,1,,,
Aceclomac,1,,,
Aceclomax,1,,,
Aceclonec,1,,,
Aceclootrue,1,,,
Aceclorex,1,,,
Aceclorite,1,,,
Aceclotop,1,,,
Aceclowal,1,,,
Acedapa,1,,,
Acedin,1,,,
Acedio,1,,,
Acedip,1,,,
Aceecure,1,,,
Acef,1,,,
Acegesic,1,,,
Aceheal,1,,,
Aceli,1,,,
Acelife,1,,,
Acelix,1,,,
Acelo,1,,,
Acelojoy,1,,,
Acelostat,1,,,
Acemic,1,,,
Acenor,1,,,
Acent,1,,,
Acep,1,,,
Acepanil,1,,,
Aceparin,1,,,
Acepark,1,,,
Acepex,1,,,
Acerain,1,,,
Aceslan,1,,,
Acesquare,1,,,
Acetadema,1,,,
Acetamide,1,,,
Acetazolarc,1,,,
Aceted,1,,,
Acetyl,1,,,
Acetynet,1,,,
Acevin,1,,,
Acevinac,1,,,
Acevolt,1,,,
Acezeal,1,,,
Ache,1,,,
Acicarb,1,,,
Aciky,1,,,
Aciless,1,,,
Acipact,1,,,
Aciprax,1,,,
Acival,1,,,
Acivilda,1,,,
Aciwide,1,,,
Acklomol,1,,,
Acknotin,1,,,
Acla,1,,,
Acloake,1,,,
Acloflex,1,,,
Aclopar,1,,,
Aclopen,1,,,
Aclopride,1,,,
Acloris,1,,,
Aclotab,1,,,
Acluser,1,,,
Acmil,1,,,
Acnac,1,,,
Acnechio,1,,,
Acnurish,1,,,
Acocare,1,,,
Acocontin,1,,,
Acomore,1,,,
Acomotil,1,,,
Acondef,1,,,
Aconmyth,1,,,
Aconred,1,,,
Aconride,1,,,
Acotop,1,,,
Actapod,1,,,
Actfen,1,,,
Actibion,1,,,
Acticort,1,,,
Actigaba,1,,,
Actigall,1,,,
Actihealth,1,,,
Actimeg,1,,,
Actimol,1,,,
Actinac,1,,,
Actinef,1,,,
Action,1,,,
Activday,1,,,
Activelive,1,,,
Activeworld,1,,,
Activime,1,,,
Activit,1,,,
Activitta,1,,,
Actiwell,1,,,
Actiwork,1,,,
Actnvp,1,,,
Actonel,1,,,
Actopred,1,,,
Actpill,1,,,
Acucal,1,,,
Acufix,1,,,
Aculoric,1,,,
Acumol,1,,,
Acupraz,1,,,
Acuvert,1,,,
Acuvin,1,,,
Acuvir,1,,,
Acvilda,1,,,
Acyclodol,1,,,
Acyclolark,1,,,
Acyclosure,1,,,
Aczed,1,,,
Adamsil,1,,,
Adamzing,1,,,
Adboost,1,,,
Adcapone,1,,,
Addaxon,1,,,
Addkay,1,,,
Addlife,1,,,
Addna,1,,,
Addnok,1,,,
Addperam,1,,,
Addtrex,1,,,
Addwize,1,,,
Adebest,1,,,
Adecon,1,,,
Adefresh,1,,,
Adenocheck,1,,,
Adesera,1,,,
Adfovir,1,,,
Adhair,1,,,
Adheb,1,,,
Adibose,1,,,
Adidac,1,,,
Adine,1,,,
Adinerve,1,,,
Adipam,1,,,
Adipsin,1,,,
Adironemed,1,,,
Adironewyn,1,,,
Adisyl,1,,,
Adiuretin,1,,,
Adivit,1,,,
Adiza,1,,,
Adjuvanex,1,,,
Admesyl,1,,,
Admop,1,,,
Adrocred,1,,,
Adsleep,1,,,
Adstrom,1,,,
Advance,1,,,
Adventor,1,,,
Adyllin,1,,,
Adzolam,1,,,
Aeklo,1,,,
Aelita,1,,,
Aeonerv,1,,,
Aeonity,1,,,
Aeoron,1,,,
Aeromont,1,,,
Aeroway,1,,,
Aexi,1,,,
Aexiclav,1,,,
Afdical,1,,,
Afdura,1,,,
Afetan,1,,,
Aff,1,,,
Affilife,1,,,
Afflicox,1,,,
Affoarni,1,,,
Affoempa,1,,,
Afiflam,1,,,
Afineday,1,,,
Afl,1,,,
Afropil,1,,,
Afrotab,1,,,
Aftron,1,,,
Agedrop,1,,,
Ageless,1,,,
Agloros,1,,,
Agma,1,,,
Agoprex,1,,,
Agoty,1,,,
Agptoy,1,,,
Agunex,1,,,
Ah,1,,,
Aifen,1,,,
Aiim,1,,,
Ai1,1,,,
Aim,1,,,
Airasit,1,,,
Aircef,1,,,
Airgates,1,,,
Airlink,1,,,
Airlukast,1,,,
Airrosam,1,,,
Aisa,1,,,
Ak,1,,,
Akba,1,,,
Akbanem,1,,,
Akorox,1,,,
Akotel,1,,,
Akovita,1,,,
Akshell,1,,,
Akticet,1,,,
Akytrex,1,,,
Alace,1,,,
Alafin,1,,,
Alagreat,1,,,
Alastin,1,,,
Alatro,1,,,
Albanix,1,,,
Albendazole,1,,,
Albeverm,1,,,
Albo,1,,,
Albol,1,,,
Albozen,1,,,
Albunil,1,,,
Alcecost,1,,,
Alcet,1,,,
Alchlor,1,,,
Alcium,1,,,
Alclar,1,,,
Alcoba,1,,,
Alcofen,1,,,
Alcoliv,1,,,
Alconil,1,,,
Alconix,1,,,
Alconus,1,,,
Aldaid,1,,,
Aldavit,1,,,
Alderec,1,,,
Aldostix,1,,,
Alensol,1,,,
Alercid,1,,,
Alerdain,1,,,
Alerex,1,,,
Alerg,1,,,
Alerpin,1,,,
Alersif,1,,,
Alescar,1,,,
Alfacare,1,,,
Alfacheck,1,,,
Alfadep,1,,,
Alfalead,1,,,
Alfalog,1,,,
Alfamin,1,,,
Alfapride,1,,,
Alfapsin,1,,,
Alfaren,1,,,
Alfil,1,,,
Alfman,1,,,
Alftract,1,,,
Alfuin,1,,,
Alfunol,1,,,
Algaba,1,,,
Algefex,1,,,
Algest,1,,,
Algia,1,,,
Algineuron,1,,,
Algopin,1,,,
Alicort,1,,,
Alistor,1,,,
Alivher,1,,,
Alizap,1,,,
Alkaren,1,,,
Alkechet,1,,,
Alketam,1,,,
Alketo,1,,,
Allcal,1,,,
Allecet,1,,,
Aller,1,,,
Allergifex,1,,,
Allerkap,1,,,
Allernxt,1,,,
Allforte,1,,,
Allip,1,,,
Allmeds,1,,,
Allpain,1,,,
Allpred,1,,,
Allrise,1,,,
Alltera,1,,,
Allymax,1,,,
Almron,1,,,
Alnacal,1,,,
Aloban,1,,,
Alobical,1,,,
Alocate,1,,,
Alocort,1,,,
Alofer,1,,,
Alopx,1,,,
Alorbis,1,,,
Alorti,1,,,
Alphacin,1,,,
Alphaday,1,,,
Alphamine,1,,,
Alphapod,1,,,
Alphasan,1,,,
Alpiritin,1,,,
Alprak,1,,,
Alpraquil,1,,,
Alprazowyn,1,,,
Alprest,1,,,
Alrelax,1,,,
Alsifen,1,,,
Alspar,1,,,
Altamox,1,,,
Altanib,1,,,
Altical,1,,,
Altiflam,1,,,
Altiflex,1,,,
Altin,1,,,
Altirich,1,,,
Alto,1,,,
Altrafiz,1,,,
Altraz,1,,,
Alupent,1,,,
Alvitel,1,,,
Alvitral,1,,,
Alvizine,1,,,
Alvotin,1,,,
Alwiz,1,,,
Alworm,1,,,
Alzacox,1,,,
Alzivit,1,,,
Alziwin,1,,,
Alzoben,1,,,
Alzocept,1,,,
Alzowyn,1,,,
Amal,1,,,
Amalar,1,,,
Amantad,1,,,
Amartiza,1,,,
Amri,1,,,
Ambipride,1,,,
Ambiprol,1,,,
Ambizyme,1,,,
Ambrican,1,,,
Ambrocet,1,,,
Ambronac,1,,,
Ambulex,1,,,
Amchelate,1,,,
Amclawyn,1,,,
Amclazen,1,,,
Amebo,1,,,
Amfast,1,,,
Amfolin,1,,,
Amg,1,,,
Amiard,1,,,
Amic,1,,,
Amical,1,,,
Amicostar,1,,,
Amicyn,1,,,
Amido,1,,,
Amifer,1,,,
Amiline,1,,,
Amilinex,1,,,
Amimets,1,,,
Amin,1,,,
Aminobenz,1,,,
Aminochrit,1,,,
Aminogain,1,,,
Aminogest,1,,,
Aminos,1,,,
Aminoshield,1,,,
Aminostem,1,,,
Aminovit,1,,,
Aminowyn,1,,,
Amipace,1,,,
Amisularc,1,,,
Amitias,1,,,
Amitin,1,,,
Amitrocalm,1,,,
Amitryp,1,,,
Amiur,1,,,
Amiwiz,1,,,
Amking,1,,,
Amlace,1,,,
Amlarin,1,,,
Amleod,1,,,
Almocit,1,,,
Amlobet,1,,,
Amlocaid,1,,,
Amlocom,1,,,
Amlofirst,1,,,
Amlogla,1,,,
Amloheal,1,,,
Amlokem,1,,,
Amlolife,1,,,
Amlomed,1,,,
Amlored,1,,,
Amlorep,1,,,
Amlorite,1,,,
Amloser,1,,,
Amlosun,1,,,
Amlotrac,1,,,
Amlowalk,1,,,
Ammetsita,1,,,
Amnef,1,,,
Amoclafix,1,,,
Amodryn,1,,,
Amoxclav,1,,,
Amoxylet,1,,,
Amoxyvin,1,,,
Ampiox,1,,,
Amposs,1,,,
Amro,1,,,
Amsafe,1,,,
Amsek,1,,,
Amtor,1,,,
Amval,1,,,
Amvio,1,,,
Amzest,1,,,
Amzil,1,,,
Anabrez,1,,,
Anacin,1,,,
Anadom,1,,,
Anahair,1,,,
Ananda,1,,,
Anastaze,1,,,
Anastronat,1,,,
Anastwyn,1,,,
Anatero,1,,,
Anavit,1,,,
Anazoa,1,,,
Anazol,1,,,
Ancal,1,,,
Ancolol,1,,,
Andial,1,,,
Andreva,1,,,
Androblok,1,,,
Androfol,1,,,
Androgardian,1,,,
Androshield,1,,,
Anefine,1,,,
Anegone,1,,,
Anergen,1,,,
Angigold,1,,,
Angiheal,1,,,
Angikey,1,,,
Angimet,1,,,
Angised,1,,,
Anglit,1,,,
Anglocet,1,,,
Anikast,1,,,
Animated,1,,,
Animgaba,1,,,
Anjol,1,,,
Anleo,1,,,
Anolet,1,,,
Anopatch,1,,,
Anosam,1,,,
Anoscha,1,,,
Anrolat,1,,,
Antegy,1,,,
Anthena,1,,,
Anticram,1,,,
Antif,1,,,
Antispin,1,,,
Antomax,1,,,
Antovin,1,,,
Antrenyl,1,,,
Anxicure,1,,,
Anzical,1,,,
Anzilum,1,,,
Aparin,1,,,
Apa,1,,,
Apc,1,,,
Apcil,1,,,
Apcolam,1,,,
Apda,1,,,
Apflam,1,,,
Aphin,1,,,
Apinac,1,,,
Apira,1,,,
Apismart,1,,,
Apixahenz,1,,,
Apixavas,1,,,
Aplaneph,1,,,
Aplazar,1,,,
Apledaz,1,,,
Apnat,1,,,
Aprenext,1,,,
Apreset,1,,,
Aprilia,1,,,
Apriza,1,,,
Apyridine,1,,,
Aquabliss,1,,,
Aquaris,1,,,
Aqviko,1,,,
Arbprimebeta,1,,,
Arcal,1,,,
Arcalion,1,,,
Aretha,1,,,
Arets,1,,,
Argifizz,1,,,
Argiwish,1,,,
Arica,1,,,
Aricef,1,,,
Aridus,1,,,
Arifen,1,,,
Arifol,1,,,
Arimidex,1,,,
Arimip,1,,,
Aripat,1,,,
Aripel,1,,,
Aripiren,1,,,
Aripra,1,,,
Ari,1,,,
Aritel,1,,,
Ariten,1,,,
Arize,1,,,
Arkadin,1,,,
Arkafexo,1,,,
Arkalevo,1,,,
Arkamet,1,,,
Arkanerve,1,,,
Arketo,1,,,
Arloc,1,,,
Arme,1,,,
Armilon,1,,,
Armosam,1,,,
Armotraz,1,,,
Arnibloc,1,,,
Arnistar,1,,,
Arocal,1,,,
Arogya,1,,,
Aromasin,1,,,
Aromita,1,,,
Aroxime,1,,,
Arpie,1,,,
Arpisyn,1,,,
Arpitor,1,,,
Arpizac,1,,,
Arshakuthar,1,,,
Arshoghni,1,,,
Arterilax,1,,,
Artgen,1,,,
Arthemis,1,,,
Arthems,1,,,
Arthogen,1,,,
Arthonex,1,,,
Arthorid,1,,,
Arthoway,1,,,
Arthracal,1,,,
Arthraspaz,1,,,
Arthrodol,1,,,
Arthrojuv,1,,,
Arthrosone,1,,,
Arthrotend,1,,,
Arthrowyn,1,,,
Articulin,1,,,
Artigrel,1,,,
Artilage,1,,,
Artirich,1,,,
Artisol,1,,,
Arzepam,1,,,
Arzol,1,,,
Asa,1,,,
Asacol,1,,,
Asbac,1,,,
Asclin,1,,,
Ascolead,1,,,
Ascor,1,,,
Asera,1,,,
Asimol,1,,,
Asmapax,1,,,
Asmatide,1,,,
Asmox,1,,,
Asomolarc,1,,,
Asotic,1,,,
Aspiclop,1,,,
Aspidol,1,,,
Aspimox,1,,,
Asprich,1,,,
Asset,1,,,
Assurans,1,,,
Astacar,1,,,
Astaleaf,1,,,
Astanol,1,,,
Asthoque,1,,,
Asticort,1,,,
Astium,1,,,
Astrojoint,1,,,
Asu,1,,,
Asvicef,1,,,
Asvidiclo,1,,,
Asvimox,1,,,
Asvineuro,1,,,
Asvipanto,1,,,
Asvipod,1,,,
Asv,1,,,
Atarock,1,,,
Atarstin,1,,,
Atazest,1,,,
Atazor,1,,,
Atdom,1,,,
Atekind,1,,,
Atemide,1,,,
Atenwyn,1,,,
Aterio,1,,,
Atheart,1,,,
Athemin,1,,,
Athesit,1,,,
Athfix,1,,,
Athoclav,1,,,
Athopan,1,,,
Atical,1,,,
Atloma,1,,,
Atokind,1,,,
Atolda,1,,,
Atolove,1,,,
Atom,1,,,
Atorexer,1,,,
Atorfen,1,,,
Atorgard,1,,,
Atorgift,1,,,
Atorgreat,1,,,
Atorhil,1,,,
Atorium,1,,,
Atornic,1,,,
Atorpac,1,,,
Atorstin,1,,,
Atorsvis,1,,,
Atorsyd,1,,,
Atortel,1,,,
Atortotal,1,,,
Atorvance,1,,,
Atorvee,1,,,
Atorvel,1,,,
Atorwin,1,,,
Atosh,1,,,
Atosmec,1,,,
Atotin,1,,,
Atova,1,,,
Atpera,1,,,
Atreep,1,,,
Atorgen,1,,,
Atrosure,1,,,
Atroxim,1,,,
Atsera,1,,,
Attenper,1,,,
Atwork,1,,,
Atz,1,,,
Audiclav,1,,,
Aug,1,,,
Augmont,1,,,
Augpod,1,,,
Augtram,1,,,
Augumed,1,,,
Augvanic,1,,,
Aura,1,,,
Auradex,1,,,
Aurafree,1,,,
Auragest,1,,,
Aureum,1,,,
Aurikal,1,,,
Aurivit,1,,,
Aurolena,1,,,
Ausivit,1,,,
Auvelia,1,,,
Auxenzy,1,,,
Auxime,1,,,
Avapar,1,,,
Avaro,1,,,
Avascare,1,,,
Avaslip,1,,,
Avastin,1,,,
Avcor,1,,,
Avertich,1,,,
Aviglip,1,,,
Avimet,1,,,
Avinorm,1,,,
Aviron,1,,,
Avistatin,1,,,
Avital,1,,,
Avobi,1,,,
Avol,1,,,
Avomine,1,,,
Avosic,1,,,
Avotivir,1,,,
Axabose,1,,,
Axafer,1,,,
Axant,1,,,
Axces,1,,,
Axepine,1,,,
Axeten,1,,,
Axfer,1,,,
Axidur,1,,,
Axifix,1,,,
Axipar,1,,,
Axirab,1,,,
Axistat,1,,,
Axiver,1,,,
Axivit,1,,,
Axolife,1,,,
Axometh,1,,,
Axon,1,,,
Axonet,1,,,
Axongen,1,,,
Axonrich,1,,,
Axorhin,1,,,
Axovit,1,,,
Axpero,1,,,
Axtronid,1,,,
Axurocef,1,,,
Ayapon,1,,,
Ayser,1,,,
Azafort,1,,,
Azaprin,1,,,
Azapure,1,,,
Azarid,1,,,
Azasis,1,,,
Azathiol,1,,,
Azathpril,1,,,
Azeecross,1,,,
Azelia,1,,,
Azenas,1,,,
Azibres,1,,,
Azicob,1,,,
Azidel,1,,,
Azihawk,1,,,
Azikis,1,,,
Azikop,1,,,
Azilab,1,,,
Azilday,1,,,
Azilion,1,,,
Aziltrend,1,,,
Azisawyn,1,,,
Azimrin,1,,,
Azincure,1,,,
Azineck,1,,,
Azinem,1,,,
Azintra,1,,,
Azipress,1,,,
Azirak,1,,,
Azirest,1,,,
Azirip,1,,,
Azirith,1,,,
Aziros,1,,,
Azisafe,1,,,
Azisage,1,,,
Azispan,1,,,
Aziswift,1,,,
Azithro,1,,,
Azithromb,1,,,
Azithrowar,1,,,
Azitop,1,,,
Azitrin,1,,,
Azizoom,1,,,
Azkera,1,,,
Azmic,1,,,
Azobis,1,,,
Azon,1,,,
Azotas,1,,,
Azr,1,,,
Azrin,1,,,
Azthpriwyn,1,,,
Aztic,1,,,
Aztra,1,,,
Azuglipt,1,,,
Azugly,1,,,
Azunerve,1,,,
Azupan,1,,,
Azuvit,1,,,
Azymin,1,,,
Babyfol,1,,,
Babytron,1,,,
Baclofast,1,,,
Baclorey,1,,,
Bacrite,1,,,
Bacter,1,,,
Bakbone,1,,,
Bakwel,1,,,
Baloforce,1,,,
Balpod,1,,,
Bambet,1,,,
Bam,1,,,
Banez,1,,,
Baralgon,1,,,
Barclav,1,,,
Barinat,1,,,
Barivit,1,,,
Barkeit,1,,,
Barostatin,1,,,
Barozyme,1,,,
Barpan,1,,,
Basant,1,,,
Basiton,1,,,
Baxiclav,1,,,
Baxylinz,1,,,
Bbgaba,1,,,
Bchol,1,,,
Bcp,1,,,
Beap,1,,,
Beathf,1,,,
Beaton,1,,,
Becetab,1,,,
Beco,1,,,
Becoles,1,,,
Becomax,1,,,
Becomplex,1,,,
Becovic,1,,,
Becovit,1,,,
Becozac,1,,,
Beepred,1,,,
Befadox,1,,,
Belac,1,,,
Belaroos,1,,,
Belfexin,1,,,
Belfine,1,,,
Belic,1,,,
Bellaova,1,,,
Bellazole,1,,,
Bem,1,,,
Bemdiff,1,,,
Bemezy,1,,,
Bemneo,1,,,
Bempalip,1,,,
Bempdil,1,,,
Bempify,1,,,
Bempinorm,1,,,
Benadon,1,,,
Bencid,1,,,
Bencomet,1,,,
Bencomine,1,,,
Benedinol,1,,,
Benf,1,,,
Benfer,1,,,
Benfinuron,1,,,
Benfit,1,,,
Benfochek,1,,,
Benfochoice,1,,,
Benfogain,1,,,
Benfogold,1,,,
Benfokey,1,,,
Benfolace,1,,,
Benfonac,1,,,
Benfoqor,1,,,
Benfoquick,1,,,
Benforest,1,,,
Benforil,1,,,
Benfosafe,1,,,
Benfosyn,1,,,
Benfotag,1,,,
Benfoten,1,,,
Benfothy,1,,,
Benfotor,1,,,
Benfozap,1,,,
Benfrove,1,,,
Benglip,1,,,
Benglow,1,,,
Bengrow,1,,,
Benher,1,,,
Benidez,1,,,
Benipack,1,,,
Benkast,1,,,
Benlead,1,,,
Benmont,1,,,
Benol,1,,,
Benovat,1,,,
Benstoke,1,,,
Benstrong,1,,,
Bentfix,1,,,
Benugold,1,,,
Benuvo,1,,,
Benvit,1,,,
Benvox,1,,,
Benwel,1,,,
Benzaflex,1,,,
Benzyzine,1,,,
Bepofly,1,,,
Bepogra,1,,,
Bepozal,1,,,
Bepozic,1,,,
Berbesta,1,,,
Berifem,1,,,
Berifetol,1,,,
Beright,1,,,
Berigold,1,,,
Berine,1,,,
Beriova,1,,,
Berisure,1,,,
Beritel,1,,,
Berry,1,,,
Berryvit,1,,,
Beryforte,1,,,
Bestfolate,1,,,
Bestform,1,,,
Bestiron,1,,,
Bestodol,1,,,
Bestofen,1,,,
Bestozide,1,,,
Bestvita,1,,,
Betabind,1,,,
Betadek,1,,,
Betaglipt,1,,,
Betalight,1,,,
Betance,1,,,
Betapill,1,,,
Betaplex,1,,,
Betapress,1,,,
Betapride,1,,,
Betaquest,1,,,
Betaring,1,,,
Betasenz,1,,,
Betatrop,1,,,
Betawel,1,,,
Betfol,1,,,
Betheran,1,,,
Bethox,1,,,
Bethseas,1,,,
Betleods,1,,,
Betnelan,1,,,
Betour,1,,,
Betrecep,1,,,
Beuneuron,1,,,
Bevert,1,,,
Bevitam,1,,,
Bevitex,1,,,
Bevitra,1,,,
Bewin,1,,,
Bexotat,1,,,
Bg,1,,,
Bgm,1,,,
Bh,1,,,
Bhs,1,,,
Biastin,1,,,
Bical,1,,,
Bicalarc,1,,,
Bicarcid,1,,,
Bicaren,1,,,
Bicatal,1,,,
Bicatero,1,,,
Bidcef,1,,,
Bidoxim,1,,,
Bidum,1,,,
Bifenac,1,,,
Bifomec,1,,,
Bigbitin,1,,,
Bigspas,1,,,
Biguaid,1,,,
Bigunyl,1,,,
Bikobest,1,,,
Bilacel,1,,,
Bilacrest,1,,,
Bilacter,1,,,
Biladen,1,,,
Biladerm,1,,,
Bilaflav,1,,,
Bilahym,1,,,
Bilakem,1,,,
Bilamare,1,,,
Bilan,1,,,
Bilanchy,1,,,
Bilanik,1,,,
Bilanol,1,,,
Bilaocean,1,,,
Bilapower,1,,,
Bilaquil,1,,,
Bilarub,1,,,
Bilaspot,1,,,
Bilastic,1,,,
Bilastin,1,,,
Bilastinz,1,,,
Bilastis,1,,,
Bilasvisz,1,,,
Bilatac,1,,,
Bilavil,1,,,
Bilawish,1,,,
Bilaxten,1,,,
Bilazine,1,,,
Bilazyd,1,,,
Bilcotiv,1,,,
Bilefix,1,,,
Bilentod,1,,,
Bilepass,1,,,
Bilerfix,1,,,
Bilhyde,1,,,
Bilkro,1,,,
Billa,1,,,
Bilovas,1,,,
Biltec,1,,,
Bilten,1,,,
Bilvis,1,,,
Bilza,1,,,
Binmet,1,,,
Binprazole,1,,,
Bioastin,1,,,
Bioben,1,,,
Biobit,1,,,
Biocellular,1,,,
Biocin,1,,,
Biofol,1,,,
Biofree,1,,,
Biofull,1,,,
Biogaba,1,,,
Biogrowth,1,,,
Bioipc,1,,,
Biokare,1,,,
Biomane,1,,,
Biomet,1,,,
Biomov,1,,,
Biomucos,1,,,
Biomycin,1,,,
Bionics,1,,,
Biopic,1,,,
Biopress,1,,,
Bioproex,1,,,
Bioquanta,1,,,
Biorox,1,,,
Bioshel,1,,,
Biosol,1,,,
Biospas,1,,,
Biotimik,1,,,
Biotouch,1,,,
Biotretin,1,,,
Biovestin,1,,,
Biowoben,1,,,
Biozocin,1,,,
Biprosta,1,,,
Birlacal,1,,,
Bisalatin,1,,,
Bisangio,1,,,
Biscado,1,,,
Bisfer,1,,,
Bisglycin,1,,,
Bisgram,1,,,
Bislac,1,,,
Bismayr,1,,,
Bisnet,1,,,
Bisofirst,1,,,
Bisogile,1,,,
Bisolol,1,,,
Bisonex,1,,,
Bisonol,1,,,
Bisopro,1,,,
Bisotril,1,,,
Bisowel,1,,,
Bispol,1,,,
Bisred,1,,,
Bistas,1,,,
Bisthera,1,,,
Bistide,1,,,
Bisurf,1,,,
Bisvig,1,,,
Bisvit,1,,,
Bitaglip,1,,,
Bitavia,1,,,
Bitebose,1,,,
Bitlice,1,,,
Bitmi,1,,,
Bitnisol,1,,,
Bitozed,1,,,
Bitron,1,,,
Bixibat,1,,,
Bixify,1,,,
Bixijoy,1,,,
Bizfer,1,,,
Bladease,1,,,
Bladfil,1,,,
Blastofix,1,,,
Bld,1,,,
Blecee,1,,,
Blentra,1,,,
Blescip,1,,,
Blesocef,1,,,
Blex,1,,,
Blingo,1,,,
Bliz,1,,,
Bloateez,1,,,
Bloatpill,1,,,
Bloclot,1,,,
Bloket,1,,,
Blonany,1,,,
Blonaser,1,,,
Blospar,1,,,
Bluefer,1,,,
Bluth,1,,,
Blycare,1,,,
Blypod,1,,,
Bmd,1,,,
Bnj,1,,,
Bocef,1,,,
Bodyred,1,,,
Bomiden,1,,,
Bonabona,1,,,
Bonbuild,1,,,
Boncal,1,,,
Bonclox,1,,,
Bonecraft,1,,,
Boneflex,1,,,
Bonegat,1,,,
Bonelar,1,,,
Boneman,1,,,
Bonemix,1,,,
Bonemove,1,,,
Bonesalic,1,,,
Bonesar,1,,,
Boneshell,1,,,
Bonewomen,1,,,
Bonexpress,1,,,
Bonflox,1,,,
Bonid,1,,,
Boniplus,1,,,
Bonjo,1,,,
Bonos,1,,,
Bonrich,1,,,
Bonsalic,1,,,
Bonsave,1,,,
Bonserum,1,,,
Bonshel,1,,,
Bonsmile,1,,,
Bonsvel,1,,,
Bonetuf,1,,,
Bontack,1,,,
Bontiplus,1,,,
Bontreat,1,,,
Bontrix,1,,,
Bonydil,1,,,
Bosemic,1,,,
Bosesap,1,,,
Bosicart,1,,,
Bospi,1,,,
Boss,1,,,
Boswell,1,,,
Boswide,1,,,
Botrostat,1,,,
Bouquet,1,,,
Bpcrush,1,,,
Bracanat,1,,,
Brainfol,1,,,
Brainiest,1,,,
Brakke,1,,,
Brava,1,,,
Bravasa,1,,,
Bravoclav,1,,,
Breakfix,1,,,
Breakheal,1,,,
Breathezy,1,,,
Brecin,1,,,
Breez,1,,,
Breflam,1,,,
Bren,1,,,
Brenkam,1,,,
Brethex,1,,,
Brillical,1,,,
Brinda,1,,,
Brioquin,1,,,
Britum,1,,,
Britvit,1,,,
Brivanil,1,,,
Brivaone,1,,,
Brivatab,1,,,
Brivissa,1,,,
Brivit,1,,,
Brizee,1,,,
Broclear,1,,,
Brodot,1,,,
Brodox,1,,,
Brofer,1,,,
Brofin,1,,,
Brofinac,1,,,
Brom,1,,,
Bromix,1,,,
Bromoshine,1,,,
Bromtryp,1,,,
Bronac,1,,,
Bronclear,1,,,
Bronco,1,,,
Bropidex,1,,,
Brorut,1,,,
Broz,1,,,
Brucet,1,,,
Brufamol,1,,,
Brular,1,,,
Brunojoy,1,,,
Brustan,1,,,
Brutab,1,,,
Brynite,1,,,
Buenocal,1,,,
Bupiprece,1,,,
Bupro,1,,,
Burgzco,1,,,
Buscowin,1,,,
Busiron,1,,,
Butabrom,1,,,
Butapar,1,,,
Butyron,1,,,
Buxo,1,,,
Buxoric,1,,,
Buxstat,1,,,
Bvit,1,,,
Bycalvit,1,,,
Bypass,1,,,
Bytey,1,,,
Bytor,1,,,
Byzepta,1,,,
Cab,1,,,
Cabaza,1,,,
Caberfresh,1,,,
Cabergol,1,,,
Cabernol,1,,,
Cabernorm,1,,,
Cabliz,1,,,
Cabotib,1,,,
Cacecon,1,,,
Cacit,1,,,
Cadcure,1,,,
Cadilap,1,,,
Cadisper,1,,,
Cadithro,1,,,
Cadixim,1,,,
Cadofer,1,,,
Cadshel,1,,,
Cadx,1,,,
Cadyra,1,,,
Cafe,1,,,
Cafipar,1,,,
Cagolist,1,,,
Caiser,1,,,
Calactiv,1,,,
Calaid,1,,,
Calangle,1,,,
Calaqua,1,,,
Calavail,1,,,
Calbank,1,,,
Calbay,1,,,
Calbo,1,,,
Calbold,1,,,
Calbonex,1,,,
Calbory,1,,,
Calbovic,1,,,
Calbreak,1,,,
Calbris,1,,,
Calbro,1,,,
Calcarea,1,,,
Calcecure,1,,,
Calcen,1,,,
Calcibel,1,,,
Calcibind,1,,,
Calcibon,1,,,
Calcicab,1,,,
Calcical,1,,,
Calcicare,1,,,
Calcicoral,1,,,
Calcidef,1,,,
Calcidez,1,,,
Calcidor,1,,,
Calcifil,1,,,
Calcifixx,1,,,
Calciflavone,1,,,
Calciframe,1,,,
Calcigod,1,,,
Calcijan,1,,,
Calcikart,1,,,
Calcilab,1,,,
Calcilate,1,,,
Calcima,1,,,
Calcimeth,1,,,
Calcimin,1,,,
Calcimite,1,,,
Calcinew,1,,,
Calcinex,1,,,
Calcinox,1,,,
Calcinyle,1,,,
Calciova,1,,,
Calcipime,1,,,
Calcipral,1,,,
Calciray,1,,,
Calcirest,1,,,
Calcishal,1,,,
Calciss,1,,,
Calcitab,1,,,
Calcitex,1,,,
Calcitop,1,,,
Calcitus,1,,,
Calcivitol,1,,,
Calciwill,1,,,
Calciwyn,1,,,
Calcix,1,,,
Calcizia,1,,,
Calcm,1,,,
Calcor,1,,,
Calcure,1,,,
Calcy,1,,,
Caldale,1,,,
Caldevit,1,,,
Caldezone,1,,,
Caldia,1,,,
Caldimint,1,,,
Caldin,1,,,
Caldipine,1,,,
Caldm,1,,,
Caldrise,1,,,
Caldure,1,,,
Caldy,1,,,
Caleus,1,,,
Calex,1,,,
Calexion,1,,,
Calexplore,1,,,
Calfan,1,,,
Calfit,1,,,
Calflavone,1,,,
Calfokem,1,,,
Calgates,1,,,
Calge,1,,,
Calgem,1,,,
Calgreen,1,,,
Calgrel,1,,,
Calhance,1,,,
Calhyp,1,,,
Calidon,1,,,
Califem,1,,,
Calijoy,1,,,
Calinept,1,,,
Cality,1,,,
Calizep,1,,,
Calja,1,,,
Calkey,1,,,
Calking,1,,,
Calkix,1,,,
Callact,1,,,
Calli,1,,,
Calmagna,1,,,
Calmat,1,,,
Calmaut,1,,,
Calmax,1,,,
Calmeron,1,,,
Calmin,1,,,
Calmit,1,,,
Calneiper,1,,,
Calnest,1,,,
Calnix,1,,,
Caloin,1,,,
Calokard,1,,,
Calop,1,,,
Caloshell,1,,,
Calotate,1,,,
Calotrac,1,,,
Calotrate,1,,,
Calovit,1,,,
Calpep,1,,,
Calphaben,1,,,
Calplex,1,,,
Calporus,1,,,
Calpris,1,,,
Calpure,1,,,
Cariplate,1,,,
Calquick,1,,,
Calrep,1,,,
Calrich,1,,,
Calris,1,,,
Cals,1,,,
Calsew,1,,,
Calshot,1,,,
Calsims,1,,,
Calsky,1,,,
Calsmall,1,,,
Calsofit,1,,,
Calspect,1,,,
Calspike,1,,,
Calsum,1,,,
Calsus,1,,,
Calsybo,1,,,
Caltan,1,,,
Caltas,1,,,
Caltoo,1,,,
Caltrac,1,,,
Caltreat,1,,,
Calturn,1,,,
Calune,1,,,
Calutide,1,,,
Calvaro,1,,,
Calveo,1,,,
Calvikin,1,,,
Calvis,1,,,
Calvitos,1,,,
Calvivo,1,,,
Calwik,1,,,
Calxisoft,1,,,
Calxofine,1,,,
Calzito,1,,,
Calzoplus,1,,,
Cameriv,1,,,
Camipan,1,,,
Camirich,1,,,
Camirofen,1,,,
Camlo,1,,,
Campromed,1,,,
Camprosat,1,,,
Canagliflozin,1,,,
Canali,1,,,
Canazole,1,,,
Candesar,1,,,
Cangaba,1,,,
Canopan,1,,,
Canrose,1,,,
Canstop,1,,,
Canthalax,1,,,
Capagin,1,,,
Capecite,1,,,
Capegard,1,,,
Capehope,1,,,
Capeta,1,,,
Capetero,1,,,
Caphtor,1,,,
Capifla,1,,,
Capinol,1,,,
Capitab,1,,,
Capivit,1,,,
Capnat,1,,,
Capnyl,1,,,
Capout,1,,,
Cappi,1,,,
Caprilla,1,,,
Caproflex,1,,,
Capsy,1,,,
Cap,1,,,
Captar,1,,,
Captocold,1,,,
Captoflam,1,,,
Caraclear,1,,,
Caratol,1,,,
Carbofit,1,,,
Carbonic,1,,,
Carbosky,1,,,
Carbostar,1,,,
Cardelarc,1,,,
Cardimap,1,,,
Cardimol,1,,,
Cardiovit,1,,,
Cardipin,1,,,
Cardiq,1,,,
Cardmet,1,,,
Cardros,1,,,
Carevit,1,,,
Carfer,1,,,
Cargifer,1,,,
Carimax,1,,,
Caripap,1,,,
Caripapa,1,,,
Carla,1,,,
Carlifin,1,,,
Carlipride,1,,,
Carn,1,,,
Carnamin,1,,,
Carnaris,1,,,
Carne,1,,,
Carneph,1,,,
Carnevel,1,,,
Carnibloom,1,,,
Carnicure,1,,,
Carnidawn,1,,,
Carnigain,1,,,
Carniglow,1,,,
Carnigro,1,,,
Carnik,1,,,
Carnilarc,1,,,
Carnilex,1,,,
Carniliv,1,,,
Carnimax,1,,,
Carnimet,1,,,
Carnimight,1,,,
Carniora,1,,,
Carnip,1,,,
Carnipill,1,,,
Carniprime,1,,,
Carnisafe,1,,,
Carniset,1,,,
Carnisium,1,,,
Carnitab,1,,,
Carniten,1,,,
Carnitin,1,,,
Carnivit,1,,,
Carniwise,1,,,
Carnoact,1,,,
Carnoplus,1,,,
Carnovix,1,,,
Carnoz,1,,,
Carnozin,1,,,
Carq,1,,,
Carsiva,1,,,
Cartibless,1,,,
Cartibud,1,,,
Cartidale,1,,,
Cartifix,1,,,
Cartiform,1,,,
Cartigra,1,,,
Cartikwik,1,,,
Cartilgen,1,,,
Cartilite,1,,,
Cartiliv,1,,,
Cartimove,1,,,
Cartinex,1,,,
Cartioflex,1,,,
Cartiphar,1,,,
Cartipil,1,,,
Cartiraj,1,,,
Cartirise,1,,,
Cartitude,1,,,
Cartivit,1,,,
Cartizest,1,,,
Cartniwel,1,,,
Carvadil,1,,,
Carvefine,1,,,
Carvital,1,,,
Carvitop,1,,,
Carvizol,1,,,
Cary,1,,,
Caryfer,1,,,
Caryzine,1,,,
Carzid,1,,,
Carzustat,1,,,
Casicef,1,,,
Casimore,1,,,
Casodex,1,,,
Castramid,1,,,
Catapres,1,,,
Cataspa,1,,,
Catchfree,1,,,
Catchin,1,,,
Cate,1,,,
Catedix,1,,,
Catenol,1,,,
Catijet,1,,,
Cavaldi,1,,,
Caviera,1,,,
Cavilot,1,,,
Cayota,1,,,
Cazanat,1,,,
Cazit,1,,,
Cbjoint,1,,,
Cc500,1,,,
Ccbest,1,,,
Cddoz,1,,,
Cdk,1,,,
Cdp,1,,,
Cdz,1,,,
Ceaseflo,1,,,
Cebofyl,1,,,
Cebox,1,,,
Ceedox,1,,,
Ceepod,1,,,
Ceezn,1,,,
Cefablast,1,,,
Cefaglen,1,,,
Cefaguard,1,,,
Cefarynx,1,,,
Cefchamp,1,,,
Cefditran,1,,,
Cefdot,1,,,
Cefentod,1,,,
Cefetil,1,,,
Ceffixie,1,,,
Cefforen,1,,,
Cefgates,1,,,
Cefgill,1,,,
Cefheal,1,,,
Ceficod,1,,,
Ceficrat,1,,,
Cefigril,1,,,
Cefilab,1,,,
Cefime,1,,,
Cefimed,1,,,
Cefimex,1,,,
Cefimoon,1,,,
Cefine,1,,,
Cefinex,1,,,
Cefirox,1,,,
Cefisat,1,,,
Cefisul,1,,,
Cefit,1,,,
Cefitrust,1,,,
Cefiwal,1,,,
Cefixime,1,,,
Cefixm,1,,,
Cefizap,1,,,
Cefjone,1,,,
Ceflab,1,,,
Cefloc,1,,,
Cefmentin,1,,,
Cefoclav,1,,,
Cefofirst,1,,,
Cefopod,1,,,
Cefoprit,1,,,
Cefoseed,1,,,
Cefoway,1,,,
Cefoxid,1,,,
Cefozyt,1,,,
Cefpco,1,,,
Cefplex,1,,,
Cefpod,1,,,
Cefponeed,1,,,
Cefpoprime,1,,,
Cefporite,1,,,
Cefpovent,1,,,
Cefpoxim,1,,,
Cefrace,1,,,
Cefrax,1,,,
Cefrite,1,,,
Cefrotux,1,,,
Ceftigest,1,,,
Ceftop,1,,,
Cefubik,1,,,
Cefunex,1,,,
Cefunol,1,,,
Cefur,1,,,
Cefuraz,1,,,
Cefurica,1,,,
Cefuro,1,,,
Cefuroz,1,,,
Cefuter,1,,,
Cefuwill,1,,,
Cefxi,1,,,
Cekoda,1,,,
Celalog,1,,,
Celavi,1,,,
Celbizyme,1,,,
Celbone,1,,,
Celcar,1,,,
Celcoal,1,,,
Celcoline,1,,,
Celcosave,1,,,
Celefer,1,,,
Celera,1,,,
Celfast,1,,,
Celicure,1,,,
Celiron,1,,,
Celizaren,1,,,
Cell,1,,,
Cellmune,1,,,
Celong,1,,,
Celpod,1,,,
Celtra,1,,,
Celtrim,1,,,
Celvia,1,,,
Cemadol,1,,,
Centiq,1,,,
Cento,1,,,
Centripalm,1,,,
Centro,1,,,
Centrocal,1,,,
Ceofer,1,,,
Cepocyn,1,,,
Cepod,1,,,
Cepode,1,,,
Ceponid,1,,,
Cepotil,1,,,
Ceptocal,1,,,
Ceqten,1,,,
Cequrox,1,,,
Cera,1,,,
Cerazette,1,,,
Cerebolin,1,,,
Cerefeast,1,,,
Cereloid,1,,,
Ceremust,1,,,
Cerenac,1,,,
Cerenexa,1,,,
Cerenext,1,,,
Cereprime,1,,,
Cerevate,1,,,
Cerevion,1,,,
Cerlin,1,,,
Certamin,1,,,
Cervifert,1,,,
Cestel,1,,,
Cetadom,1,,,
Cetamat,1,,,
Cetaprime,1,,,
Cetchem,1,,,
Cetemed,1,,,
Cetfol,1,,,
Cetiriwyn,1,,,
Cetishape,1,,,
Cetramed,1,,,
Cetriace,1,,,
Cetricyn,1,,,
Cetriplus,1,,,
Cetrite,1,,,
Cetriwal,1,,,
Cetrizol,1,,,
Cetros,1,,,
Cetsafe,1,,,
Cevit,1,,,
Cfert,1,,,
Cfi,1,,,
Cfizzinc,1,,,
Cforce,1,,,
Cfrox,1,,,
Chandrakala,1,,,
Chandraprabha,1,,,
Change,1,,,
Char,1,,,
Cheerfol,1,,,
Chekbak,1,,,
Chekmet,1,,,
Chelon,1,,,
Chemibil,1,,,
Chemlet,1,,,
Chemobis,1,,,
Chemogef,1,,,
Chemotinib,1,,,
Cherifol,1,,,
Chetsoda,1,,,
Chirograce,1,,,
Chirolady,1,,,
Chiroset,1,,,
Chloroquine,1,,,
Chlorpheniramine,1,,,
Chlorthawyn,1,,,
Chlostin,1,,,
Cholaberry,1,,,
Cholergol,1,,,
Cholestyx,1,,,
Cholip,1,,,
Chondroflex,1,,,
Chrominac,1,,,
Chromostat,1,,,
Chronicle,1,,,
Chronocure,1,,,
Chronol,1,,,
Chymatgyl,1,,,
Chymnol,1,,,
Chymo,1,,,
Chymobriz,1,,,
Chymocad,1,,,
Chymocip,1,,,
Chymocrest,1,,,
Chymocure,1,,,
Chymoedge,1,,,
Chymofer,1,,,
Chymogold,1,,,
Chymograce,1,,,
Chymogud,1,,,
Chymoheal,1,,,
Chymokem,1,,,
Chymolab,1,,,
Chymolarc,1,,,
Chymolead,1,,,
Chymomink,1,,,
Chymonext,1,,,
Chymopan,1,,,
Chymork,1,,,
Chymosan,1,,,
Chymothal,1,,,
Chymothrol,1,,,
Chymotis,1,,,
Chymotrin,1,,,
Chymotrip,1,,,
Chymotrol,1,,,
Chymovag,1,,,
Chymovel,1,,,
Chymowal,1,,,
Chymowill,1,,,
Chymowin,1,,,
Chymowok,1,,,
Chymutrip,1,,,
Chynact,1,,,
Chytromac,1,,,
Cibis,1,,,
Cidazole,1,,,
Cididap,1,,,
Cieocal,1,,,
Cieogest,1,,,
Cifest,1,,,
Cifexin,1,,,
Cifiaan,1,,,
Ciflon,1,,,
Cifratab,1,,,
Cignis,1,,,
Cilacard,1,,,
Cilafix,1,,,
Cilarb,1,,,
Cilario,1,,,
Cilasure,1,,,
Cilatime,1,,,
Cilax,1,,,
Cilbact,1,,,
Cilcent,1,,,
Cilco,1,,,
Cilcontrol,1,,,
Cilfit,1,,,
Cilforth,1,,,
Cilglen,1,,,
Cilian,1,,,
Cilidep,1,,,
Cilidity,1,,,
Cilimed,1,,,
Cilininova,1,,,
Ciliri,1,,,
Ciljoy,1,,,
Cilmira,1,,,
Cilnate,1,,,
Cilnet,1,,,
Cilnibid,1,,,
Cilniblock,1,,,
Cilnicaid,1,,,
Cilnicred,1,,,
Cilnifab,1,,,
Cilnifix,1,,,
Cilnihil,1,,,
Cilnilot,1,,,
Cilnimak,1,,,
Cilnimit,1,,,
Cilnineo,1,,,
Cilnisafe,1,,,
Cilnitrol,1,,,
Cilniviti,1,,,
Cilnyfame,1,,,
Cilnytech,1,,,
Cilochem,1,,,
Cilock,1,,,
Cilogard,1,,,
Cilolet,1,,,
Cilonol,1,,,
Cilowalk,1,,,
Cilrest,1,,,
Ciltor,1,,,
Cilzen,1,,,
Cilzo,1,,,
Cimcar,1,,,
Cin,1,,,
Cinacet,1,,,
Cinadew,1,,,
Cinafree,1,,,
Cinapar,1,,,
Cinapath,1,,,
Cinarate,1,,,
Cinatab,1,,,
Cinaz,1,,,
Cinazac,1,,,
Cinez,1,,,
Cinjoy,1,,,
Cinkona,1,,,
Cintaflux,1,,,
Cintamore,1,,,
Cintapin,1,,,
Cintpride,1,,,
Cipdapla,1,,,
Cipexflo,1,,,
Ciphonic,1,,,
Ciprex,1,,,
Ciprite,1,,,
Cipro,1,,,
Ciproloc,1,,,
Ciprozol,1,,,
Cireta,1,,,
Ciron,1,,,
Cirrosam,1,,,
Cis,1,,,
Cisabone,1,,,
Cisartan,1,,,
Cisbone,1,,,
Ciscal,1,,,
Ciscalvit,1,,,
Cischeck,1,,,
Ciscora,1,,,
Cisofix,1,,,
Cisplus,1,,,
Cisqvel,1,,,
Cisscart,1,,,
Cissdol,1,,,
Cissforte,1,,,
Cissgem,1,,,
Cisskind,1,,,
Cisslaris,1,,,
Cissrap,1,,,
Cissray,1,,,
Cissugen,1,,,
Citadol,1,,,
Citanew,1,,,
Citapam,1,,,
Citara,1,,,
Citaten,1,,,
Citephi,1,,,
Citibrisk,1,,,
Citibrit,1,,,
Citicad,1,,,
Citicoan,1,,,
Citicon,1,,,
Citicus,1,,,
Citiflam,1,,,
Citigrey,1,,,
Citiguard,1,,,
Citimet,1,,,
Citinerve,1,,,
Citinip,1,,,
Citinoct,1,,,
Citinol,1,,,
Citinova,1,,,
Citisan,1,,,
Citisave,1,,,
Citisoline,1,,,
Citiswift,1,,,
Citiwell,1,,,
Citizac,1,,,
Citizol,1,,,
Citofast,1,,,
Citopam,1,,,
Citopride,1,,,
Citosign,1,,,
Citraphos,1,,,
Citrifiz,1,,,
Citrium,1,,,
Citrocium,1,,,
Citroking,1,,,
Cizipam,1,,,
Ckd,1,,,
Ckdlog,1,,,
Clacix,1,,,
Cladoxim,1,,,
Clamchek,1,,,
Clamopen,1,,,
Clamopod,1,,,
Clarbiotic,1,,,
Claridin,1,,,
Clarifod,1,,,
Clarimin,1,,,
Clarithor,1,,,
Clarivib,1,,,
Clarofer,1,,,
Clarolide,1,,,
Clasovas,1,,,
Clavace,1,,,
Clavcrest,1,,,
Claventia,1,,,
Clavicef,1,,,
Clavituf,1,,,
Clavoxone,1,,,
Clavpod,1,,,
Clavullin,1,,,
Claxbon,1,,,
Clearcyst,1,,,
Clearmont,1,,,
Clid,1,,,
Climox,1,,,
Clidinorm,1,,,
Clinaxon,1,,,
Clinifix,1,,,
Clinilet,1,,,
Clinione,1,,,
Clint,1,,,
Clintal,1,,,
Clobanig,1,,,
Clobest,1,,,
Clobin,1,,,
Clobis,1,,,
Clocit,1,,,
Cloclinda,1,,,
Clodux,1,,,
Cloease,1,,,
Clof,1,,,
Clofen,1,,,
Clofirst,1,,,
Clofre,1,,,
Clofree,1,,,
Clofur,1,,,
Clokeran,1,,,
Clomidep,1,,,
Clomiford,1,,,
Clomin,1,,,
Clomiplant,1,,,
Clomipolis,1,,,
Clonac,1,,,
Clonamelt,1,,,
Clonamit,1,,,
Clonar,1,,,
Clonarestil,1,,,
Clonaz,1,,,
Clone,1,,,
Cloners,1,,,
Clonerv,1,,,
Clonetic,1,,,
Clonithem,1,,,
Clonivan,1,,,
Clonojoy,1,,,
Clonopam,1,,,
Clonopax,1,,,
Clonosan,1,,,
Clopiba,1,,,
Clopicare,1,,,
Clopicor,1,,,
Clopigrel,1,,,
Clopihenz,1,,,
Clopilife,1,,,
Clopinac,1,,,
Clopinorm,1,,,
Clopipil,1,,,
Clopirad,1,,,
Clopis,1,,,
Clopiser,1,,,
Clopitru,1,,,
Clopizest,1,,,
Clopod,1,,,
Clopvel,1,,,
Clopvin,1,,,
Cloridone,1,,,
Clovimet,1,,,
Cloviplat,1,,,
Cloz,1,,,
Clozabest,1,,,
Clozina,1,,,
Clupvito,1,,,
Clyara,1,,,
Clynox,1,,,
Cmvcel,1,,,
Cmvir,1,,,
Cmvigone,1,,,
Cncal,1,,,
Cncalm,1,,,
Cnf,1,,,
Cnpaxet,1,,,
Cnpraz,1,,,
Cnsert,1,,,
Cnz,1,,,
Coamoxy,1,,,
Cobacer,1,,,
Cobalus,1,,,
Cobalvit,1,,,
Cobard,1,,,
Cobavion,1,,,
Cobavit,1,,,
Cobawyn,1,,,
Coboflin,1,,,
Cobuilt,1,,,
Codaxyl,1,,,
Codeine,1,,,
Codroxil,1,,,
Coen,1,,,
Coenac,1,,,
Cofex,1,,,
Coffresh,1,,,
Cofftab,1,,,
Cofovit,1,,,
Cogcam,1,,,
Cogeten,1,,,
Cogniheal,1,,,
Cognione,1,,,
Cogniprime,1,,,
Cognitab,1,,,
Cognitol,1,,,
Cognizure,1,,,
Coin,1,,,
Cokart,1,,,
Colarun,1,,,
Colba,1,,,
Coldaid,1,,,
Coldking,1,,,
Coldroz,1,,,
Coldwin,1,,,
Coligon,1,,,
Coligrip,1,,,
Colirid,1,,,
Coliwin,1,,,
Collabon,1,,,
Collabrics,1,,,
Collacel,1,,,
Collaceum,1,,,
Collacox,1,,,
Collacure,1,,,
Collaking,1,,,
Collamat,1,,,
Collanative,1,,,
Collanz,1,,,
Collapress,1,,,
Collaret,1,,,
Collarich,1,,,
Collarosa,1,,,
Collashell,1,,,
Collashield,1,,,
Collasure,1,,,
Collatrack,1,,,
Collavit,1,,,
Collaxan,1,,,
Collazone,1,,,
Collazox,1,,,
Collglu,1,,,
Colnivest,1,,,
Colnu,1,,,
Colopax,1,,,
Colorifax,1,,,
Colour,1,,,
Colsprin,1,,,
Colsun,1,,,
Colvac,1,,,
Combex,1,,,
Combibest,1,,,
Combifrnd,1,,,
Combinib,1,,,
Combipain,1,,,
Combirich,1,,,
Combisaf,1,,,
Combit,1,,,
Combizole,1,,,
Combunex,1,,,
Comnax,1,,,
Compivit,1,,,
Complibac,1,,,
Complinine,1,,,
Compod,1,,,
Comtrix,1,,,
Comyelin,1,,,
Comzid,1,,,
Concado,1,,,
Conception,1,,,
Conciron,1,,,
Concize,1,,,
Concrete,1,,,
Confido,1,,,
Congestyls,1,,,
Conicef,1,,,
Conilevo,1,,,
Conilide,1,,,
Conivert,1,,,
Conjugase,1,,,
Conlar,1,,,
Contipress,1,,,
Converten,1,,,
Convidex,1,,,
Coolcad,1,,,
Cope,1,,,
Copepone,1,,,
Copetab,1,,,
Copwell,1,,,
Coqdrive,1,,,
Coqmore,1,,,
Coqnex,1,,,
Coqsure,1,,,
Coramox,1,,,
Corate,1,,,
Corazel,1,,,
Corbet,1,,,
Corcort,1,,,
Coregaba,1,,,
Corflo,1,,,
Coristat,1,,,
Corixo,1,,,
Cornirite,1,,,
Cortalarc,1,,,
Cortex,1,,,
Cortiflaz,1,,,
Cortil,1,,,
Cortiment,1,,,
Cortirowa,1,,,
Cortisal,1,,,
Cortisure,1,,,
Cosacol,1,,,
Cosala,1,,,
Cositra,1,,,
Cospas,1,,,
Cotia,1,,,
Cotlin,1,,,
Cotrimoxazole,1,,,
Cotum,1,,,
Coughmate,1,,,
Covamlo,1,,,
Covinus,1,,,
Cowcium,1,,,
Coxbil,1,,,
Coxdom,1,,,
Coxibvel,1,,,
Coxipod,1,,,
Coxitero,1,,,
Coxser,1,,,
Cozy,1,,,
Cozyme,1,,,
Cozyrich,1,,,
Cpl,1,,,
Cqual,1,,,
Craftocal,1,,,
Cramose,1,,,
Crampnil,1,,,
Crampnor,1,,,
Crampof,1,,,
Crampoxid,1,,,
Cramram,1,,,
Cramzero,1,,,
Cranbazy,1,,,
Cranfit,1,,,
Crangen,1,,,
Cranmura,1,,,
Crann,1,,,
Cransum,1,,,
Cransure,1,,,
Crantor,1,,,
Cranzem,1,,,
Credidapa,1,,,
Crematab,1,,,
Creolip,1,,,
Cresvit,1,,,
Cret,1,,,
Crez,1,,,
Crintam,1,,,
Crislon,1,,,
Crispa,1,,,
Crispamax,1,,,
Critizyme,1,,,
Crocimax,1,,,
Crogerd,1,,,
Cromecal,1,,,
Cronivir,1,,,
Crotanol,1,,,
Crovet,1,,,
Corinal,1,,,
Ctqt,1,,,
Cuben,1,,,
Cubocal,1,,,
Cuciti,1,,,
Cuflox,1,,,
Cuf,1,,,
Cugine,1,,,
Cumag,1,,,
Cuprega,1,,,
Curax,1,,,
Curcu,1,,,
Curcurays,1,,,
Curcuzit,1,,,
Curecold,1,,,
Curesone,1,,,
Curetel,1,,,
Curevy,1,,,
Curezide,1,,,
Curfinal,1,,,
Curglim,1,,,
Curime,1,,,
Curlzfin,1,,,
Curlzmin,1,,,
Curlzvit,1,,,
Curoflam,1,,,
Curolite,1,,,
Curovit,1,,,
Curqmint,1,,,
Curvana,1,,,
Cusena,1,,,
Cutein,1,,,
Cutifex,1,,,
Cutinerv,1,,,
Cutivit,1,,,
Cutomer,1,,,
Cytofulvin,1,,,
Cuzapine,1,,,
Cvcit,1,,,
Cvogrel,1,,,
Cx,1,,,
Cycloben,1,,,
Cyclofen,1,,,
Cyclofit,1,,,
Cyclomax,1,,,
Cyclomeff,1,,,
Cyclomine,1,,,
Cyclotreat,1,,,
Cyclowar,1,,,
Cymgal,1,,,
Cymox,1,,,
Cynap,1,,,
Cynical,1,,,
Cynovita,1,,,
Cyproheptadine,1,,,
Cypronik,1,,,
Cyratora,1,,,
Cyst,1,,,
Cysta,1,,,
Cystofill,1,,,
Cystolib,1,,,
Cystova,1,,,
Cytocon,1,,,
Cytoflu,1,,,
Cytogaba,1,,,
Cytohom,1,,,
Cytomid,1,,,
D1000cal,1,,,
Dabacin,1,,,
Dacser,1,,,
Dadall,1,,,
Dagiran,1,,,
Daglipack,1,,,
Dagoz,1,,,
Daibimet,1,,,
Dailyfit,1,,,
Dailyfol,1,,,
Dalet,1,,,
Dalrich,1,,,
Dalstep,1,,,
Dalus,1,,,
Damir,1,,,
Damoxy,1,,,
Danavir,1,,,
Danexq,1,,,
Dapaarc,1,,,
Dapaband,1,,,
Dapaberry,1,,,
Dapabery,1,,,
Dapaco,1,,,
Dapactz,1,,,
Dapadez,1,,,
Dapadot,1,,,
Dapafone,1,,,
Dapafor,1,,,
Dapaforce,1,,,
Dapagard,1,,,
Dapagem,1,,,
Dapaglar,1,,,
Dapaglor,1,,,
Dapaglyford,1,,,
Dapagreat,1,,,
Dapahood,1,,,
Dapajaz,1,,,
Dapajen,1,,,
Dapakey,1,,,
Dapalar,1,,,
Dapalet,1,,,
Dapalive,1,,,
Dapamerus,1,,,
Dapamix,1,,,
Dapamont,1,,,
Dapanid,1,,,
Dapanist,1,,,
Dapanta,1,,,
Daparace,1,,,
Dapares,1,,,
Daparide,1,,,
Daparise,1,,,
Dapasig,1,,,
Dapasky,1,,,
Dapasmart,1,,,
Dapasmile,1,,,
Dapasol,1,,,
Dapasug,1,,,
Dapatek,1,,,
Dapates,1,,,
Dapathanq,1,,,
Dapatos,1,,,
Dapauz,1,,,
Dapawick,1,,,
Dapazia,1,,,
Dapcea,1,,,
Dapfloz,1,,,
Dapflozin,1,,,
Dapglidot,1,,,
Dapilzone,1,,,
Dapiza,1,,,
Dapoace,1,,,
Dapoxyog,1,,,
Dapsiga,1,,,
Dapsone,1,,,
Daptach,1,,,
Daptrox,1,,,
Dapvel,1,,,
Dapzar,1,,,
Dapzigard,1,,,
Daramin,1,,,
Dard,1,,,
Dardnil,1,,,
Dari,1,,,
Darif,1,,,
Darvelon,1,,,
Dasanat,1,,,
Dasatrue,1,,,
Daslemia,1,,,
Daw,1,,,
Dawafer,1,,,
Daxispas,1,,,
Daydase,1,,,
Dayglim,1,,,
Dazloxin,1,,,
Dazmig,1,,,
Dazolic,1,,,
Dazonice,1,,,
Dazowyn,1,,,
Dberry,1,,,
Dcgm,1,,,
Ddd,1,,,
Deal,1,,,
Dear,1,,,
Debifall,1,,,
Debiglip,1,,,
Dec,1,,,
Decal,1,,,
Decalwyn,1,,,
Decdak,1,,,
Decerin,1,,,
Decical,1,,,
Decmeth,1,,,
Decose,1,,,
Dedep,1,,,
Deegest,1,,,
Deemol,1,,,
Deereg,1,,,
Deespot,1,,,
Deevit,1,,,
Defabig,1,,,
Defac,1,,,
Defcicot,1,,,
Defclav,1,,,
Defcolarc,1,,,
Defcolyx,1,,,
Defcon,1,,,
Defcya,1,,,
Defder,1,,,
Defdoxy,1,,,
Deferri,1,,,
Deficort,1,,,
Defimek,1,,,
Defiox,1,,,
Defiz,1,,,
Defla,1,,,
Deflabless,1,,,
Deflac,1,,,
Deflachek,1,,,
Deflaford,1,,,
Deflagard,1,,,
Deflakrit,1,,,
Deflamax,1,,,
Deflapin,1,,,
Deflaquin,1,,,
Deflaroid,1,,,
Deflasan,1,,,
Deflatis,1,,,
Deflawel,1,,,
Deflawok,1,,,
Deflax,1,,,
Deflet,1,,,
Deflisto,1,,,
Deflocan,1,,,
Deflopride,1,,,
Deflox,1,,,
Defloza,1,,,
Defocad,1,,,
Defort,1,,,
Defresh,1,,,
Defshield,1,,,
Defstar,1,,,
Defsure,1,,,
Deftax,1,,,
Defutin,1,,,
Degout,1,,,
Dehshuddi,1,,,
Dekast,1,,,
Delage,1,,,
Delanata,1,,,
Delcal,1,,,
Delcor,1,,,
Delcovit,1,,,
Delcynise,1,,,
Deleuk,1,,,
Delexit,1,,,
Delfenac,1,,,
Delfocort,1,,,
Delfor,1,,,
Delocef,1,,,
Delpizin,1,,,
Delquad,1,,,
Delsy,1,,,
Deltaserv,1,,,
Delzart,1,,,
Delzy,1,,,
Demens,1,,,
Dementab,1,,,
Demisone,1,,,
Demo,1,,,
Demount,1,,,
Dencal,1,,,
Denlafax,1,,,
Denopsy,1,,,
Densibone,1,,,
Densive,1,,,
Densy,1,,,
Dentaforce,1,,,
Dentimox,1,,,
Denzperz,1,,,
Denzyme,1,,,
Deost,1,,,
Depanol,1,,,
Depinor,1,,,
Depisal,1,,,
Depof,1,,,
Depsotranc,1,,,
Deptalo,1,,,
Deptivate,1,,,
Deptune,1,,,
Depuracal,1,,,
Deriphylarc,1,,,
Deritas,1,,,
Desacort,1,,,
Desalert,1,,,
Desatax,1,,,
Descon,1,,,
Desdrive,1,,,
Desflovin,1,,,
Desifer,1,,,
Deskast,1,,,
Deslafan,1,,,
Deslaps,1,,,
Deslaw,1,,,
Deslophin,1,,,
Deslor,1,,,
Deslot,1,,,
Desmonde,1,,,
Desmont,1,,,
Desnip,1,,,
Desobit,1,,,
Desoran,1,,,
Despas,1,,,
Destrogen,1,,,
Desvelarc,1,,,
Detelma,1,,,
Dewfit,1,,,
Dewforce,1,,,
Deworm,1,,,
Dewphyline,1,,,
Dewroxim,1,,,
Dewset,1,,,
Dexacal,1,,,
Dexahim,1,,,
Dexajox,1,,,
Dexbutrin,1,,,
Dexcpm,1,,,
Dexocal,1,,,
Dexodil,1,,,
Dexon,1,,,
Dexpolo,1,,,
Dezacort,1,,,
Dezil,1,,,
Dezivein,1,,,
Dezocort,1,,,
Dezoflav,1,,,
Dfrag,1,,,
Dfriz,1,,,
Dfz,1,,,
Dg,1,,,
Dgm,1,,,
Dgtri,1,,,
Dhea,1,,,
Dhoop,1,,,
Dhupcal,1,,,
Diaamond,1,,,
Diaben,1,,,
Diabetovit,1,,,
Diabowell,1,,,
Diacalm,1,,,
Diacewal,1,,,
Diaclamide,1,,,
Diacosun,1,,,
Diahexa,1,,,
Dialia,1,,,
Diamth,1,,,
Diamyelin,1,,,
Diane,1,,,
Diapal,1,,,
Diapar,1,,,
Diapentin,1,,,
Diapps,1,,,
Diapro,1,,,
Diarin,1,,,
Diarthritis,1,,,
Diasax,1,,,
Diatal,1,,,
Diaten,1,,,
Diatoglim,1,,,
Diatus,1,,,
Diazerem,1,,,
Dibotab,1,,,
Dic,1,,,
Dical,1,,,
Dicalciplex,1,,,
Dicalis,1,,,
Dichrome,1,,,
Diclobless,1,,,
Diclone,1,,,
Diclopin,1,,,
Dicloplus,1,,,
Diclorite,1,,,
Diclotech,1,,,
Diclott,1,,,
Dicloveron,1,,,
Diclovik,1,,,
Dicoliv,1,,,
Dienille,1,,,
Dieno,1,,,
Dienofem,1,,,
Dienonorm,1,,,
Dienowyn,1,,,
Diever,1,,,
Diffuzyme,1,,,
Digemax,1,,,
Digepill,1,,,
Digiam,1,,,
Digioxin,1,,,
Digipil,1,,,
Digon,1,,,
Digover,1,,,
Dilakormed,1,,,
Dilakorwyn,1,,,
Dilglee,1,,,
Dilminox,1,,,
Dilon,1,,,
Dilotext,1,,,
Dilpride,1,,,
Dilsave,1,,,
Dilse,1,,,
Diltanol,1,,,
Dimnim,1,,,
Dimstin,1,,,
Dincerin,1,,,
Dinofirst,1,,,
Dinogest,1,,,
Dinomac,1,,,
Dinrest,1,,,
Dio,1,,,
Diocerin,1,,,
Dioflox,1,,,
Dione,1,,,
Dior,1,,,
Diorob,1,,,
Diosis,1,,,
Dipane,1,,,
Dipcil,1,,,
Dipibloc,1,,,
Dipincil,1,,,
Dipinex,1,,,
Dipodem,1,,,
Diprox,1,,,
Diptocal,1,,,
Diptogold,1,,,
Discard,1,,,
Disencher,1,,,
Diser,1,,,
Disket,1,,,
Diso,1,,,
Disocal,1,,,
Dispar,1,,,
Distamine,1,,,
Distand,1,,,
Distinon,1,,,
Distoside,1,,,
Disulfiram,1,,,
Ditide,1,,,
Divafol,1,,,
Divalcare,1,,,
Divalcure,1,,,
Divalin,1,,,
Divalneuro,1,,,
Divalrx,1,,,
Divaprime,1,,,
Divarus,1,,,
Divasan,1,,,
Divasol,1,,,
Divatab,1,,,
Divatrone,1,,,
Divercal,1,,,
Divert,1,,,
Divret,1,,,
Dizeazy,1,,,
Dizikind,1,,,
Diziliv,1,,,
Dizino,1,,,
Dizinorm,1,,,
Diziout,1,,,
Dizisan,1,,,
Dizitac,1,,,
Diziwon,1,,,
Dizone,1,,,
Dmr,1,,,
Dn,1,,,
Doclac,1,,,
Doconac,1,,,
Docser,1,,,
Dofasma,1,,,
Dofax,1,,,
Dofosma,1,,,
Dofrados,1,,,
Dolamide,1,,,
Dolcera,1,,,
Dolide,1,,,
Dolmef,1,,,
Dolmundin,1,,,
Dolobak,1,,,
Dolochek,1,,,
Dolocide,1,,,
Dolocrat,1,,,
Dolojust,1,,,
Dolonat,1,,,
Dolonik,1,,,
Dolosafe,1,,,
Dolosaid,1,,,
Dolospan,1,,,
Dolotryp,1,,,
Dolozox,1,,,
Dolpol,1,,,
Dolroxi,1,,,
Dolzero,1,,,
Domel,1,,,
Domiron,1,,,
Domitin,1,,,
Domnil,1,,,
Dompar,1,,,
Domperi,1,,,
Domrite,1,,,
Domynap,1,,,
Donepemed,1,,,
Donepewyn,1,,,
Donjon,1,,,
Donyx,1,,,
Dopabid,1,,,
Dopadon,1,,,
Dopakit,1,,,
Dopy,1,,,
Doran,1,,,
Dorfree,1,,,
Dorjoint,1,,,
Dor,1,,,
Dorutil,1,,,
Dosmin,1,,,
Dostiheal,1,,,
Dosuvance,1,,,
Dotclop,1,,,
Dotra,1,,,
Dotzide,1,,,
Doxat,1,,,
Doxate,1,,,
Doxedep,1,,,
Doxepin,1,,,
Doxilanol,1,,,
Doxilyft,1,,,
Doxime,1,,,
Doxinarc,1,,,
Doxisan,1,,,
Doxiset,1,,,
Doxivent,1,,,
Doxiza,1,,,
Doxobid,1,,,
Doxobrex,1,,,
Doxocare,1,,,
Doxocip,1,,,
Doxofen,1,,,
Doxofil,1,,,
Doxoford,1,,,
Doxogren,1,,,
Doxolite,1,,,
Doxomas,1,,,
Doxosal,1,,,
Doxozet,1,,,
Doxphymed,1,,,
Doxvi,1,,,
Doxycare,1,,,
Doxyfly,1,,,
Doxyhem,1,,,
Doxyven,1,,,
Dozt,1,,,
Dpcil,1,,,
Dpcm,1,,,
Dpglip,1,,,
Draminate,1,,,
Dremas,1,,,
Drinela,1,,,
Drofem,1,,,
Drolgan,1,,,
Drolute,1,,,
Dromac,1,,,
Drosbet,1,,,
Drospert,1,,,
Drostrel,1,,,
Drotader,1,,,
Drotaflow,1,,,
Drotamin,1,,,
Drotanamic,1,,,
Drotavis,1,,,
Drotol,1,,,
Drotract,1,,,
Dro,1,,,
Drovana,1,,,
Drovera,1,,,
Droxit,1,,,
Drupcal,1,,,
Dsolve,1,,,
Dsorolen,1,,,
Dsp,1,,,
Dsx,1,,,
Dtake,1,,,
Dtelma,1,,,
Dtl,1,,,
Dual,1,,,
Dub,1,,,
Dubiz,1,,,
Dubnil,1,,,
Ducodyl,1,,,
Ducorelax,1,,,
Dufafem,1,,,
Dufoi,1,,,
Dufree,1,,,
Dugalin,1,,,
Dugo,1,,,
Dujoint,1,,,
Duladay,1,,,
Dulaxus,1,,,
Dulcowyn,1,,,
Dulfre,1,,,
Duloba,1,,,
Dulogreat,1,,,
Dulogud,1,,,
Dulopeace,1,,,
Dulotek,1,,,
Dulotex,1,,,
Duloxium,1,,,
Duman,1,,,
Dumel,1,,,
Duoair,1,,,
Duocover,1,,,
Duodil,1,,,
Duofaze,1,,,
Duofen,1,,,
Duoluton,1,,,
Duomet,1,,,
Duonex,1,,,
Duopep,1,,,
Duphacrit,1,,,
Duphill,1,,,
Duracard,1,,,
Duralast,1,,,
Duralyn,1,,,
Duramp,1,,,
Durandil,1,,,
Duranzo,1,,,
Durapain,1,,,
Duraplus,1,,,
Durataf,1,,,
Durite,1,,,
Duron,1,,,
Dutacet,1,,,
Dutaday,1,,,
Dutajoy,1,,,
Dutalfa,1,,,
Dutalosin,1,,,
Dutamsin,1,,,
Dutandro,1,,,
Dutanu,1,,,
Dutaone,1,,,
Dutawin,1,,,
Dutawon,1,,,
Dute,1,,,
Dutex,1,,,
Dutrust,1,,,
Duxil,1,,,
Dvb12,1,,,
Dvrin,1,,,
Dvx,1,,,
Dx,1,,,
Dyadip,1,,,
Dybogen,1,,,
Dycipar,1,,,
Dycotiam,1,,,
Dyd,1,,,
Dydrial,1,,,
Dydroeco,1,,,
Dydrolady,1,,,
Dydrolast,1,,,
Dydromate,1,,,
Dydroprime,1,,,
Dydroqual,1,,,
Dydrotab,1,,,
Dydrotreat,1,,,
Dydrotroy,1,,,
Dydrowise,1,,,
Dylomol,1,,,
Dymont,1,,,
Dynacid,1,,,
Dynamac,1,,,
Dynapride,1,,,
Dynergy,1,,,
Dynerve,1,,,
Dynocal,1,,,
Dynolap,1,,,
Dynor,1,,,
Dynositol,1,,,
Dynulta,1,,,
Dyrect,1,,,
Dyrofert,1,,,
Dyronib,1,,,
Dysfur,1,,,
Dyskinil,1,,,
Dyslip,1,,,
Dysmegesic,1,,,
Dysmen,1,,,
Dystone,1,,,
Easopid,1,,,
Easynac,1,,,
Eb,1,,,
Ebamont,1,,,
Ebanorm,1,,,
Ebaphar,1,,,
Ebazen,1,,,
Ebexid,1,,,
Ebility,1,,,
Ebirax,1,,,
Ebixa,1,,,
Ebrium,1,,,
Ecef,1,,,
Ecentopam,1,,,
Ecilop,1,,,
Ecinof,1,,,
Ecitane,1,,,
Ecium,1,,,
Eclonac,1,,,
Ecm,1,,,
Ecobact,1,,,
Ecobone,1,,,
Ecocool,1,,,
Ecodip,1,,,
Ecokast,1,,,
Econex,1,,,
Ecoprin,1,,,
Ecoswyn,1,,,
Ecotril,1,,,
Ecovog,1,,,
Ecozyme,1,,,
Eddzaar,1,,,
Edegra,1,,,
Edgiron,1,,,
Ediflam,1,,,
Edl,1,,,
Edox,1,,,
Edzire,1,,,
Eezcal,1,,,
Eezfer,1,,,
Efavir,1,,,
Efelobe,1,,,
Efetil,1,,,
Efetrips,1,,,
Effenac,1,,,
Effervit,1,,,
Eficent,1,,,
Efigraine,1,,,
Eforce,1,,,
Efvc,1,,,
Efzu,1,,,
Egaglow,1,,,
Egcel,1,,,
Eggtorr,1,,,
Ehata,1,,,
Eisen,1,,,
Ekmont,1,,,
Elacor,1,,,
Elafil,1,,,
Elagohenz,1,,,
Elastros,1,,,
Elata,1,,,
Elbicip,1,,,
Elbose,1,,,
Elacal,1,,,
Elcafort,1,,,
Elcomin,1,,,
Elcyderm,1,,,
Eldamet,1,,,
Eldatin,1,,,
Eldatine,1,,,
Eldaz,1,,,
Eldeflox,1,,,
Eldeom,1,,,
Eldicet,1,,,
Eldofer,1,,,
Eldohem,1,,,
Ele,1,,,
Elect,1,,,
Electglim,1,,,
Elefol,1,,,
Elestra,1,,,
Elflocin,1,,,
Elfolin,1,,,
Elina,1,,,
Elinal,1,,,
Eliodol,1,,,
Elion,1,,,
Elitecef,1,,,
Elitek,1,,,
Elitel,1,,,
Elitox,1,,,
Elkar,1,,,
Ellervil,1,,,
Elmrich,1,,,
Elnerv,1,,,
Elobetra,1,,,
Elogen,1,,,
Elokic,1,,,
Elpara,1,,,
Elpress,1,,,
Elprocal,1,,,
Elredin,1,,,
Elrich,1,,,
Elros,1,,,
Elsartan,1,,,
Eltel,1,,,
Eltrog,1,,,
Eltropag,1,,,
Elu,1,,,
Elven,1,,,
Elviglip,1,,,
Elviza,1,,,
Emaxgalin,1,,,
Embia,1,,,
Emcast,1,,,
Emcovit,1,,,
Emdip,1,,,
Eme,1,,,
Emer,1,,,
Emeron,1,,,
Emersa,1,,,
Emestat,1,,,
Emetilwyn,1,,,
Emfex,1,,,
Emflam,1,,,
Emgard,1,,,
Emglifozin,1,,,
Emgra,1,,,
Emicort,1,,,
Emidas,1,,,
Emikind,1,,,
Emitag,1,,,
Emjoint,1,,,
Emkast,1,,,
Emlol,1,,,
Emlukast,1,,,
Emlyco,1,,,
Empa,1,,,
Empact,1,,,
Empadome,1,,,
Empadon,1,,,
Empaliptin,1,,,
Empapep,1,,,
Empario,1,,,
Empasafe,1,,,
Empasheath,1,,,
Empaverse,1,,,
Emtaf,1,,,
Emtri,1,,,
Emuna,1,,,
Emune,1,,,
Encar,1,,,
Encardil,1,,,
Encede,1,,,
Encircle,1,,,
Encitil,1,,,
Encure,1,,,
Endival,1,,,
Endobreak,1,,,
Endofine,1,,,
Endoheal,1,,,
Endonorm,1,,,
Endoreg,1,,,
Endosis,1,,,
Endothik,1,,,
Endovidon,1,,,
Enerc,1,,,
Enerzosh,1,,,
Engeza,1,,,
Englimet,1,,,
Engmada,1,,,
Enhanta,1,,,
Enhemo,1,,,
Enlipase,1,,,
Enpharine,1,,,
Enphene,1,,,
Enret,1,,,
Enrical,1,,,
Ensudrox,1,,,
Entaguard,1,,,
Entaliv,1,,,
Entasafe,1,,,
Enteca,1,,,
Enteroquinol,1,,,
Enthioflox,1,,,
Enthusia,1,,,
Entivon,1,,,
Entof,1,,,
Entogesic,1,,,
Entriase,1,,,
Entrochlor,1,,,
Entrozyme,1,,,
Envisa,1,,,
Envofix,1,,,
Enzesta,1,,,
Enzionac,1,,,
Enzocyte,1,,,
Enzodec,1,,,
Enzogain,1,,,
Enzomoov,1,,,
Enzorux,1,,,
Enzoset,1,,,
Enzotop,1,,,
Enzotret,1,,,
Enzovib,1,,,
Enzymall,1,,,
Enzymo,1,,,
Eofil,1,,,
Eoptal,1,,,
Epalong,1,,,
Epalrey,1,,,
Epalrica,1,,,
Epalridase,1,,,
Eparel,1,,,
Epeltis,1,,,
Epiad,1,,,
Epicent,1,,,
Epictal,1,,,
Epiglow,1,,,
Epikey,1,,,
Epiletra,1,,,
Epimute,1,,,
Epipower,1,,,
Episod,1,,,
Epitop,1,,,
Eplewyn,1,,,
Eplerite,1,,,
Eplimark,1,,,
Epnil,1,,,
Epry,1,,,
Epsinil,1,,,
Epsod,1,,,
Epsotal,1,,,
Epsoval,1,,,
Eqoq,1,,,
Equidol,1,,,
Equiflex,1,,,
Equilibrium,1,,,
Equilite,1,,,
Equirex,1,,,
Equitrix,1,,,
Equivert,1,,,
Equtrixx,1,,,
Er,1,,,
Eracal,1,,,
Eraflex,1,,,
Erasitol,1,,,
Erbinox,1,,,
Ereva,1,,,
Erganz,1,,,
Ergoflo,1,,,
Ergostat,1,,,
Eri,1,,,
Eripen,1,,,
Erlenerve,1,,,
Erleplex,1,,,
Erlot,1,,,
Erlotero,1,,,
Erogrel,1,,,
Erophylline,1,,,
Erovia,1,,,
Eroxid,1,,,
Ertizole,1,,,
Ervical,1,,,
Eryxia,1,,,
Esamlovin,1,,,
Esben,1,,,
Escalate,1,,,
Escam,1,,,
Escilax,1,,,
Escirite,1,,,
Esclomed,1,,,
Esclona,1,,,
Escsta,1,,,
Esfen,1,,,
Esihans,1,,,
Esipam,1,,,
Esitopa,1,,,
Esizen,1,,,
Esketo,1,,,
Esmind,1,,,
Esmizar,1,,,
Esmomed,1,,,
Esmonova,1,,,
Esmox,1,,,
Esocleve,1,,,
Esogle,1,,,
Esomeez,1,,,
Esomeg,1,,,
Esomerite,1,,,
Esomust,1,,,
Esonap,1,,,
Esontia,1,,,
Esorez,1,,,
Esosteo,1,,,
Esoway,1,,,
Esp,1,,,
Esperal,1,,,
Espicalm,1,,,
Ess,1,,,
Essen,1,,,
Essfol,1,,,
Ession,1,,,
Estadiol,1,,,
Estagain,1,,,
Estova,1,,,
Estovera,1,,,
Estracal,1,,,
Estradial,1,,,
Estradine,1,,,
Estrafer,1,,,
Estragest,1,,,
Estragood,1,,,
Estrahenz,1,,,
Estralet,1,,,
Estrasure,1,,,
Estrawyn,1,,,
Estro,1,,,
Estroease,1,,,
Estroplus,1,,,
Esurance,1,,,
Etazyme,1,,,
Etcom,1,,,
Eterage,1,,,
Eterna,1,,,
Etex,1,,,
Etformin,1,,,
Ethide,1,,,
Ethidros,1,,,
Ethione,1,,,
Ethizine,1,,,
Etholix,1,,,
Ethomid,1,,,
Eti,1,,,
Etibliss,1,,,
Eticort,1,,,
Eticox,1,,,
Etilof,1,,,
Etimark,1,,,
Etiprin,1,,,
Etirest,1,,,
Etisafe,1,,,
Etix,1,,,
Etixsam,1,,,
Etizolmed,1,,,
Etizolwyn,1,,,
Etobal,1,,,
Etoblast,1,,,
Etocid,1,,,
Etocon,1,,,
Etocosid,1,,,
Etocox,1,,,
Etocoz,1,,,
Etocross,1,,,
Etodac,1,,,
Etodamp,1,,,
Etoflu,1,,,
Etolax,1,,,
Etolen,1,,,
Etom,1,,,
Etonet,1,,,
Etopace,1,,,
Etopil,1,,,
Etoplay,1,,,
Etoplus,1,,,
Etor,1,,,
Etorache,1,,,
Etorest,1,,,
Etorgap,1,,,
Etoric,1,,,
Etorise,1,,,
Etoropam,1,,,
Etorz,1,,,
Etosafe,1,,,
Etosain,1,,,
Etosam,1,,,
Etosia,1,,,
Etospeed,1,,,
Etostrong,1,,,
Etot,1,,,
Etotag,1,,,
Etotek,1,,,
Etovia,1,,,
Etowave,1,,,
Etozip,1,,,
Etrabit,1,,,
Eu,1,,,
Eucavit,1,,,
Eucrasil,1,,,
Euglucon,1,,,
Eunykta,1,,,
Euresta,1,,,
Europan,1,,,
Euthyproate,1,,,
Evabiom,1,,,
Evacart,1,,,
Evadiol,1,,,
Evaflav,1,,,
Evagyn,1,,,
Evanew,1,,,
Evaserve,1,,,
Evastin,1,,,
Evaston,1,,,
Evatone,1,,,
Everblack,1,,,
Evermin,1,,,
Evernac,1,,,
Evervog,1,,,
Evicar,1,,,
Evifer,1,,,
Evnidip,1,,,
Examic,1,,,
Excellent,1,,,
Exclufer,1,,,
Exclusiv,1,,,
Exeget,1,,,
Exempa,1,,,
Exfaro,1,,,
Exilopram,1,,,
Exinia,1,,,
Exnib,1,,,
Exotel,1,,,
Experia,1,,,
Expijoy,1,,,
Expirtin,1,,,
Exto,1,,,
Extralast,1,,,
Extranz,1,,,
Exzilor,1,,,
Ezedoc,1,,,
Ezentia,1,,,
Ezesave,1,,,
Ezetiwyn,1,,,
Ezetrol,1,,,
Ezill,1,,,
Ezitized,1,,,
Ezitrip,1,,,
Ezlev,1,,,
Ezlip,1,,,
Ezo,1,,,
Ezome,1,,,
Ezonite,1,,,
Eztarica,1,,,
Ezuric,1,,,
Ezybose,1,,,
Ezydapa,1,,,
Fabhair,1,,,
Fabiflu,1,,,
Fabulon,1,,,
Fabupril,1,,,
Fagstar,1,,,
Famiron,1,,,
Famogreat,1,,,
Famowal,1,,,
Famtrex,1,,,
Fancal,1,,,
Fanfer,1,,,
Fantastic,1,,,
Farizyme,1,,,
Faroart,1,,,
Farocraft,1,,,
Faroeze,1,,,
Farogerm,1,,,
Farolyst,1,,,
Farospect,1,,,
Farostead,1,,,
Farotive,1,,,
Fastac,1,,,
Fastclav,1,,,
Fastneuron,1,,,
Fatrova,1,,,
Favicobal,1,,,
Favicovid,1,,,
Favofol,1,,,
Favolet,1,,,
Favulous,1,,,
Faxicad,1,,,
Faxtel,1,,,
Fcf,1,,,
Fcq,1,,,
Fdc,1,FDC Ltd,Public company - also makes Electral,normalized
Fdin,1,,,
Ferelax,1,,,
Feasfo,1,,,
Feb,1,,,
Febac,1,,,
Febiflo,1,,,
Feboxit,1,,,
Febsmart,1,,,
Febstat,1,,,
Febu,1,,,
Febubest,1,,,
Febucare,1,,,
Febudac,1,,,
Febufix,1,,,
Febufree,1,,,
Febugenix,1,,,
Febuhunt,1,,,
Febulen,1,,,
Febulife,1,,,
Febulog,1,,,
Febumed,1,,,
Febumex,1,,,
Feburin,1,,,
Feburoz,1,,,
Febusact,1,,,
Febushine,1,,,
Febutric,1,,,
Febuvance,1,,,
Febuvas,1,,,
Febuveda,1,,,
Febuwal,1,,,
Febuway,1,,,
Febuxo,1,,,
Febuxone,1,,,
Febuxot,1,,,
Febuzex,1,,,
Febzeal,1,,,
Fechase,1,,,
Fedua,1,,,
Feedvit,1,,,
Feelfol,1,,,
Fefufa,1,,,
Fegasam,1,,,
Feheme,1,,,
Felaso,1,,,
Feldex,1,,,
Felift,1,,,
Felix,1,,,
Felypo,1,,,
Femara,1,,,
Femboneo,1,,,
Femcart,1,,,
Femexel,1,,,
Femfolic,1,,,
Femgold,1,,,
Femia,1,,,
Femiforte,1,,,
Femikiro,1,,,
Femilon,1,,,
Femina,1,,,
Feminay,1,,,
Femiplex,1,,,
Femistra,1,,,
Femitraz,1,,,
Femnutrin,1,,,
Femovan,1,,,
Femoxin,1,,,
Femozer,1,,,
Fempro,1,,,
Femrise,1,,,
Femsure,1,,,
Fenadol,1,,,
Fenaplus,1,,,
Fenaqua,1,,,
Fencold,1,,,
Feneed,1,,,
Fenela,1,,,
Fenia,1,,,
Fenofibric,1,,,
Fenograf,1,,,
Fenolip,1,,,
Fenomust,1,,,
Fense,1,,,
Feotab,1,,,
Fephar,1,,,
Fepra,1,,,
Fer,1,,,
Feraden,1,,,
Ferap,1,,,
Ferarka,1,,,
Feraxis,1,,,
Ferby,1,,,
Fercezen,1,,,
Ferdel,1,,,
Fereal,1,,,
Feredon,1,,,
Feren,1,,,
Ferfez,1,,,
Fergate,1,,,
Ferhyp,1,,,
Feri,1,,,
Fericit,1,,,
Feridib,1,,,
Feriflow,1,,,
Ferinca,1,,,
Ferinios,1,,,
Ferintact,1,,,
Feripush,1,,,
Feriras,1,,,
Ferishine,1,,,
Feristat,1,,,
Feriswift,1,,,
Ferital,1,,,
Ferivin,1,,,
Ferix,1,,,
Ferlin,1,,,
Fermus,1,,,
Fernitin,1,,,
Feroben,1,,,
Ferocad,1,,,
Feroceum,1,,,
Ferocross,1,,,
Ferodep,1,,,
Ferodoc,1,,,
Ferofast,1,,,
Ferolab,1,,,
Feromine,1,,,
Feronext,1,,,
Feropeace,1,,,
Feropel,1,,,
Feroreva,1,,,
Feroser,1,,,
Ferowyn,1,,,
Ferozee,1,,,
Ferozinc,1,,,
Ferozorb,1,,,
Ferpas,1,,,
Ferraso,1,,,
Ferrigain,1,,,
Ferrithem,1,,,
Ferriwok,1,,,
Ferroak,1,,,
Ferrobolt,1,,,
Ferrogen,1,,,
Ferroin,1,,,
Ferronine,1,,,
Ferropure,1,,,
Ferrosan,1,,,
Ferrose,1,,,
Ferrosif,1,,,
Ferrosurge,1,,,
Ferrotem,1,,,
Ferroul,1,,,
Ferrovir,1,,,
Fersolate,1,,,
Fersul,1,,,
Fersyl,1,,,
Fertax,1,,,
Ferteez,1,,,
Fertibest,1,,,
Fertibrit,1,,,
Fertin,1,,,
Fertipink,1,,,
Fertiply,1,,,
Fertiqute,1,,,
Fertisuport,1,,,
Fertitol,1,,,
Fertivision,1,,,
Fertlize,1,,,
Fertolet,1,,,
Ferxeed,1,,,
Fesims,1,,,
Fesozinc,1,,,
Festal,1,,,
Feverbye,1,,,
Fevisure,1,,,
Fevolt,1,,,
Fexacta,1,,,
Fexagon,1,,,
Fexal,1,,,
Fexanto,1,,,
Fexcro,1,,,
Fexert,1,,,
Fexitop,1,,,
Fexizoy,1,,,
Fexobond,1,,,
Fexocad,1,,,
Fexodat,1,,,
Fexofen,1,,,
Fexoknob,1,,,
Fexolid,1,,,
Fexolife,1,,,
Fexolist,1,,,
Fexomine,1,,,
Fexona,1,,,
Fexonik,1,,,
Fexonip,1,,,
Fexostat,1,,,
Fexovis,1,,,
Fexovor,1,,,
Fexowal,1,,,
Fexoway,1,,,
Fexozam,1,,,
Fexplor,1,,,
Fexuclue,1,,,
Fezard,1,,,
Feziron,1,,,
Fezzlon,1,,,
Fhb,1,,,
Fhq,1,,,
Fibcal,1,,,
Fibisafe,1,,,
Fibotab,1,,,
Fibotran,1,,,
Fibractimax,1,,,
Fibractimin,1,,,
Fibrillant,1,,,
Fibrinil,1,,,
Fibristal,1,,,
Fibristone,1,,,
Fibrobos,1,,,
Fibrocede,1,,,
Fibrofen,1,,,
Fibrolip,1,,,
Fibroset,1,,,
Fibrotryp,1,,,
Fibrovas,1,,,
Fifafert,1,,,
Fifatrol,1,,,
Fifoq8,1,,,
Figotel,1,,,
Filbro,1,,,
Filvestin,1,,,
Fimanta,1,,,
Finalo,1,,,
Finarise,1,,,
Finas,1,,,
Finatoril,1,,,
Finax,1,,,
Finbio,1,,,
Fincar,1,,,
Finehart,1,,,
Finestop,1,,,
Finetime,1,,,
Finetune,1,,,
Finevert,1,,,
Fingain,1,,,
Finista,1,,,
Finostar,1,,,
Finpecia,1,,,
Finrider,1,,,
Finsure,1,,,
Fintec,1,,,
Fiona,1,,,
Fiptin,1,,,
Firmjoints,1,,,
Firstvit,1,,,
Fitbest,1,,,
Fitjee,1,,,
Fitmed,1,,,
Fitzolt,1,,,
Fixense,1,,,
Fixim,1,,,
Fixobetes,1,,,
Fk,1,,,
Flamagesic,1,,,
Flambit,1,,,
Flamcor,1,,,
Flamenzo,1,,,
Flamheal,1,,,
Flamic,1,,,
Flaminta,1,,,
Flamiz,1,,,
Flan,1,,,
Flarem,1,,,
Flavate,1,,,
Flavocip,1,,,
Flavoflo,1,,,
Flavomac,1,,,
Flavonova,1,,,
Flavosmart,1,,,
Flavospas,1,,,
Flavotract,1,,,
Flavoxem,1,,,
Flavoxite,1,,,
Flavoxwyn,1,,,
Flazacor,1,,,
Flazicort,1,,,
Flecroin,1,,,
Flemiklox,1,,,
Flexaid,1,,,
Flexalone,1,,,
Flexcerin,1,,,
Flexidol,1,,,
Fleximax,1,,,
Flexinol,1,,,
Flexiprime,1,,,
Flexirecov,1,,,
Flexithor,1,,,
Flexone,1,,,
Flexpand,1,,,
Flexsure,1,,,
Flexyble,1,,,
Fliptin,1,,,
Fln,1,,,
Flocan,1,,,
Flochek,1,,,
Flodol,1,,,
Flopag,1,,,
Floramint,1,,,
Floricot,1,,,
Floridapa,1,,,
Florina,1,,,
Florispan,1,,,
Floslo,1,,,
Flotrip,1,,,
Flowmeta,1,,,
Flowon,1,,,
Floxipharm,1,,,
Floxsafe,1,,,
Flozipa,1,,,
Fluace,1,,,
Fluact,1,,,
Flucea,1,,,
Flucent,1,,,
Flucess,1,,,
Fluclox,1,,,
Flucocare,1,,,
Flucodoz,1,,,
Fluconaz,1,,,
Flucoti,1,,,
Flucross,1,,,
Fluhexettee,1,,,
Fluka,1,,,
Flukit,1,,,
Fluless,1,,,
Flumik,1,,,
Flunapol,1,,,
Flunarest,1,,,
Flunarich,1,,,
Flunatod,1,,,
Flunise,1,,,
Flunova,1,,,
Flunzy,1,,,
Fluon,1,,,
Fluoxer,1,,,
Flupen,1,,,
Flupicare,1,,,
Flupitor,1,,,
Flupiwell,1,,,
Fluprint,1,,,
Fluprix,1,,,
Flupvin,1,,,
Flurilept,1,,,
Flurish,1,,,
Flurtrip,1,,,
Flusaf,1,,,
Flushine,1,,,
Flusmile,1,,,
Flusnig,1,,,
Fluvoxalarc,1,,,
Fluwel,1,,,
Fluxizol,1,,,
Fluxtapride,1,,,
Fluxtree,1,,,
Fluzin,1,,,
Fluzowyn,1,,,
Flyace,1,,,
Flybenz,1,,,
Fyline,1,,,
Fobit,1,,,
Fog,1,,,
Fola,1,,,
Folacin,1,,,
Folactib,1,,,
Folane,1,,,
Folarc,1,,,
Folasic,1,,,
Folbrit,1,,,
Folby,1,,,
Folcombi,1,,,
Foledge,1,,,
Folferin,1,,,
Folfit,1,,,
Folgeo,1,,,
Foli,1,,,
Folibexon,1,,,
Folibild,1,,,
Folican,1,,,
Folichem,1,,,
Folichrit,1,,,
Folicob,1,,,
Folicure,1,,,
Foliden,1,,,
Folife,1,,,
Folified,1,,,
Foligem,1,,,
Folimac,1,,,
Folimerz,1,,,
Folimplus,1,,,
Folineo,1,,,
Folinz,1,,,
Folion,1,,,
Folios,1,,,
Foliova,1,,,
Folipure,1,,,
Folireg,1,,,
Foliripe,1,,,
Foliscore,1,,,
Folispor,1,,,
Folistar,1,,,
Folitab,1,,,
Folitas,1,,,
Folite,1,,,
Folitrol,1,,,
Foliver,1,,,
Foliviron,1,,,
Foliwing,1,,,
Foll,1,,,
Folletro,1,,,
Folliace,1,,,
Follicenza,1,,,
Folliderm,1,,,
Folliriz,1,,,
Folliup,1,,,
Follixtra,1,,,
Folmidon,1,,,
Folnica,1,,,
Folod,1,,,
Folpris,1,,,
Folquick,1,,,
Folrite,1,,,
Folsmith,1,,,
Folsyra,1,,,
Folwyn,1,,,
Folyblend,1,,,
Fompy,1,,,
Fontor,1,,,
Fonxit,1,,,
Foraferr,1,,,
Forciben,1,,,
Forcigliz,1,,,
Forcimet,1,,,
Forenza,1,,,
Formitol,1,,,
Formylin,1,,,
Fornibind,1,,,
Forstavir,1,,,
Fortinerv,1,,,
Fortiron,1,,,
Forzest,1,,,
Fosabond,1,,,
Fosavance,1,,,
Foscal,1,,,
Fosgate,1,,,
Foshuka,1,,,
Fostril,1,,,
Fpm,1,,,
Fracfill,1,,,
Fracfree,1,,,
Frack,1,,,
Fraclife,1,,,
Fracsure,1,,,
Fracura,1,,,
Fragment,1,,,
Frapsyl,1,,,
Fraqwik,1,,,
Frasix,1,,,
Fraxilia,1,,,
Fraxpert,1,,,
Freblock,1,,,
Freedase,1,,,
Freedol,1,,,
Freeflow,1,,,
Freejoint,1,,,
Freelax,1,,,
Frey,1,,,
Frezcon,1,,,
Fruitcee,1,,,
Frumil,1,,,
Frusenex,1,,,
Ftwo,1,,,
Fubra,1,,,
Fuermox,1,,,
Fuetic,1,,,
Fujifer,1,,,
Fulactive,1,,,
Fulnite,1,,,
Fulterm,1,,,
Fungotek,1,,,
Fungtear,1,,,
Funpill,1,,,
Furanox,1,,,
Furaons,1,,,
Furent,1,,,
Furenz,1,,,
Furodec,1,,,
Fuzim,1,,,
Fxomont,1,,,
Fzhh,1,,,
Gababit,1,,,
Gabacheck,1,,,
Gabachek,1,,,
Gabaco,1,,,
Gabacool,1,,,
Gabadez,1,,,
Gabaedge,1,,,
Gabaelite,1,,,
Gabafab,1,,,
Gabafast,1,,,
Gabagrid,1,,,
Gabahosit,1,,,
Gabaice,1,,,
Gabaking,1,,,
Gabal,1,,,
Gabalam,1,,,
Gabaleo,1,,,
Gabalis,1,,,
Gabalyst,1,,,
Gabamin,1,,,
Gabamit,1,,,
Gabamove,1,,,
Gabaneu,1,,,
Gabanext,1,,,
Gabangle,1,,,
Gabanim,1,,,
Gabanoon,1,,,
Gabanor,1,,,
Gabanox,1,,,
Gabanyt,1,,,
Gabarace,1,,,
Gabaraksh,1,,,
Gabaren,1,,,
Gabarep,1,,,
Gabaris,1,,,
Gabasarv,1,,,
Gabashield,1,,,
Gabashot,1,,,
Gabasil,1,,,
Gabasure,1,,,
Gabatac,1,,,
Gabatinax,1,,,
Gabatos,1,,,
Gabatrack,1,,,
Gabatrend,1,,,
Gabavista,1,,,
Gabazen,1,,,
Gabazox,1,,,
Gabextin,1,,,
Gabian,1,,,
Gabil,1,,,
Gabimax,1,,,
Gabipenta,1,,,
Gabnerv,1,,,
Gaboral,1,,,
Gabritab,1,,,
Gacal,1,,,
Gafer,1,,,
Gaisantak,1,,,
Galactia,1,,,
Galinep,1,,,
Galit,1,,,
Galvatron,1,,,
Gamaflam,1,,,
Game,1,,,
Gamfer,1,,,
Gamlin,1,,,
Gandhak,1,,,
Gapathy,1,,,
Gapin,1,,,
Gardian,1,,,
Garilipt,1,,,
Garoin,1,,,
Gasease,1,,,
Gasipil,1,,,
Gasoapt,1,,,
Gasowud,1,,,
Gaspunch,1,,,
Gastrogyl,1,,,
Gastrozin,1,,,
Gasvenz,1,,,
Gbion,1,,,
Gbvert,1,,,
Gcal,1,,,
Gcs,1,,,
Gcstab,1,,,
Gdmin,1,,,
Gebcare,1,,,
Gecal,1,,,
Gecevit,1,,,
Geffon,1,,,
Gefitero,1,,,
Geftinat,1,,,
Geftistar,1,,,
Gelixta,1,,,
Gem,1,,,
Gembax,1,,,
Gembose,1,,,
Gemez,1,,,
Gemfos,1,,,
Gemicare,1,,,
Gemidro,1,,,
Gemipress,1,,,
Gemone,1,,,
Gempar,1,,,
Gempress,1,,,
Gems,1,,,
Gemvert,1,,,
Gemycine,1,,,
Genac,1,,,
Genblast,1,,,
Genmox,1,,,
Genql,1,,,
Gentor,1,,,
Gentrol,1,,,
Genucal,1,,,
Genusartan,1,,,
Geofer,1,,,
Geoketo,1,,,
Geomark,1,,,
Geonerve,1,,,
Geoprate,1,,,
Geras,1,,,
Gercek,1,,,
Geriflo,1,,,
Geristart,1,,,
Gertac,1,,,
Gesirit,1,,,
Gesta,1,,,
Gestacal,1,,,
Gestate,1,,,
Gestchrit,1,,,
Gestin,1,,,
Gestisark,1,,,
Gestobliss,1,,,
Gestovo,1,,,
Gestowill,1,,,
Gestpyl,1,,,
Getfit,1,,,
Getio,1,,,
Gflon,1,,,
Gfrsave,1,,,
Gibi,1,,,
Gicla,1,,,
Gidivin,1,,,
Gifaxin,1,,,
Giften,1,,,
Giftofer,1,,,
Giftosafe,1,,,
Gilcold,1,,,
Gilcra,1,,,
Gilformin,1,,,
Glimira,1,,,
Gincomazic,1,,,
Ginette,1,,,
Ginkocetin,1,,,
Ginkoren,1,,,
Ginkoshine,1,,,
Ginkotrix,1,,,
Ginlac,1,,,
Ginloba,1,,,
Ginqvit,1,,,
Giro,1,,,
Git,1,,,
Givetel,1,,,
Givpep,1,,,
Gixin,1,,,
Glazide,1,,,
Glaben,1,,,
Gladif,1,,,
Gladis,1,,,
Gladsam,1,,,
Gladtel,1,,,
Gladvert,1,,,
Glafer,1,,,
Glangle,1,,,
Glap,1,,,
Glaricit,1,,,
Glarikot,1,,,
Glarisure,1,,,
Glazi,1,,,
Glazovit,1,,,
Glazvit,1,,,
Gleefen,1,,,
Glencet,1,,,
Glenpine,1,,,
Glezolid,1,,,
Gli2met,1,,,
Gliaren,1,,,
Glibamet,1,,,
Glibegen,1,,,
Glibenser,1,,,
Glican,1,,,
Gliclafin,1,,,
Gliclaglaze,1,,,
Gliclamet,1,,,
Gliclapack,1,,,
Glicmet,1,,,
Glicort,1,,,
Glicton,1,,,
Glific,1,,,
Gliflc,1,,,
Glifloeast,1,,,
Glifor,1,,,
Gliglaxo,1,,,
Glijoint,1,,,
Glimac,1,,,
Glimanthro,1,,,
Glimbay,1,,,
Glimcheck,1,,,
Glimdor,1,,,
Glimefine,1,,,
Glimeprime,1,,,
Glimetek,1,,,
Glimezion,1,,,
Glimiact,1,,,
Glimiblist,1,,,
Glimicell,1,,,
Glimicred,1,,,
Glimidot,1,,,
Glimihelp,1,,,
Glimihood,1,,,
Glimihop,1,,,
Glimijoy,1,,,
Glimilen,1,,,
Glimirene,1,,,
Glimiride,1,,,
Glimispica,1,,,
Glimitenx,1,,,
Glimitoss,1,,,
Glimniv,1,,,
Glimoglip,1,,,
Glimplus,1,,,
Glimsix,1,,,
Glimson,1,,,
Glimtel,1,,,
Glimton,1,,,
Glimuria,1,,,
Glimvit,1,,,
Glimyard,1,,,
Glimycia,1,,,
Glimycord,1,,,
Gliows,1,,,
Glipavil,1,,,
Gliper,1,,,
Glipi,1,,,
Glipical,1,,,
Glipilast,1,,,
Gliplarc,1,,,
Glipotec,1,,,
Gliptapil,1,,,
Gliptimer,1,,,
Glipwins,1,,,
Glipzed,1,,,
Gliris,1,,,
Glirum,1,,,
Glisid,1,,,
Glit,1,,,
Glitag,1,,,
Glitaid,1,,,
Glitary,1,,,
Glitra,1,,,
Glitter,1,,,
Glitz,1,,,
Glivec,1,,,
Gliway,1,,,
Gliwel,1,,,
Glizina,1,,,
Glothione,1,,,
Globex,1,,,
Gloeye,1,,,
Glomcare,1,,,
Glomealfa,1,,,
Glomosafe,1,,,
Glonia,1,,,
Glopara,1,,,
Gloper,1,,,
Glovera,1,,,
Glovit,1,,,
Glowrish,1,,,
Glubetrol,1,,,
Glucart,1,,,
Gluclock,1,,,
Glucofine,1,,,
Glucofix,1,,,
Glucolip,1,,,
Glucomap,1,,,
Gluconol,1,,,
Glucoq,1,,,
Glucosa,1,,,
Glucosamine,1,,,
Glufair,1,,,
Gluone,1,,,
Gluoxidant,1,,,
Gluspan,1,,,
Glutaglo,1,,,
Glutanor,1,,,
Glutat,1,,,
Glutaxon,1,,,
Glutowin,1,,,
Gluvoiz,1,,,
Gluzza,1,,,
Glyatos,1,,,
Glybimag,1,,,
Glybis,1,,,
Glybonil,1,,,
Glyboral,1,,,
Glycebind,1,,,
Glycheck,1,,,
Glycidip,1,,,
Glycigem,1,,,
Glycimet,1,,,
Glycirest,1,,,
Glyclamin,1,,,
Glycolysis,1,,,
Glycomax,1,,,
Glyconus,1,,,
Glycus,1,,,
Glyda,1,,,
Glyfloris,1,,,
Glyheal,1,,,
Glyja,1,,,
Glylim,1,,,
Glymat,1,,,
Glymet,1,,,
Glymial,1,,,
Glyneed,1,,,
Glynit,1,,,
Glyonce,1,,,
Glyred,1,,,
Glysiss,1,,,
Glysuit,1,,,
Glysulf,1,,,
Glysurge,1,,,
Glyten,1,,,
Glytoz,1,,,
Glytoze,1,,,
Glytrinarc,1,,,
Glyzinc,1,,,
Glyzipure,1,,,
Gmx,1,,,
Gnm,1,,,
Gnxcal,1,,,
Gocan,1,,,
Godapa,1,,,
Goferr,1,,,
Gohosite,1,,,
Gokshuradi,1,,,
Goldcare,1,,,
Goldclav,1,,,
Goldineuron,1,,,
Goldiron,1,,,
Goldmet,1,,,
Goldpar,1,,,
Goldred,1,,,
Gooday,1,,,
Goodcofol,1,,,
Goodtel,1,,,
Goodvit,1,,,
Gopenta,1,,,
Gospas,1,,,
Goutchek,1,,,
Goutfree,1,,,
Goutnil,1,,,
Goxoi,1,,,
Gozide,1,,,
Gpmet,1,,,
Gpmf,1,,,
Gq,1,,,
Gra,1,,,
Grabeta,1,,,
Gracal,1,,,
Grace,1,,,
Gracecort,1,,,
Gracifer,1,,,
Gracyfol,1,,,
Graincide,1,,,
Gramipen,1,,,
Gramnik,1,,,
Grandred,1,,,
Granilet,1,,,
Granrox,1,,,
Gravinate,1,,,
Gravol,1,,,
Graz,1,,,
Great,1,,,
Greatin,1,,,
Greenrox,1,,,
Grel,1,,,
Grespine,1,,,
Grevit,1,,,
Greyforte,1,,,
Griseo,1,,,
Griseofulvin,1,,,
Grisocam,1,,,
Grisolab,1,,,
Grisovel,1,,,
Grisure,1,,,
Grobone,1,,,
Growell,1,,,
Grown,1,,,
Growpecia,1,,,
Grume,1,,,
Grumet,1,,,
Gsolv,1,,,
Gtglo,1,,,
Gthance,1,,,
Gtin,1,,,
Gt,1,,,
Gtnex,1,,,
Gudicol,1,,,
Gudnee,1,,,
Gudrich,1,,,
Gudril,1,,,
Guduchi,1,,,
Guduchyadi,1,,,
Guduci,1,,,
Gufidro,1,,,
Gutron,1,,,
Gutsooth,1,,,
Gvos,1,,,
Gx,1,,,
Gyasip,1,,,
Gylis,1,,,
Gynova,1,,,
Gz,1,,,
Had,1,,,
Hadrax,1,,,
Haemact,1,,,
Haemocount,1,,,
Haemogold,1,,,
Haemosave,1,,,
Haicare,1,,,
Hairace,1,,,
Hairecap,1,,,
Hairmediics,1,,,
Hairnew,1,,,
Hairouse,1,,,
Hairtres,1,,,
Halirum,1,,,
Halmin,1,,,
Halzim,1,,,
Hancium,1,,,
Hanova,1,,,
Hantura,1,,,
Hapigut,1,,,
Haridra,1,,,
Hartan,1,,,
Harzulin,1,,,
Hasurge,1,,,
Hatchback,1,,,
Hbgold,1,,,
Hbown,1,,,
Hbtek,1,,,
Hbzide,1,,,
Healings,1,,,
Healocal,1,,,
Healrex,1,,,
Healzyme,1,,,
Heambeam,1,,,
Heamwar,1,,,
Hedfree,1,,,
Hefgina,1,,,
Heksi,1,,,
Helpcal,1,,,
Heman,1,,,
Heme,1,,,
Hemocrat,1,,,
Hemoferol,1,,,
Hemofix,1,,,
Hemoflen,1,,,
Hemogain,1,,,
Hemojoy,1,,,
Hemonia,1,,,
Hemoshree,1,,,
Hemostar,1,,,
Hemostim,1,,,
Henovit,1,,,
Hepacor,1,,,
Hepahenz,1,,,
Hepamix,1,,,
Hepbest,1,,,
Hepcvel,1,,,
Hepexa,1,,,
Hepitec,1,,,
Hepkart,1,,,
Heppure,1,,,
Heproma,1,,,
Hepsodil,1,,,
Hepsosafe,1,,,
Heptavir,1,,,
Heptral,1,,,
Hepzab,1,,,
Herduo,1,,,
Herfem,1,,,
Hernafil,1,,,
Hertab,1,,,
Hetero,1,,,
Hetrazan,1,,,
Hexamune,1,,,
Hexanerve,1,,,
Hexangin,1,,,
Hexifer,1,,,
Hexitab,1,,,
Hexizine,1,,,
Hexolip,1,,,
Hexylent,1,,,
Hexynil,1,,,
Hh,1,,,
Hhaceclo,1,,,
Hiact,1,,,
Hicef,1,,,
Hifenacmax,1,,,
Highday,1,,,
Higher,1,,,
Highfit,1,,,
Highfol,1,,,
Hiliv,1,,,
Hilnerve,1,,,
Hilpio,1,,,
Hilros,1,,,
Hilrose,1,,,
Hilvit,1,,,
Hilvog,1,,,
Himract,1,,,
Himune,1,,,
Hingoli,1,,,
Hioxy,1,,,
Hipocam,1,,,
Hipose,1,,,
Hippucip,1,,,
Hiprose,1,,,
Hipurase,1,,,
His,1,,,
Hismont,1,,,
Hisolone,1,,,
Histaban,1,,,
Histaben,1,,,
Histacort,1,,,
Histigo,1,,,
Histonin,1,,,
Histop,1,,,
Hitryp,1,,,
Hiuric,1,,,
Hizal,1,,,
Hnu,1,,,
Hocynorm,1,,,
Holicm,1,,,
Holto,1,,,
Homai,1,,,
Homeco,1,,,
Homilan,1,,,
Homipare,1,,,
Homocyst,1,,,
Homofol,1,,,
Honvan,1,,,
Hopegest,1,,,
Hoperam,1,,,
Hopkin,1,,,
Hormocal,1,,,
Hpride,1,,,
Hql,1,,,
Hrh,1,,,
Huena,1,,,
Humiglim,1,,,
Hunnycal,1,,,
Hyaluron,1,,,
Hybocal,1,,,
Hybreed,1,,,
Hybrin,1,,,
Hycal,1,,,
Hycart,1,,,
Hyclop,1,,,
Hydil,1,,,
Hydrodapa,1,,,
Hydroquin,1,,,
Hydrotil,1,,,
Hydrotrust,1,,,
Hydroxychloroquine,1,,,
Hyglifa,1,,,
Hylosamine,1,,,
Hynan,1,,,
Hypo,1,,,
Hyponat,1,,,
Hyponidd,1,,,
Hypotab,1,,,
Hyqvit,1,,,
Hyride,1,,,
Hyrostat,1,,,
Hyten,1,,,
Hyzone,1,,,
Iban,1,,,
Iben,1,,,
Ibset,1,,,
Ibgliptin,1,,,
Ibispride,1,,,
Irban,1,,,
Ibscim,1,,,
Ibstatin,1,,,
Ibudol,1,,,
Ibuflamar,1,,,
Ibuvent,1,,,
Ibvarine,1,,,
Ibvilda,1,,,
Icalgates,1,,,
Icare,1,,,
Iceil,1,,,
Ichel,1,,,
Ichha,1,,,
Ictacetam,1,,,
Id,1,,,
Idapride,1,,,
Idavit,1,,,
Ideben,1,,,
Idebest,1,,,
Idecet,1,,,
Idocal,1,,,
Idometrol,1,,,
Idoz,1,,,
Idromet,1,,,
Ifa,1,,,
Ifb,1,,,
Ifired,1,,,
Ifit,1,,,
Ifytrofin,1,,,
Igtg,1,,,
Iguramed,1,,,
Igurati,1,,,
Iguseas,1,,,
Iguvic,1,,,
Iladif,1,,,
Ilatop,1,,,
Ilcal,1,,,
Imactum,1,,,
Imalek,1,,,
Imanib,1,,,
Imat,1,,,
Imatero,1,,,
Imeclass,1,,,
Imecter,1,,,
Imeg,1,,,
Imeglimed,1,,,
Imeglimon,1,,,
Imeglow,1,,,
Imidiaz,1,,,
Imipam,1,,,
Immumectin,1,,,
Immumen,1,,,
Immunal,1,,,
Immunex,1,,,
Immunit,1,,,
Immunuvit,1,,,
Immusante,1,,,
Immushine,1,,,
Imoprine,1,,,
Impress,1,,,
Improsyn,1,,,
Imumust,1,,,
Imunact,1,,,
Imungro,1,,,
Imunolact,1,,,
Imunorest,1,,,
Imuran,1,,,
Inbec,1,,,
Inbenfol,1,,,
Incad,1,,,
Incam,1,,,
Incetin,1,,,
Inclop,1,,,
In,1,,,
Incontrol,1,,,
Incyst,1,,,
Ind,1,,,
Indamapid,1,,,
Indiaflam,1,,,
Indiaplex,1,,,
Indicontin,1,,,
Inditor,1,,,
Infert,1,,,
Infinair,1,,,
Infineuron,1,,,
Infla,1,,,
Inflachek,1,,,
Inflacort,1,,,
Inflagesic,1,,,
Inflaguard,1,,,
Inflamate,1,,,
Inflanorm,1,,,
Inflapen,1,,,
Inflazen,1,,,
Infol,1,,,
Infomet,1,,,
Infuran,1,,,
Inir,1,,,
Inkrease,1,,,
Innok2al,1,,,
Innolife,1,,,
Innomet,1,,,
Innomune,1,,,
Innovgold,1,,,
Innovliv,1,,,
Inqorac,1,,,
Insha,1,,,
Insigna,1,,,
Insolax,1,,,
Instarise,1,,,
Instgra,1,,,
Instrel,1,,,
Insuvit,1,,,
Intagra,1,,,
Intajac,1,,,
Intamether,1,,,
Intapod,1,,,
Intarax,1,,,
Intavit,1,,,
Intrabet,1,,,
Intracan,1,,,
Intradol,1,,,
Intrazox,1,,,
Invog,1,,,
Invokana,1,,,
Inzofresh,1,,,
Inzu,1,,,
Iomag,1,,,
Ion,1,,,
Irentia,1,,,
Iressa,1,,,
Iriscofer,1,,,
Iriscomax,1,,,
Irobish,1,,,
Irocel,1,,,
Irofose,1,,,
Irokad,1,,,
Irokart,1,,,
Iromia,1,,,
Iromina,1,,,
Ironshine,1,,,
Irosal,1,,,
Irosera,1,,,
Iroshine,1,,,
Iroska,1,,,
Irospec,1,,,
Iross,1,,,
Iroten,1,,,
Irovis,1,,,
Irowill,1,,,
Irrochel,1,,,
Iryvact,1,,,
Isabone,1,,,
Isacal,1,,,
Isdil,1,,,
Ismigen,1,,,
Isobax,1,,,
Isocal,1,,,
Isocaldin,1,,,
Isocet,1,,,
Isocor,1,,,
Isodial,1,,,
Isograce,1,,,
Isokin,1,,,
Isolazine,1,,,
Isomin,1,,,
Isonex,1,,,
Isopace,1,,,
Isorich,1,,,
Isorus,1,,,
Isovit,1,,,
Istaprex,1,,,
Itavit,1,,,
Itcan,1,,,
Itoflux,1,,,
Itoprid,1,,,
Itopro,1,,,
Itorax,1,,,
Itradus,1,,,
Itrafaze,1,,,
Itrawok,1,,,
Ivaaplus,1,,,
Ivabrows,1,,,
Ivacold,1,,,
Ivacran,1,,,
Ivalarc,1,,,
Ivamax,1,,,
Ivangina,1,,,
Ivaniche,1,,,
Ivapace,1,,,
Ivaprein,1,,,
Ivapride,1,,,
Ivaq,1,,,
Ivarest,1,,,
Ivashift,1,,,
Ivazine,1,,,
Iveractin,1,,,
Iveran,1,,,
Iverax,1,,,
Ivercop,1,,,
Iverfit,1,,,
Iverheal,1,,,
Ivermed,1,,,
Iversol,1,,,
Iverstag,1,,,
Ivertez,1,,,
Iverwar,1,,,
Iverwipe,1,,,
Iverzide,1,,,
Ivscab,1,,,
Iwin,1,,,
Iwitrol,1,,,
Jacmod,1,,,
Jalapar,1,,,
Jalbone,1,,,
Jalcium,1,,,
Jalmita,1,,,
Jankin,1,,,
Jansky,1,,,
Janulet,1,,,
Jardilina,1,,,
Jardix,1,,,
Jaren,1,,,
Jaspi,1,,,
Jaswitel,1,,,
Javitor,1,,,
Jdcerin,1,,,
Jenbro,1,,,
Jencal,1,,,
Jencold,1,,,
Jerrycal,1,,,
Jesbrosin,1,,,
Jescarni,1,,,
Jesifer,1,,,
Jesq,1,,,
Jessica,1,,,
Jimhair,1,,,
Jiofen,1,,,
Jiototal,1,,,
Jiyi,1,,,
Jiyomet,1,,,
Jneuron,1,,,
Jobial,1,,,
Joborite,1,,,
Jocalci,1,,,
Jocecal,1,,,
Joineed,1,,,
Joinsera,1,,,
Joinset,1,,,
Jointact,1,,,
Jointadd,1,,,
Jointbless,1,,,
Jointcart,1,,,
Jointkare,1,,,
Jointlix,1,,,
Jointnorm,1,,,
Jointrise,1,,,
Jointrose,1,,,
Jointsfrnd,1,,,
Jointstar,1,,,
Joinwell,1,,,
Jonclav,1,,,
Jongli,1,,,
Jorafer,1,,,
Jorni,1,,,
Jospar,1,,,
Jotair,1,,,
Jox,1,,,
Joysquare,1,,,
Jozide,1,,,
Jq,1,,,
Jrbcal,1,,,
Juan,1,,,
Judant,1,,,
Julax,1,,,
Juliana,1,,,
Junelin,1,,,
Jupidox,1,,,
Jupifer,1,,,
Jupimax,1,,,
Jupimox,1,,,
Justempa,1,,,
Justmet,1,,,
Justrest,1,,,
Jusvap,1,,,
Juxtalfa,1,,,
Kadpride,1,,,
Kainovit,1,,,
Kaishore,1,,,
Kalcijum,1,,,
Kalwell,1,,,
Kalzd,1,,,
Kamadol,1,,,
Kaminar,1,,,
Kanchanar,1,,,
Kap,1,,,
Kapglim,1,,,
Kartel,1,,,
Kashmox,1,,,
Kasjel,1,,,
Kastine,1,,,
Kastolev,1,,,
Katadol,1,,,
Katzvit,1,,,
Kazithrox,1,,,
Kcm,1,,,
Kdcalcium,1,,,
Kdfer,1,,,
Kdfit,1,,,
Kdgest,1,,,
Kdilgo,1,,,
Kef,1,,,
Kefclav,1,,,
Kefstar,1,,,
Kelac,1,,,
Keladrin,1,,,
Kenliv,1,,,
Kenvita,1,,,
Kenzvit,1,,,
Kepodil,1,,,
Keppdix,1,,,
Keptafine,1,,,
Keraboost,1,,,
Keragarce,1,,,
Keranova,1,,,
Keraspur,1,,,
Keratab,1,,,
Kerecid,1,,,
Kerosite,1,,,
Kerutin,1,,,
Keshmate,1,,,
Kestead,1,,,
Kestil,1,,,
Ketamin,1,,,
Ketasma,1,,,
Ketentia,1,,,
Ketoart,1,,,
Ketob,1,,,
Ketodel,1,,,
Ketodoc,1,,,
Ketodor,1,,,
Ketodyl,1,,,
Ketof,1,,,
Ketofrench,1,,,
Ketohalts,1,,,
Ketohunt,1,,,
Ketolog,1,,,
Ketolol,1,,,
Ketolyst,1,,,
Ketoneph,1,,,
Ketonist,1,,,
Ketoref,1,,,
Ketorib,1,,,
Ketoride,1,,,
Ketorock,1,,,
Ketoroder,1,,,
Ketospin,1,,,
Ketosteril,1,,,
Ketotram,1,,,
Ketotreat,1,,,
Ketotroy,1,,,
Ketoverge,1,,,
Ketovibe,1,,,
Ketowyn,1,,,
Ketropeace,1,,,
Ketrot,1,,,
Ketrotez,1,,,
Kexasone,1,,,
Keyvestin,1,,,
Kezithroat,1,,,
Kfix,1,,,
Khadiradi,1,,,
Kidivites,1,,,
Kidnymax,1,,,
Kilfat,1,,,
Kimitrip,1,,,
Kimmi,1,,,
Kindac,1,,,
Kindsave,1,,,
Kinecal,1,,,
Kinedol,1,,,
King,1,,,
Kipnol,1,,,
Kita,1,,,
Kiwipan,1,,,
Kiwirab,1,,,
Kizen,1,,,
Klasbit,1,,,
Klcepo,1,,,
Klflam,1,,,
Klin,1,,,
Klocet,1,,,
Klon,1,,,
Klotfree,1,,,
Klusthair,1,,,
Kne,1,,,
Kneecal,1,,,
Kneegen,1,,,
Kneejoint,1,,,
Kneeton,1,,,
Kneox,1,,,
Kolastar,1,,,
Kolbet,1,,,
Komla,1,,,
Kompletx,1,,,
Kong,1,,,
Koolvestin,1,,,
Koran,1,,,
Kordmox,1,,,
Korecal,1,,,
Kortuf,1,,,
Kostol,1,,,
Kover,1,,,
Koxi,1,,,
Koxituf,1,,,
Koxma,1,,,
Kr,1,,,
Krampoff,1,,,
Kranber,1,,,
Kresert,1,,,
Krimson,1,,,
Kris,1,,,
Krisjac,1,,,
Krismax,1,,,
Kronilog,1,,,
Krush,1,,,
Kryxana,1,,,
Ksan,1,,,
Ktm,1,,,
Kudzu,1,,,
Kufe,1,,,
Kuffway,1,,,
Kumvil,1,,,
Kupffertone,1,,,
Kuprine,1,,,
Kurol,1,,,
Kutaja,1,,,
Kutub,1,,,
Kwiknic,1,,,
Ky,1,,,
Kymocin,1,,,
Kyrab,1,,,
Kyrah,1,,,
Kyu,1,,,
Laa,1,,,
Labecor,1,,,
Labemed,1,,,
Labepress,1,,,
Labetag,1,,,
Labetamac,1,,,
Labetanol,1,,,
Labewyn,1,,,
Labound,1,,,
Labyfert,1,,,
Lacferen,1,,,
Lachilo,1,,,
Lacilac,1,,,
Laclam,1,,,
Lacoford,1,,,
Lacom,1,,,
Laconsewyn,1,,,
Lactocip,1,,,
Lactofab,1,,,
Lactogag,1,,,
Lactohem,1,,,
Lad,1,,,
Ladyboon,1,,,
Lafix,1,,,
Laghu,1,,,
Lahexy,1,,,
Lama,1,,,
Lameta,1,,,
Lamight,1,,,
Lamina,1,,,
Lamixa,1,,,
Lamogin,1,,,
Lamol,1,,,
Lamolid,1,,,
Lamp,1,,,
Lamriga,1,,,
Lancet,1,,,
Lanfil,1,,,
Lanfree,1,,,
Lanofast,1,,,
Lanoglif,1,,,
Lanoxin,1,,,
Lansibit,1,,,
Lansomyth,1,,,
Lansopy,1,,,
Lanstez,1,,,
Lantac,1,,,
Lanzpro,1,,,
Laproase,1,,,
Laptev,1,,,
Larepasm,1,,,
Largy,1,,,
Larical,1,,,
Laricet,1,,,
Laridol,1,,,
Laripred,1,,,
Larisap,1,,,
Larkjet,1,,,
Larsmont,1,,,
Lasilactone,1,,,
Lasilarc,1,,,
Lasmiray,1,,,
Lasspro,1,,,
Latical,1,,,
Latin,1,,,
Lavir,1,,,
Laviril,1,,,
Laxadi,1,,,
Laxcig,1,,,
Laxecute,1,,,
Laxet,1,,,
Laxmivilas,1,,,
Laxo,1,,,
Laxodol,1,,,
Laxwel,1,,,
Laycef,1,,,
Lazon,1,,,
Lazovin,1,,,
Lcarpro,1,,,
Lchist,1,,,
Lcm,1,,,
Lct,1,,,
Ldbone,1,,,
Ldlcheck,1,,,
Leaz,1,,,
Lebact,1,,,
Lebatens,1,,,
Lecerein,1,,,
Lectil,1,,,
Lectis,1,,,
Ledercort,1,,,
Leecet,1,,,
Leecorn,1,,,
Leemol,1,,,
Leemon,1,,,
Leerox,1,,,
Leftab,1,,,
Lefumod,1,,,
Lefusal,1,,,
Lefvaz,1,,,
Lek,1,,,
Lekast,1,,,
Leleon,1,,,
Lemet,1,,,
Lemisar,1,,,
Lemisure,1,,,
Lemkast,1,,,
Lemonext,1,,,
Lemonsee,1,,,
Lemontra,1,,,
Lemoson,1,,,
Lentor,1,,,
Lentykine,1,,,
Lenziron,1,,,
Leocetin,1,,,
Leoflox,1,,,
Leoplex,1,,,
Leosulta,1,,,
Leotor,1,,,
Leotrin,1,,,
Leozine,1,,,
Leporis,1,,,
Lerinex,1,,,
Lescol,1,,,
Lesularc,1,,,
Letall,1,,,
Letcon,1,,,
Letero,1,,,
Leterol,1,,,
Letisha,1,,,
Letomom,1,,,
Letoval,1,,,
Letozis,1,,,
Letpro,1,,,
Letrobest,1,,,
Letrobless,1,,,
Letrofil,1,,,
Letrohope,1,,,
Letrolarc,1,,,
Letronat,1,,,
Letronol,1,,,
Letroserum,1,,,
Letryl,1,,,
Lets,1,,,
Letsi,1,,,
Letsure,1,,,
Letzotem,1,,,
Leucovorin,1,,,
Levalergy,1,,,
Levapp,1,,,
Levecad,1,,,
Levecetam,1,,,
Leveder,1,,,
Leveeg,1,,,
Leveking,1,,,
Levenac,1,,,
Leveraze,1,,,
Leveron,1,,,
Levexitam,1,,,
Levialfa,1,,,
Levicare,1,,,
Levicent,1,,,
Levicyn,1,,,
Leviliv,1,,,
Levipin,1,,,
Levipride,1,,,
Levisign,1,,,
Levisure,1,,,
Levitam,1,,,
Levitra,1,,,
Levitry,1,,,
Levitune,1,,,
Leviz,1,,,
Levmed,1,,,
Levmon,1,,,
Levmore,1,,,
Levocad,1,,,
Levocat,1,,,
Levocelark,1,,,
Levocetzime,1,,,
Levocide,1,,,
Levocin,1,,,
Levocit,1,,,
Levodez,1,,,
Levoher,1,,,
Levojet,1,,,
Levoler,1,,,
Levolove,1,,,
Levolve,1,,,
Levolyte,1,,,
Levonair,1,,,
Levorac,1,,,
Levoright,1,,,
Levorist,1,,,
Levosetride,1,,,
Levospire,1,,,
Levotab,1,,,
Levotech,1,,,
Levoto,1,,,
Levotramine,1,,,
Levrom,1,,,
Lexaheal,1,,,
Lexatal,1,,,
Lexatel,1,,,
Lexical,1,,,
Lexicam,1,,,
Lezace,1,,,
Lezen,1,,,
Lezolid,1,,,
Lezvo,1,,,
Liamox,1,,,
Liaz,1,,,
Libidofem,1,,,
Librate,1,,,
Libratex,1,,,
Librax,1,,,
Librolent,1,,,
Lidaptin,1,,,
Lidowel,1,,,
Lifcal,1,,,
Ligadiet,1,,,
Ligamove,1,,,
Ligestron,1,,,
Likhafol,1,,,
Lilical,1,,,
Lillycor,1,,,
Limcas,1,,,
Limeecee,1,,,
Lina,1,,,
Linabay,1,,,
Linabricks,1,,,
Linacret,1,,,
Linadapa,1,,,
Linadyl,1,,,
Linaglivac,1,,,
Linahert,1,,,
Linahood,1,,,
Linain,1,,,
Linamit,1,,,
Linapill,1,,,
Linaray,1,,,
Linarise,1,,,
Linasave,1,,,
Linashine,1,,,
Linasorin,1,,,
Linatyt,1,,,
Linaverge,1,,,
Linbotic,1,,,
Lincef,1,,,
Linear,1,,,
Lineca,1,,,
Linezone,1,,,
Linobenz,1,,,
Linokem,1,,,
Linolid,1,,,
Linosept,1,,,
Linotic,1,,,
Linowal,1,,,
Linowin,1,,,
Linozest,1,,,
Linszovin,1,,,
Lintab,1,,,
Lintam,1,,,
Linvas,1,,,
Linwell,1,,,
Linzagid,1,,,
Linzam,1,,,
Linzoforce,1,,,
Linzoford,1,,,
Linzonol,1,,,
Linzosafe,1,,,
Linzotic,1,,,
Linzowyn,1,,,
Lio,1,,,
Lipaglyn,1,,,
Lipgo,1,,,
Lipidator,1,,,
Lipifuse,1,,,
Lipites,1,,,
Lipmont,1,,,
Lipoplanc,1,,,
Liposafe,1,,,
Liposar,1,,,
Liposure,1,,,
Lipovit,1,,,
Lipride,1,,,
Lircetam,1,,,
Lisalt,1,,,
Litem,1,,,
Litholent,1,,,
Lithoril,1,,,
Lithostat,1,,,
Lithowel,1,,,
Litoglip,1,,,
Litriz,1,,,
Livafol,1,,,
Livatira,1,,,
Livbile,1,,,
Livcilno,1,,,
Live,1,,,
Livfred,1,,,
Livial,1,,,
Liviz,1,,,
Livnine,1,,,
Livocetriz,1,,,
Livolola,1,,,
Livomik,1,,,
Livorb,1,,,
Livovit,1,,,
Livowyn,1,,,
Livoz,1,,,
Livrite,1,,,
Livsofit,1,,,
Lizen,1,,,
Lizet,1,,,
Lizokef,1,,,
Lmostat,1,,,
Lnb,1,,,
Lnbflor,1,,,
Lncred,1,,,
Lnz,1,,,
Lobak,1,,,
Lobelong,1,,,
Lobetron,1,,,
Lobg,1,,,
Lobula,1,,,
Locipil,1,,,
Lockdol,1,,,
Lod,1,,,
Lodar,1,,,
Lodol,1,,,
Loette,1,,,
Loeva,1,,,
Lofidol,1,,,
Logan,1,,,
Logvil,1,,,
Loh,1,,,
Lolip,1,,,
Lomitas,1,,,
Lomo,1,,,
Lomonex,1,,,
Lomopro,1,,,
Lomotil,1,,,
Lonacen,1,,,
Lonaris,1,,,
Lonna,1,,,
Lonol,1,,,
Lopamide,1,,,
Lopamzy,1,,,
Lopar,1,,,
Loplock,1,,,
Lopox,1,,,
Lora,1,,,
Loracap,1,,,
Loract,1,,,
Loragum,1,,,
Lorajet,1,,,
Loramyl,1,,,
Loraset,1,,,
Loratop,1,,,
Lorcam,1,,,
Lorday,1,,,
Lorgem,1,,,
Loripride,1,,,
Lorisc,1,,,
Lorisk,1,,,
Lorit,1,,,
Lorjet,1,,,
Lorna,1,,,
Lornamax,1,,,
Lornasafe,1,,,
Lornaser,1,,,
Lorniway,1,,,
Lornix,1,,,
Lorspan,1,,,
Losanex,1,,,
Losanol,1,,,
Losapot,1,,,
Losarlin,1,,,
Lotam,1,,,
Lotas,1,,,
Lotop,1,,,
Lotor,1,,,
Lotranz,1,,,
Lovosite,1,,,
Lovoxin,1,,,
Lowsterol,1,,,
Loxitas,1,,,
Loxone,1,,,
Loyfer,1,,,
Lozaat,1,,,
Lozamat,1,,,
Lozapine,1,,,
Lozatric,1,,,
Lozem,1,,,
Lqrise,1,,,
Lrn,1,,,
Lubeflex,1,,,
Lubrica,1,,,
Lubriflam,1,,,
Lubrimine,1,,,
Lubry,1,,,
Luclo,1,,,
Lufi,1,,,
Lukotrap,1,,,
Lukure,1,,,
Lumepod,1,,,
Lumet,1,,,
Lumether,1,,,
Lungease,1,,,
Lunid,1,,,
Lupart,1,,,
Lupibac,1,,,
Lupibose,1,,,
Lupiheme,1,,,
Lupinac,1,,,
Lupinfer,1,,,
Lupinib,1,,,
Lupirgic,1,,,
Lupisulide,1,,,
Lurafix,1,,,
Lurina,1,,,
Lusa,1,,,
Lutenon,1,,,
Lutimed,1,,,
Luvicar,1,,,
Luzired,1,,,
Lveffect,1,,,
Lvfast,1,,,
Lxfen,1,,,
Lycal,1,,,
Lycazid,1,,,
Lycecal,1,,,
Lycedepin,1,,,
Lycegab,1,,,
Lycegest,1,,,
Lyconex,1,,,
Lycotin,1,,,
Lycoturn,1,,,
Lycovault,1,,,
Lycoxy,1,,,
Lyglim,1,,,
Lyke,1,,,
Lymca,1,,,
Lympedim,1,,,
Lympomac,1,,,
Lysiprin,1,,,
Lysulin,1,,,
Lzin,1,,,
Maabliss,1,,,
Macarbi,1,,,
Macba,1,,,
Mace,1,,,
Macflox,1,,,
Macgd3,1,,,
Macikad,1,,,
Macitent,1,,,
Macpee,1,,,
Macromycin,1,,,
Macrovit,1,,,
Macrozac,1,,,
Macsoralen,1,,,
Mactek,1,,,
Macuage,1,,,
Macucure,1,,,
Macumer,1,,,
Macushield,1,,,
Macutrust,1,,,
Macuvega,1,,,
Macvert,1,,,
Madhumehari,1,,,
Mafcare,1,,,
Magamax,1,,,
Magbig,1,,,
Magcheck,1,,,
Magdel,1,,,
Magflenz,1,,,
Magical,1,,,
Magins,1,,,
Magit,1,,,
Maginso,1,,,
Maglec,1,,,
Maglinex,1,,,
Magmaxx,1,,,
Magnesion,1,,,
Magnetral,1,,,
Magnisure,1,,,
Magniwel,1,,,
Magno,1,,,
Magnum,1,,,
Magrex,1,,,
Magrical,1,,,
Magrium,1,,,
Magshine,1,,,
Magtop,1,,,
Magtor,1,,,
Mahacal,1,,,
Mahadol,1,,,
Mahamox,1,,,
Mahashankh,1,,,
Mahaspas,1,,,
Mahavatvidhwansan,1,,,
Mahayograj,1,,,
Maistar,1,,,
Maitel,1,,,
Mala,1,,,
Maltinorm,1,,,
Maltri,1,,,
Mamazol,1,,,
Manasamitra,1,,,
Manievert,1,,,
Manoten,1,,,
Map,1,,,
Maqvue,1,,,
Marodol,1,,,
Martin,1,,,
Martinor,1,,,
Maschio,1,,,
Masglow,1,,,
Mast,1,,,
Mastercal,1,,,
Mastifen,1,,,
Matcalm,1,,,
Mather,1,,,
Matical,1,,,
Matilonaz,1,,,
Mattofer,1,,,
Mattomg,1,,,
Matzol,1,,,
Maxcoen,1,,,
Maxeron,1,,,
Maxfree,1,,,
Maxgalip,1,,,
Maxgm,1,,,
Maximim,1,,,
Maximune,1,,,
Maximus,1,,,
Maxitrate,1,,,
Maxitriol,1,,,
Maxnac,1,,,
Maxogest,1,,,
Maxolish,1,,,
Maxolog,1,,,
Maxon,1,,,
Maxpress,1,,,
Maxpure,1,,,
Maxred,1,,,
Maxrel,1,,,
Maxstrok,1,,,
Maxtib,1,,,
Maxtrum,1,,,
Maxtune,1,,,
Maxx,1,,,
Maxynac,1,,,
Maycal,1,,,
Mayglino,1,,,
Mayil,1,,,
Mayudef,1,,,
Mayumont,1,,,
Mayuron,1,,,
Maz,1,,,
Mazes,1,,,
Mbil,1,,,
Mbson,1,,,
Mb,1,,,
Mbtron,1,,,
Mcb,1,,,
Mcm,1,,,
Meacal,1,,,
Mebalin,1,,,
Mebaspa,1,,,
Mebesan,1,,,
Mebryl,1,,,
Mec,1,,,
Mecanerv,1,,,
Mecnnial,1,,,
Mecobelin,1,,,
Mecodenz,1,,,
Mecodila,1,,,
Mecofeel,1,,,
Mecofiz,1,,,
Mecoflow,1,,,
Mecokard,1,,,
Mecomore,1,,,
Meconex,1,,,
Mecopol,1,,,
Mecort,1,,,
Mecosil,1,,,
Mecostar,1,,,
Mecotech,1,,,
Mecotin,1,,,
Mecotrip,1,,,
Mecoturn,1,,,
Medbone,1,,,
Medcort,1,,,
Medea,1,,,
Medestra,1,,,
Medhair,1,,,
Medibuse,1,,,
Medicam,1,,,
Mediformin,1,,,
Medijoint,1,,,
Medipan,1,,,
Medisam,1,,,
Medistrong,1,,,
Medivas,1,,,
Medizyme,1,,,
Mednocal,1,,,
Medoc,1,,,
Medprol,1,,,
Medrano,1,,,
Medrigest,1,,,
Medrofix,1,,,
Medrogest,1,,,
Medropone,1,,,
Meds,1,,,
Medtoin,1,,,
Medveo,1,,,
Medvit,1,,,
Mefarc,1,,,
Mefcro,1,,,
Mefdys,1,,,
Mefex,1,,,
Mefisat,1,,,
Mefiway,1,,,
Mefloc,1,,,
Meflotas,1,,,
Mefniful,1,,,
Mefnik,1,,,
Mefnol,1,,,
Mefor,1,,,
Mefque,1,,,
Meftax,1,,,
Mefudic,1,,,
Mefzest,1,,,
Mefzone,1,,,
Megaeye,1,,,
Megaloc,1,,,
Megalyco,1,,,
Megamentin,1,,,
Megamet,1,,,
Megamove,1,,,
Meganef,1,,,
Meganor,1,,,
Meganxt,1,,,
Megaphage,1,,,
Megaril,1,,,
Megaspas,1,,,
Megasty,1,,,
Megazole,1,,,
Megest,1,,,
Megesta,1,,,
Megesym,1,,,
Megnistar,1,,,
Megnovit,1,,,
Magorich,1,,,
Megrand,1,,,
Mekgud,1,,,
Meklin,1,,,
Mekoflox,1,,,
Meladerm,1,,,
Melados,1,,,
Melan,1,,,
Melanap,1,,,
Melanovit,1,,,
Melaroc,1,,,
Melatos,1,,,
Melcitacal,1,,,
Melcytel,1,,,
Melfax,1,,,
Melnite,1,,,
Meloclair,1,,,
Melodorm,1,,,
Meloflex,1,,,
Melora,1,,,
Melovina,1,,,
Meltofast,1,,,
Melyouth,1,,,
Mementis,1,,,
Memtrace,1,,,
Menabol,1,,,
Menacal,1,,,
Menarif,1,,,
Mendate,1,,,
Menfer,1,,,
Menfinac,1,,,
Menoctyl,1,,,
Menopress,1,,,
Menorid,1,,,
Menovit,1,,,
Men,1,,,
Menq,1,,,
Mensil,1,,,
Mensuline,1,,,
Mentoplast,1,,,
Mepal,1,,,
Mepnor,1,,,
Mepredway,1,,,
Mepzide,1,,,
Meralc,1,,,
Meri,1,,,
Mericef,1,,,
Mericobal,1,,,
Merislon,1,,,
Merocal,1,,,
Merokast,1,,,
Mertabto,1,,,
Mertixl,1,,,
Mesalacure,1,,,
Mesanil,1,,,
Mesitime,1,,,
Meslo,1,,,
Mesomet,1,,,
Metablim,1,,,
Metabolis,1,,,
Metabose,1,,,
Metacure,1,,,
Metadex,1,,,
Metadoxil,1,,,
Metaferol,1,,,
Metaglim,1,,,
Metalia,1,,,
Metapain,1,,,
Metask,1,,,
Metaxel,1,,,
Metaxone,1,,,
Metbay,1,,,
Metbetic,1,,,
Metbless,1,,,
Metchek,1,,,
Metcomin,1,,,
Metcy,1,,,
Metcyn,1,,,
Metfaith,1,,,
Metfolin,1,,,
Metfor,1,,,
Metfortal,1,,,
Metfortex,1,,,
Metgab,1,,,
Methaclear,1,,,
Methinova,1,,,
Methnipred,1,,,
Methocort,1,,,
Methonac,1,,,
Methonex,1,,,
Methosam,1,,,
Methostes,1,,,
Methris,1,,,
Methybless,1,,,
Methycare,1,,,
Methyduce,1,,,
Methyford,1,,,
Methylic,1,,,
Methylin,1,,,
Methylview,1,,,
Methynerve,1,,,
Methypreg,1,,,
Metiace,1,,,
Metmaa,1,,,
Metnue,1,,,
Metobal,1,,,
Metocerna,1,,,
Metocontin,1,,,
Metogyl,1,,,
Metoink,1,,,
Metolaz,1,,,
Metolet,1,,,
Metolyzin,1,,,
Metomix,1,,,
Metoral,1,,,
Metoright,1,,,
Metossil,1,,,
Metovent,1,,,
Metover,1,,,
Metowald,1,,,
Metozest,1,,,
Metprax,1,,,
Metrich,1,,,
Metrise,1,,,
Metronec,1,,,
Metroquin,1,,,
Metrowyn,1,,,
Metrozee,1,,,
Metrula,1,,,
Metster,1,,,
Mettel,1,,,
Metvomin,1,,,
Metwun,1,,,
Metzia,1,,,
Metzone,1,,,
Metzox,1,,,
Mevert,1,,,
Mexigliz,1,,,
Mexrova,1,,,
Mezapin,1,,,
Mezica,1,,,
Mferri,1,,,
Mfol,1,,,
Mformom,1,,,
Mfros,1,,,
Mgfiz,1,,,
Mgnium,1,,,
Mgp,1,,,
Mgrisen,1,,,
Mgtel,1,,,
Mh,1,,,
Miap,1,,,
Micef,1,,,
Mico,1,,,
Micobin,1,,,
Micolex,1,,,
Microbis,1,,,
Microcal,1,,,
Microcerin,1,,,
Microflam,1,,,
Microliv,1,,,
Microphyllin,1,,,
Micropod,1,,,
Micropyrin,1,,,
Mictuease,1,,,
Mid,1,,,
Mido,1,,,
Midodrive,1,,,
Midora,1,,,
Midorexxa,1,,,
Midormed,1,,,
Mifeprin,1,,,
Mifeprog,1,,,
Migazine,1,,,
Migdura,1,,,
Mighold,1,,,
Mignil,1,,,
Migra,1,,,
Migrahalt,1,,,
Migran,1,,,
Migraneck,1,,,
Migranta,1,,,
Migraoff,1,,,
Migrasmart,1,,,
Migratreat,1,,,
Migratrend,1,,,
Migrawise,1,,,
Migrid,1,,,
Mildfil,1,,,
Miliana,1,,,
Milkcal,1,,,
Milopin,1,,,
Mimcina,1,,,
Mimod,1,,,
Minagest,1,,,
Minal,1,,,
Mincin,1,,,
Mincriten,1,,,
Mindbeta,1,,,
Minded,1,,,
Mindzen,1,,,
Minerva,1,,,
Minesse,1,,,
Minibex,1,,,
Minilactone,1,,,
Minivert,1,,,
Minkos,1,,,
Minmul,1,,,
Minocal,1,,,
Minocidox,1,,,
Minosta,1,,,
Minoxytez,1,,,
Mintona,1,,,
Miocica,1,,,
Miodac,1,,,
Miogold,1,,,
Mioinos,1,,,
Miotel,1,,,
Miova,1,,,
Mip,1,,,
Mipride,1,,,
Mirabone,1,,,
Mirafresh,1,,,
Miraglo,1,,,
Miranap,1,,,
Mirapause,1,,,
Miraquick,1,,,
Miraquint,1,,,
Miraseal,1,,,
Mirasure,1,,,
Miravit,1,,,
Mirawyn,1,,,
Mirdot,1,,,
Miree,1,,,
Mirtadep,1,,,
Mirtajoy,1,,,
Mirtho,1,,,
Mirumigest,1,,,
Mirzest,1,,,
Misapin,1,,,
Misobid,1,,,
Misogesic,1,,,
Mitiron,1,,,
Mitostatin,1,,,
Mitra,1,,,
Mixcarotin,1,,,
Mixgenta,1,,,
Mixoxi,1,,,
Mlc,1,,,
Mlmox,1,,,
Mlofeb,1,,,
Mmtol,1,,,
Mnc,1,,,
Moaid,1,,,
Mobicam,1,,,
Mobicure,1,,,
Mobigold,1,,,
Mobinex,1,,,
Mobiplus,1,,,
Mobirose,1,,,
Mobisure,1,,,
Mobiswift,1,,,
Mobium,1,,,
Mobivox,1,,,
Mobiwok,1,,,
Moca,1,,,
Mocet,1,,,
Modcef,1,,,
Modinitiate,1,,,
Modrok,1,,,
Modsert,1,,,
Modula,1,,,
Modus,1,,,
Moficept,1,,,
Mofin,1,,,
Mofisure,1,,,
Moflet,1,,,
Mogilax,1,,,
Moglin,1,,,
Mograin,1,,,
Moka,1,,,
Mokast,1,,,
Mokcan,1,,,
Mokshtra,1,,,
Molday,1,,,
Molepiritin,1,,,
Momocal,1,,,
Monadine,1,,,
Monakast,1,,,
Monazepam,1,,,
Moncel,1,,,
Monclup,1,,,
Mondeslor,1,,,
Mondlor,1,,,
Monex,1,,,
Monget,1,,,
Monitor,1,,,
Monobe,1,,,
Monocobal,1,,,
Monolev,1,,,
Monopod,1,,,
Monowick,1,,,
Monprime,1,,,
Monsun,1,,,
Montacure,1,,,
Montalive,1,,,
Montarez,1,,,
Montast,1,,,
Montecort,1,,,
Montefex,1,,,
Montegra,1,,,
Montelo,1,,,
Montepex,1,,,
Montepower,1,,,
Monteral,1,,,
Monterite,1,,,
Montescot,1,,,
Montex,1,,,
Montexer,1,,,
Monti,1,,,
Monticet,1,,,
Montidus,1,,,
Montilar,1,,,
Montiride,1,,,
Montiscaa,1,,,
Montiwave,1,,,
Montoches,1,,,
Montorip,1,,,
Montowide,1,,,
Montrizin,1,,,
Montu,1,,,
Montvel,1,,,
Montylaj,1,,,
Montz,1,,,
Montzer,1,,,
Monzap,1,,,
Moodfine,1,,,
Moodrive,1,,,
Mopant,1,,,
Mordica,1,,,
Moreflex,1,,,
Moregaba,1,,,
Morepan,1,,,
Morine,1,,,
Mormect,1,,,
Mortega,1,,,
Mosart,1,,,
Mosawin,1,,,
Mosiba,1,,,
Most,1,,,
Motilium,1,,,
Motivyst,1,,,
Movacare,1,,,
Movace,1,,,
Movado,1,,,
Movalol,1,,,
Movamix,1,,,
Movapentin,1,,,
Movaswyn,1,,,
Moveflex,1,,,
Movel,1,,,
Movesure,1,,,
Movidol,1,,,
Moxcis,1,,,
Moxievit,1,,,
Moxiflox,1,,,
Moximac,1,,,
Moxinclav,1,,,
Moxinow,1,,,
Moxirix,1,,,
Moxitor,1,,,
Moxmets,1,,,
Moxonid,1,,,
Moxtax,1,,,
Moxyclav,1,,,
Mozive,1,,,
Mozollin,1,,,
Mpowervit,1,,,
Mpreg,1,,,
Mptoris,1,,,
Mq,1,,,
Mrd3,1,,,
Msol,1,,,
Mspore,1,,,
Mstop,1,,,
Mt,1,,,
Mthfr,1,,,
Mucal,1,,,
Mucant,1,,,
Mucewick,1,,,
Muciflo,1,,,
Mucimen,1,,,
Muciwon,1,,,
Mucoend,1,,,
Mucolin,1,,,
Mucomelt,1,,,
Muconex,1,,,
Muconia,1,,,
Mucophylin,1,,,
Mucorin,1,,,
Mucosyn,1,,,
Mucovisc,1,,,
Mucytine,1,,,
Mufer,1,,,
Multibrim,1,,,
Multidale,1,,,
Multielite,1,,,
Multifiber,1,,,
Multijack,1,,,
Multimin,1,,,
Multimust,1,,,
Multinus,1,,,
Multiod,1,,,
Multisat,1,,,
Multivalue,1,,,
Multivan,1,,,
Multizeal,1,,,
Mumbels,1,,,
Mumins,1,,,
Muscae,1,,,
Muscalt,1,,,
Muscle,1,,,
Musclospas,1,,,
Musical,1,,,
Muskel,1,,,
Muslcarn,1,,,
Musran,1,,,
Mustong,1,,,
Mvassure,1,,,
Mvbc,1,,,
Mvday,1,,,
Mvxp,1,,,
Mybro,1,,,
Mychiro,1,,,
Myclav,1,,,
Mycocel,1,,,
Myconex,1,,,
Mycophen,1,,,
Mycoral,1,,,
Mycorite,1,,,
Mycosan,1,,,
Mycotil,1,,,
Mycurit,1,,,
Mydydro,1,,,
Myelopack,1,,,
Myestin,1,,,
Mygfr,1,,,
Mygod,1,,,
Myhep,1,,,
Mylabion,1,,,
Mylin,1,,,
Mylincure,1,,,
Mylingard,1,,,
Mylocal,1,,,
Mylofix,1,,,
Mylonerv,1,,,
Mylonorm,1,,,
Mylotin,1,,,
Mymag,1,,,
Mymical,1,,,
Mymifer,1,,,
Mymitol,1,,,
Mynerve,1,,,
Mynest,1,,,
Mynuron,1,,,
Myoacec,1,,,
Myoage,1,,,
Myobery,1,,,
Myobid,1,,,
Myocatch,1,,,
Myoceive,1,,,
Myocetamol,1,,,
Myochlor,1,,,
Myoconceive,1,,,
Myocrit,1,,,
Myocycle,1,,,
Myodol,1,,,
Myofeel,1,,,
Myofem,1,,,
Myofur,1,,,
Myogill,1,,,
Myoglad,1,,,
Myograce,1,,,
Myogyn,1,,,
Myokart,1,,,
Myokramp,1,,,
Myolaxus,1,,,
Myolink,1,,,
Myomela,1,,,
Myomet,1,,,
Myomin,1,,,
Myomix,1,,,
Myomove,1,,,
Myonal,1,,,
Myonext,1,,,
Myonstol,1,,,
Myonuron,1,,,
Myoplus,1,,,
Myorest,1,,,
Myoreval,1,,,
Myostat,1,,,
Myotol,1,,,
Myova,1,,,
Myovite,1,,,
Myovum,1,,,
Myphen,1,,,
Myra,1,,,
Myritol,1,,,
Mysoline,1,,,
Myson,1,,,
Mystead,1,,,
Mytiflam,1,,,
Mytiga,1,,,
Myvez,1,,,
Myvits,1,,,
Myzulin,1,,,
Mzolid,1,,,
Nabitem,1,,,
Nacbion,1,,,
Nacbrace,1,,,
Nacbro,1,,,
Nace,1,,,
Nacelarc,1,,,
Nacho,1,,,
Nacio,1,,,
Nacmust,1,,,
Nacromax,1,,,
Nactin,1,,,
Nactorin,1,,,
Nactrev,1,,,
Nadtotal,1,,,
Naf,1,,,
Nal,1,,,
Nalcres,1,,,
Naltima,1,,,
Naltoprime,1,,,
Naltox,1,,,
Naltrust,1,,,
Namiron,1,,,
Nana,1,,,
Nanax,1,,,
Nancal,1,,,
Nanfer,1,,,
Nanofit,1,,,
Nanogold,1,,,
Nanpril,1,,,
Nantel,1,,,
Napaxin,1,,,
Napoflam,1,,,
Napolone,1,,,
Napopeace,1,,,
Napoxin,1,,,
Napq,1,,,
Naprolite,1,,,
Napromac,1,,,
Naprosmile,1,,,
Naprospin,1,,,
Naprostrong,1,,,
Naptril,1,,,
Napwell,1,,,
Napzole,1,,,
Narcogin,1,,,
Narvagen,1,,,
Nar,1,,,
Natbeta,1,,,
Natcolan,1,,,
Natremia,1,,,
Natribeta,1,,,
Natrilarc,1,,,
Nattocal,1,,,
Natur,1,,,
Nausik,1,,,
Navakesh,1,,,
Naval,1,,,
Navina,1,,,
Naxen,1,,,
Naxiteine,1,,,
Naxpesure,1,,,
Ncal,1,,,
Ncnorm,1,,,
Ncox,1,,,
Neal,1,,,
Nebiact,1,,,
Nebidip,1,,,
Nebiglen,1,,,
Nebilax,1,,,
Nebitek,1,,,
Nebitime,1,,,
Nebizar,1,,,
Necozulin,1,,,
Needvit,1,,,
Neehunt,1,,,
Neepod,1,,,
Neevapreg,1,,,
Nefcit,1,,,
Nefguard,1,,,
Nefintra,1,,,
Neflog,1,,,
Nefosar,1,,,
Nefro,1,,,
Nefrobeat,1,,,
Nefroday,1,,,
Nefrofit,1,,,
Nefroheal,1,,,
Nefrokind,1,,,
Nefroking,1,,,
Nefrolex,1,,,
Nefroplus,1,,,
Nefropres,1,,,
Nefroprotect,1,,,
Nefroshield,1,,,
Nefrostar,1,,,
Nefrotaur,1,,,
Nefrotone,1,,,
Nefrozon,1,,,
Neftab,1,,,
Neipercort,1,,,
Nelnac,1,,,
Neltax,1,,,
Nemino,1,,,
Nemtrend,1,,,
Neolen,1,,,
Neosol,1,,,
Neostrol,1,,,
Neotrexate,1,,,
Nephcetyl,1,,,
Nephroact,1,,,
Nephroadd,1,,,
Nephrobert,1,,,
Nephroheal,1,,,
Nephrosan,1,,,
Nephrosis,1,,,
Nephrosoft,1,,,
Nephrovid,1,,,
Nephrozy,1,,,
Nephtam,1,,,
Nephvit,1,,,
Nep,1,,,
Neprilive,1,,,
Nepronac,1,,,
Neproway,1,,,
Neprowyn,1,,,
Nepsoda,1,,,
Nerday,1,,,
Nermed,1,,,
Nersave,1,,,
Nersoft,1,,,
Nerulin,1,,,
Nerun,1,,,
Nervact,1,,,
Nervburn,1,,,
Nervcad,1,,,
Nervcrit,1,,,
Nervduce,1,,,
Nerveapp,1,,,
Nervebite,1,,,
Nervebrik,1,,,
Nervecalm,1,,,
Nerveklin,1,,,
Nervend,1,,,
Nervenext,1,,,
Nervic,1,,,
Nervicharge,1,,,
Nervier,1,,,
Nervigest,1,,,
Nervigod,1,,,
Nervikar,1,,,
Nervilift,1,,,
Nervitan,1,,,
Nervkart,1,,,
Nervmylin,1,,,
Nervomix,1,,,
Nervotin,1,,,
Nervotop,1,,,
Nervows,1,,,
Nervpace,1,,,
Nervprime,1,,,
Nervscan,1,,,
Nervsenz,1,,,
Nervshine,1,,,
Nervspine,1,,,
Nervuptin,1,,,
Neset,1,,,
Nespro,1,,,
Nestate,1,,,
Nestor,1,,,
Netiross,1,,,
Netthair,1,,,
Neual,1,,,
Neucal,1,,,
Neucare,1,,,
Neuclox,1,,,
Neucramp,1,,,
Neudent,1,,,
Neugatrip,1,,,
Neujoint,1,,,
Neulox,1,,,
Neupent,1,,,
Neuproex,1,,,
Neuray,1,,,
Neurlyca,1,,,
Neuroage,1,,,
Neurobe,1,,,
Neurobeta,1,,,
Neurobid,1,,,
Neurobran,1,,,
Neurochek,1,,,
Neurofast,1,,,
Neurofine,1,,,
Neurogaba,1,,,
Neurogel,1,,,
Neurokantin,1,,,
Neurolot,1,,,
Neurom,1,,,
Neuromart,1,,,
Neuromix,1,,,
Neurone,1,,,
Neuronem,1,,,
Neuronet,1,,,
Neuronlife,1,,,
Neuronorm,1,,,
Neurontin,1,,,
Neuronvel,1,,,
Neurophin,1,,,
Neurorite,1,,,
Neurosal,1,,,
Neuroser,1,,,
Neuroserch,1,,,
Neurosis,1,,,
Neurostag,1,,,
Neurotab,1,,,
Neurotrend,1,,,
Neuroway,1,,,
Neurowyn,1,,,
Neurozan,1,,,
Neuthia,1,,,
Neutolen,1,,,
Neutracaine,1,,,
Neutram,1,,,
Neutrin,1,,,
Neutrizyme,1,,,
Neuvel,1,,,
Neuvin,1,,,
Neuvix,1,,,
Nevivir,1,,,
Newdapa,1,,,
Newjoint,1,,,
Newpan,1,,,
Newpio,1,,,
Newsync,1,,,
Newtest,1,,,
Nexacobal,1,,,
Nexamin,1,,,
Nexcil,1,,,
Nexfolin,1,,,
Nexfrac,1,,,
Nexibone,1,,,
Nexideal,1,,,
Neximide,1,,,
Nexipam,1,,,
Nexipel,1,,,
Nexiplus,1,,,
Nexjoint,1,,,
Nexmogal,1,,,
Nexo,1,,,
Nexonac,1,,,
Nexred,1,,,
Nexreliv,1,,,
Nezivol,1,,,
Nflox,1,,,
Ngtel,1,,,
Nhs,1,,,
Niacin,1,,,
Niap,1,,,
Nicardiwyn,1,,,
Nicecal,1,,,
Nicenta,1,,,
Nicerbium,1,,,
Nicetam,1,,,
Nicobyt,1,,,
Nicodil,1,,,
Nicodol,1,,,
Nicofast,1,,,
Nicoflox,1,,,
Nicoglow,1,,,
Nicoguard,1,,,
Nicorcaid,1,,,
Nicospas,1,,,
Nicovit,1,,,
Nicoway,1,,,
Nicozox,1,,,
Nicsore,1,,,
Nidagest,1,,,
Nidaston,1,,,
Nif,1,,,
Nifetag,1,,,
Nifiren,1,,,
Nifnext,1,,,
Nifralarc,1,,,
Nifralmed,1,,,
Niftfil,1,,,
Niftikind,1,,,
Niftop,1,,,
Niftract,1,,,
Niftred,1,,,
Nifty,1,,,
Nifutin,1,,,
Nifzed,1,,,
Nigcium,1,,,
Nigolol,1,,,
Nikigrain,1,,,
Nikofive,1,,,
Nikomink,1,,,
Nikwel,1,,,
Nilcramp,1,,,
Nilol,1,,,
Niloxid,1,,,
Nimbond,1,,,
Nimeda,1,,,
Nimekind,1,,,
Nimeril,1,,,
Nimesularc,1,,,
Nimesumed,1,,,
Nimgard,1,,,
Nimget,1,,,
Nimi,1,,,
Nimirite,1,,,
Nimjoint,1,,,
Nimocer,1,,,
Nimodec,1,,,
Nimodex,1,,,
Nimodip,1,,,
Nimodol,1,,,
Nimono,1,,,
Nimpara,1,,,
Nimprex,1,,,
Nimriz,1,,,
Nimsaid,1,,,
Nimsfen,1,,,
Nimsquare,1,,,
Nimstru,1,,,
Nimtech,1,,,
Nimtop,1,,,
Nimucross,1,,,
Nimudar,1,,,
Nimudaz,1,,,
Nimudec,1,,,
Nimuflex,1,,,
Nimulase,1,,,
Nimutab,1,,,
Nimutal,1,,,
Nindra,1,,,
Ninefol,1,,,
Nita,1,,,
Nitab,1,,,
Nitedozz,1,,,
Nitocer,1,,,
Nitomin,1,,,
Nitrofortime,1,,,
Nitrepin,1,,,
Nitro,1,,,
Nitrobest,1,,,
Nitrobless,1,,,
Nitrocaid,1,,,
Nitrocam,1,,,
Nitroder,1,,,
Nitrofon,1,,,
Nitrofur,1,,,
Nitrogina,1,,,
Nitroglyder,1,,,
Nitrohart,1,,,
Nitromin,1,,,
Nitrorin,1,,,
Nitrosquare,1,,,
Nitrotab,1,,,
Nitrotime,1,,,
Nitrotret,1,,,
Nitrozen,1,,,
Nitrus,1,,,
Nivabion,1,,,
Nivix,1,,,
Nixen,1,,,
Niyal,1,,,
Nizi,1,,,
Nobacil,1,,,
Nobligan,1,,,
Nocarb,1,,,
Nocidol,1,,,
Nocktum,1,,,
Nodict,1,,,
Nodip,1,,,
Nodity,1,,,
Nodoren,1,,,
Nofdol,1,,,
Nofymag,1,,,
Nohands,1,,,
Nohives,1,,,
Nokrono,1,,,
Nolvadex,1,,,
Nonbac,1,,,
Noplaq,1,,,
Norbax,1,,,
Norbenz,1,,,
Norbid,1,,,
Norblend,1,,,
Norcin,1,,,
Norday,1,,,
Norestwyn,1,,,
Norfaxa,1,,,
Norfresh,1,,,
Norgam,1,,,
Norgen,1,,,
Norgest,1,,,
Norglen,1,,,
Norho,1,,,
Norip,1,,,
Noriza,1,,,
Norlut,1,,,
Normator,1,,,
Normocare,1,,,
Normolin,1,,,
Normonal,1,,,
Normonerv,1,,,
Normpro,1,,,
Normyo,1,,,
Norpeg,1,,,
Norpex,1,,,
Norpin,1,,,
Norpregalin,1,,,
Nortigab,1,,,
Nortimax,1,,,
Nortin,1,,,
Nortinerve,1,,,
Nortini,1,,,
Nortip,1,,,
Norton,1,,,
Nortreat,1,,,
Norvalette,1,,,
Norvical,1,,,
Norwayz,1,,,
Norwell,1,,,
Noryl,1,,,
Nosic,1,,,
Nosier,1,,,
Nourkrin,1,,,
Novablock,1,,,
Novaclav,1,,,
Novaday,1,,,
Novaspas,1,,,
Novdol,1,,,
Novelon,1,,,
Novipara,1,,,
Noviron,1,,,
Novocerin,1,,,
Novoglipt,1,,,
Novositol,1,,,
Novosiz,1,,,
Nozee,1,,,
Nozim,1,,,
Nrgiz,1,,,
Ntpal,1,,,
Nuavomin,1,,,
Nubounz,1,,,
Nucaldi,1,,,
Nucerin,1,,,
Nudefza,1,,,
Nudhea,1,,,
Nudival,1,,,
Nudol,1,,,
Nugab,1,,,
Nugent,1,,,
Nuglim,1,,,
Nugrel,1,,,
Nuhb,1,,,
Nujoint,1,,,
Nulacid,1,,,
Nulcer,1,,,
Nulinzol,1,,,
Nuloflam,1,,,
Nuluk,1,,,
Nulyn,1,,,
Numada,1,,,
Numaxim,1,,,
Numedol,1,,,
Nunaf,1,,,
Nunest,1,,,
Nupair,1,,,
Nupan,1,,,
Nuparp,1,,,
Nupaz,1,,,
Nupred,1,,,
Nuprin,1,,,
Nuraglin,1,,,
Nurator,1,,,
Nurica,1,,,
Nurical,1,,,
Nuriflox,1,,,
Nuring,1,,,
Nurish,1,,,
Nurivita,1,,,
Neurolarc,1,,,
Nurocob,1,,,
Nurocol,1,,,
Nurocot,1,,,
Nurodil,1,,,
Nurodin,1,,,
Nurodium,1,,,
Nurofol,1,,,
Nuroglad,1,,,
Nurogress,1,,,
Nurojoy,1,,,
Nurokem,1,,,
Nuroloc,1,,,
Nurolong,1,,,
Nuromark,1,,,
Nuromic,1,,,
Nuronall,1,,,
Nuronix,1,,,
Nurosense,1,,,
Nurospore,1,,,
Nurotroy,1,,,
Nuroturn,1,,,
Nuroxyvit,1,,,
Nurtec,1,,,
Nusave,1,,,
Nusid,1,,,
Nusotol,1,,,
Nusozep,1,,,
Nusteron,1,,,
Nutacal,1,,,
Nutappex,1,,,
Nutin,1,,,
Nutracer,1,,,
Nutracne,1,,,
Nutradyn,1,,,
Nutricad,1,,,
Nutricor,1,,,
Nutridac,1,,,
Nutrihope,1,,,
Nutrijoint,1,,,
Nutrikart,1,,,
Nutrinion,1,,,
Nutrinova,1,,,
Nutriows,1,,,
Nutritain,1,,,
Nutriva,1,,,
Nutrivit,1,,,
Nutriwalk,1,,,
Nutrixive,1,,,
Nutrobril,1,,,
Nutropatch,1,,,
Nutrum,1,,,
Nutvit,1,,,
Nuvapta,1,,,
Nuvels,1,,,
Nuvit,1,,,
Nuvitaz,1,,,
Nuvog,1,,,
Nuvva,1,,,
Nuvvacal,1,,,
Nuwok,1,,,
Nuzevita,1,,,
Nuzil,1,,,
Nuzine,1,,,
Nv,1,,,
Nvp,1,,,
Nvtab,1,,,
Nxhead,1,,,
Nykron,1,,,
Nyxofer,1,,,
Oab,1,,,
Oanmelt,1,,,
Oatzy,1,,,
Obax,1,,,
Obenac,1,,,
Obenow,1,,,
Obenyl,1,,,
Obesave,1,,,
Obetas,1,,,
Obethimed,1,,,
Obe,1,,,
Obezave,1,,,
Obgram,1,,,
Obitax,1,,,
Oc,1,,,
Ocalm,1,,,
Occugaurd,1,,,
Ocerin,1,,,
Ocibon,1,,,
Ocimix,1,,,
Ocusave,1,,,
Ocyl,1,,,
Odastin,1,,,
Odicon,1,,,
Odifla,1,,,
Odiglim,1,,,
Odin,1,,,
Odocef,1,,,
Odsart,1,,,
Odtox,1,,,
Odzepam,1,,,
Ofbact,1,,,
Oferol,1,,,
Off,1,,,
Offispan,1,,,
Offliv,1,,,
Offlong,1,,,
Offtex,1,,,
Oflavid,1,,,
Oflex,1,,,
Ofloaura,1,,,
Ofloband,1,,,
Oflobid,1,,,
Oflocin,1,,,
Oflocross,1,,,
Oflomax,1,,,
Oflomid,1,,,
Oflorik,1,,,
Oflorite,1,,,
Oflostar,1,,,
Oflowin,1,,,
Oford,1,,,
Ofoxo,1,,,
Oftirol,1,,,
Ofzac,1,,,
Oga,1,,,
Ogavitz,1,,,
Ogest,1,,,
Ogliroc,1,,,
Oglizin,1,,,
Ojapride,1,,,
Ojas,1,,,
Ojavog,1,,,
Okigest,1,,,
Olacest,1,,,
Olanet,1,,,
Olanzalive,1,,,
Olapad,1,,,
Olaprix,1,,,
Olate,1,,,
Olcetol,1,,,
Oldays,1,,,
Oleptiss,1,,,
Olercare,1,,,
Oleska,1,,,
Olfi,1,,,
Olic,1,,,
Oligofit,1,,,
Oligonorm,1,,,
Olimeg,1,,,
Olimex,1,,,
Oliperos,1,,,
Olisave,1,,,
Olitaz,1,,,
Olite,1,,,
Olmecros,1,,,
Olmed,1,,,
Olmegard,1,,,
Olmehold,1,,,
Olmepres,1,,,
Olmichek,1,,,
Olmiryl,1,,,
Olmiset,1,,,
Olmistra,1,,,
Olmiwall,1,,,
Olocon,1,,,
Oloflox,1,,,
Olox,1,,,
Olparib,1,,,
Olpaza,1,,,
Olpin,1,,,
Olpitric,1,,,
Olarb,1,,,
Olsat,1,,,
Olsavas,1,,,
Oltrypsin,1,,,
Olumiant,1,,,
Olyvit,1,,,
Oman,1,,,
Ometab,1,,,
Omnacefpo,1,,,
Omnical,1,,,
Omtrip,1,,,
Onadofer,1,,,
Onbixin,1,,,
Oncolet,1,,,
Oncomax,1,,,
Oncomox,1,,,
Oncotin,1,,,
Oncovit,1,,,
Ondalife,1,,,
Ondaplus,1,,,
Ondispan,1,,,
Ondone,1,,,
Ondron,1,,,
Oneamino,1,,,
Onecil,1,,,
Onedoz,1,,,
Oneiron,1,,,
Onele,1,,,
Onenac,1,,,
Oneova,1,,,
Onerve,1,,,
Onezole,1,,,
Onlyglim,1,,,
Ontend,1,,,
Ontic,1,,,
Onzith,1,,,
Opano,1,,,
Opanta,1,,,
Opet,1,,,
Opigad,1,,,
Opiprime,1,,,
Opratab,1,,,
Oprucet,1,,,
Opsutan,1,,,
Optd5,1,,,
Optican,1,,,
Optidoz,1,,,
Optiglim,1,,,
Optigold,1,,,
Optikal,1,,,
Optimelo,1,,,
Optiza,1,,,
Oq,1,,,
Oracitam,1,,,
Orafast,1,,,
Orajoint,1,,,
Oramon,1,,,
Oramylin,1,,,
Orant,1,,,
Orarek,1,,,
Orcibest,1,,,
Ordent,1,,,
Oreta,1,,,
Orgaduph,1,,,
Orgamed,1,,,
Orgazee,1,,,
Orgonist,1,,,
Oricox,1,,,
Orinator,1,,,
Orkas,1,,,
Orkomyth,1,,,
Orlip,1,,,
Ornavolt,1,,,
Ornicef,1,,,
Orniflox,1,,,
Ornilox,1,,,
Orocal,1,,,
Orocef,1,,,
Orokinase,1,,,
Oromag,1,,,
Orosoft,1,,,
Orotias,1,,,
Orotune,1,,,
Orovita,1,,,
Orsi,1,,,
Orthobid,1,,,
Orthoceptor,1,,,
Orthodrin,1,,,
Orthojoint,1,,,
Orthoplus,1,,,
Orthorik,1,,,
Ortopan,1,,,
Orwicef,1,,,
Orzy,1,,,
Osedrate,1,,,
Osetron,1,,,
Osfit,1,,,
Osify,1,,,
Osilol,1,,,
Osiroc,1,,,
Ositate,1,,,
Osk2,1,,,
Ossivite,1,,,
Ostcal,1,,,
Osteahenz,1,,,
Ostego,1,,,
Osteoarth,1,,,
Osteocarb,1,,,
Osteochek,1,,,
Osteocync,1,,,
Osteocyte,1,,,
Osteodeal,1,,,
Osteodon,1,,,
Osteofizz,1,,,
Osteogap,1,,,
Osteokit,1,,,
Osteomega,1,,,
Osteomust,1,,,
Osteopeak,1,,,
Osteorecov,1,,,
Osteosolve,1,,,
Osteostent,1,,,
Ostevia,1,,,
Ostijoint,1,,,
Ostijor,1,,,
Ostocrat,1,,,
Ostohealth,1,,,
Ostojoint,1,,,
Ostonate,1,,,
Ostoshine,1,,,
Ostowell,1,,,
Osule,1,,,
Osymin,1,,,
Otel,1,,,
Othtric,1,,,
Otoflour,1,,,
Otraliv,1,,,
Otron,1,,,
Ouxia,1,,,
Ovabd,1,,,
Ovaberin,1,,,
Ovafem,1,,,
Ovafree,1,,,
Ovafuze,1,,,
Ovagad,1,,,
Ovamaze,1,,,
Ovamyo,1,,,
Ovanac,1,,,
Ovanex,1,,,
Ovapco,1,,,
Ovarifert,1,,,
Ovaright,1,,,
Ovario,1,,,
Ovarise,1,,,
Ovarista,1,,,
Ovaryl,1,,,
Ovasafe,1,,,
Ovasan,1,,,
Ovasital,1,,,
Ovastic,1,,,
Ovaxid,1,,,
Ovazee,1,,,
Ovicab,1,,,
Ovilow,1,,,
Ovinorm,1,,,
Ovipauz,1,,,
Oviserv,1,,,
Ovit,1,,,
Ovocet,1,,,
Owscal,1,,,
Owsferri,1,,,
Oxalobact,1,,,
Oxasam,1,,,
Oxasol,1,,,
Oxator,1,,,
Oxcal,1,,,
Oxcazo,1,,,
Oxcerey,1,,,
Oxcrey,1,,,
Oxicast,1,,,
Oxigen,1,,,
Oxiglow,1,,,
Oxiqmin,1,,,
Oxiret,1,,,
Oxisitol,1,,,
Oxitine,1,,,
Oxofem,1,,,
Oxolox,1,,,
Oxrate,1,,,
Oxtavit,1,,,
Oxwal,1,,,
Oxybuta,1,,,
Oxycell,1,,,
Oxycian,1,,,
Oxygliim,1,,,
Oxyglipt,1,,,
Oxylen,1,,,
Oxymaya,1,,,
Oxynac,1,,,
Oxynil,1,,,
Oxypur,1,,,
Oxyrac,1,,,
Oxyrute,1,,,
Oxyseiz,1,,,
Oxyskin,1,,,
Oxyvita,1,,,
Ozila,1,,,
Ozito,1,,,
Ozocil,1,,,
Ozodap,1,,,
Ozogest,1,,,
Ozolol,1,,,
Ozopride,1,,,
Ozored,1,,,
Ozraglip,1,,,
Oz,1,,,
Ozucans,1,,,
Paan,1,,,
Pacer,1,,,
Paciexol,1,,,
Pacipeace,1,,,
Pacitane,1,,,
Pacitrix,1,,,
Pacitwyn,1,,,
Pacrose,1,,,
Padmini,1,,,
Pah,1,,,
Paingesic,1,,,
Painil,1,,,
Palborest,1,,,
Palmichek,1,,,
Palmiher,1,,,
Palmio,1,,,
Palmiplus,1,,,
Palmiresp,1,,,
Palmirich,1,,,
Palmishine,1,,,
Palmitel,1,,,
Palmiwalk,1,,,
Palmnut,1,,,
Palmodyne,1,,,
Palosoft,1,,,
Palprime,1,,,
Pamilide,1,,,
Panaid,1,,,
Panavil,1,,,
Panaxit,1,,,
Panboon,1,,,
Panbright,1,,,
Panby,1,,,
Pancare,1,,,
Panclaz,1,,,
Pancliq,1,,,
Pancriq,1,,,
Pandose,1,,,
Pandure,1,,,
Panee,1,,,
Panext,1,,,
Panfivis,1,,,
Pangates,1,,,
Panhil,1,,,
Panhood,1,,,
Panic,1,,,
Paniknil,1,,,
Pankind,1,,,
Panone,1,,,
Panoximet,1,,,
Panozen,1,,,
Panphar,1,,,
Panquick,1,,,
Panrin,1,,,
Panrise,1,,,
Panriz,1,,,
Pansure,1,,,
Pantacea,1,,,
Pantacet,1,,,
Pantagon,1,,,
Pantaness,1,,,
Pantaril,1,,,
Pantawin,1,,,
Pantica,1,,,
Pantnor,1,,,
Pantobe,1,,,
Pantobis,1,,,
Pantocus,1,,,
Pantofin,1,,,
Pantofiz,1,,,
Pantofrip,1,,,
Pantoglad,1,,,
Pantoheal,1,,,
Pantolex,1,,,
Pantolin,1,,,
Pantom,1,,,
Pantoride,1,,,
Pantoser,1,,,
Pantotec,1,,,
Pantric,1,,,
Pantrio,1,,,
Panzilar,1,,,
Panzio,1,,,
Panzop,1,,,
Papol,1,,,
Papytazyme,1,,,
Levtam,1,,,
Paracet,1,,,
Paracod,1,,,
Parad,1,,,
Paradel,1,,,
Parafizz,1,,,
Paraldim,1,,,
Paramol,1,,,
Paranim,1,,,
Pararise,1,,,
Paraset,1,,,
Parawel,1,,,
Parawin,1,,,
Parazone,1,,,
Parest,1,,,
Parkinta,1,,,
Parnacal,1,,,
Parocy,1,,,
Parolift,1,,,
Parolyst,1,,,
Paroxewyn,1,,,
Parrel,1,,,
Partram,1,,,
Paslon,1,,,
Patadin,1,,,
Patchex,1,,,
Pathizine,1,,,
Patoladi,1,,,
Patra,1,,,
Paxitin,1,,,
Paxiza,1,,,
Paxum,1,,,
Paz,1,,,
Pazes,1,,,
Pcab,1,,,
Pcomet,1,,,
Peaceoxide,1,,,
Peakcal,1,,,
Peaktel,1,,,
Peanoc,1,,,
Peau,1,,,
Peauglo,1,,,
Pebalin,1,,,
Pedwin,1,,,
Pefax,1,,,
Peganer,1,,,
Pegawin,1,,,
Peklot,1,,,
Penetrat,1,,,
Penridol,1,,,
Pentalink,1,,,
Pentator,1,,,
Pented,1,,,
Pentex,1,,,
Penxtra,1,,,
Pepcart,1,,,
Peplab,1,,,
Per,1,,,
Perampamed,1,,,
Percin,1,,,
Peredom,1,,,
Peri,1,,,
Pericort,1,,,
Perihair,1,,,
Perilla,1,,,
Perinat,1,,,
Perinate,1,,,
Peripru,1,,,
Perivalan,1,,,
Petagrain,1,,,
Petamaz,1,,,
Peter,1,,,
Petrox,1,,,
Pexibrus,1,,,
Pexoflox,1,,,
Pfileptor,1,,,
Pfos,1,,,
Pgad,1,,,
Pgsmal,1,,,
Pharmazin,1,,,
Phendy,1,,,
Phenojet,1,,,
Phenos,1,,,
Phenyl,1,,,
Phenytal,1,,,
Phenzox,1,,,
Phocel,1,,,
Phoflox,1,,,
Phofol,1,,,
Phosphout,1,,,
Phosrich,1,,,
Phostat,1,,,
Photor,1,,,
Phygil,1,,,
Phylclear,1,,,
Phyllocontin,1,,,
Physidap,1,,,
Phytinia,1,,,
Piano,1,,,
Picef,1,,,
Pichromet,1,,,
Pickcef,1,,,
Piclactin,1,,,
Picnovit,1,,,
Picocord,1,,,
Pifnol,1,,,
Pigmotran,1,,,
Pilclop,1,,,
Pilenz,1,,,
Piletreat,1,,,
Pilical,1,,,
Pilifer,1,,,
Pilnite,1,,,
Pilomax,1,,,
Pilot,1,,,
Pilzap,1,,,
Pinemax,1,,,
Pinflox,1,,,
Pinij,1,,,
Pinkeva,1,,,
Pinkit,1,,,
Pinky,1,,,
Pinodin,1,,,
Pioaid,1,,,
Piocell,1,,,
Piogaurd,1,,,
Pioglucored,1,,,
Piogold,1,,,
Piohold,1,,,
Piolaze,1,,,
Pioran,1,,,
Piotronic,1,,,
Piowin,1,,,
Pira,1,,,
Piragink,1,,,
Pirahenz,1,,,
Piraniche,1,,,
Pirant,1,,,
Piranulin,1,,,
Piraswift,1,,,
Pirazina,1,,,
Pirohan,1,,,
Pironip,1,,,
Pirospan,1,,,
Piroxigod,1,,,
Piroxilarc,1,,,
Pirrhoid,1,,,
Pit,1,,,
Pix,1,,,
Pixivib,1,,,
Piza,1,,,
Pizalin,1,,,
Pizpres,1,,,
Pjlith,1,,,
Pk,1,,,
Placida,1,,,
Placidin,1,,,
Plarica,1,,,
Plasmapro,1,,,
Platak,1,,,
Plavix,1,,,
Plecasoft,1,,,
Plecitab,1,,,
Plectide,1,,,
Plenox,1,,,
Plentyfert,1,,,
Pletolog,1,,,
Plugo,1,,,
Plutrion,1,,,
Pmax,1,,,
Pmgaba,1,,,
Pnrecov,1,,,
Pnv,1,,,
Podgril,1,,,
Podmate,1,,,
Podobis,1,,,
Podocef,1,,,
Podoxef,1,,,
Podxetil,1,,,
Podxl,1,,,
Polam,1,,,
Poliquin,1,,,
Pol,1,,,
Polygen,1,,,
Polyhemfer,1,,,
Polyleuk,1,,,
Polysave,1,,,
Polyzest,1,,,
Ponocarnit,1,,,
Popson,1,,,
Portnutri,1,,,
Posaforce,1,,,
Pospondyl,1,,,
Postlut,1,,,
Postram,1,,,
Potride,1,,,
Powerforce,1,,,
Poweromin,1,,,
Powervit,1,,,
Pox,1,,,
Poximed,1,,,
Poziglim,1,,,
Pph,1,,,
Prab,1,,,
Prabhakar,1,,,
Pradil,1,,,
Prakrutis,1,,,
Pramimed,1,,,
Pramiprex,1,,,
Pramiset,1,,,
Pramodep,1,,,
Pranozine,1,,,
Prastova,1,,,
Prasudoc,1,,,
Prasunol,1,,,
Prasusafe,1,,,
Prasuvas,1,,,
Prasuzen,1,,,
Pravasi,1,,,
Prazilet,1,,,
Prazoren,1,,,
Prazoril,1,,,
Prazslip,1,,,
Preactive,1,,,
Prebris,1,,,
Precal,1,,,
Precip,1,,,
Preclam,1,,,
Preclaud,1,,,
Predfast,1,,,
Predme,1,,,
Prednise,1,,,
Predsolone,1,,,
Prefer,1,,,
Pregabawal,1,,,
Pregabin,1,,,
Pregabis,1,,,
Pregacap,1,,,
Pregacea,1,,,
Pregaclas,1,,,
Pregacor,1,,,
Pregadez,1,,,
Pregafon,1,,,
Pregaglare,1,,,
Pregalen,1,,,
Pregaline,1,,,
Pregaloy,1,,,
Pregamap,1,,,
Pregame,1,,,
Pregamed,1,,,
Pregamer,1,,,
Pregamerge,1,,,
Pregaminor,1,,,
Preganow,1,,,
Pregarex,1,,,
Pregaril,1,,,
Pregarin,1,,,
Pregarol,1,,,
Pregasafe,1,,,
Pregashine,1,,,
Pregasim,1,,,
Pregasis,1,,,
Pregatel,1,,,
Pregatex,1,,,
Pregathree,1,,,
Pregatip,1,,,
Pregatryp,1,,,
Pregavent,1,,,
Pregavor,1,,,
Pregayan,1,,,
Pregazio,1,,,
Pregfolate,1,,,
Preglive,1,,,
Preglyn,1,,,
Pregmain,1,,,
Pregmust,1,,,
Pregnasafe,1,,,
Pregnia,1,,,
Pregnour,1,,,
Pregzil,1,,,
Prelizia,1,,,
Prelox,1,,,
Premalin,1,,,
Premin,1,,,
Premylin,1,,,
Prenable,1,,,
Preneuro,1,,,
Preqm,1,,,
Prerener,1,,,
Preset,1,,,
Presidio,1,,,
Presmont,1,,,
Press,1,,,
Prestakind,1,,,
Prestiflam,1,,,
Pretihair,1,,,
Pretimol,1,,,
Preventovit,1,,,
Prevox,1,,,
Prexan,1,,,
Prezosh,1,,,
Pridovix,1,,,
Prifen,1,,,
Prilwin,1,,,
Primedase,1,,,
Primenerve,1,,,
Primibet,1,,,
Primon,1,,,
Primona,1,,,
Primont,1,,,
Primox,1,,,
Princical,1,,,
Prixicam,1,,,
Probiza,1,,,
Procal,1,,,
Procharge,1,,,
Prochlorzin,1,,,
Procotri,1,,,
Proenervit,1,,,
Proeto,1,,,
Profaze,1,,,
Proford,1,,,
Profulvin,1,,,
Progenix,1,,,
Prohair,1,,,
Prohemiaz,1,,,
Prohep,1,,,
Proimu,1,,,
Prolical,1,,,
Prolife,1,,,
Prolifrac,1,,,
Proligest,1,,,
Prolong,1,,,
Promaq,1,,,
Promelan,1,,,
Prominad,1,,,
Pronim,1,,,
Propanex,1,,,
Propenol,1,,,
Propozole,1,,,
Proptric,1,,,
Proretro,1,,,
Prosfer,1,,,
Prospect,1,,,
Prostado,1,,,
Prostate,1,,,
Prosteez,1,,,
Prostofit,1,,,
Protect,1,,,
Protheo,1,,,
Protomid,1,,,
Provironum,1,,,
Proxidom,1,,,
Proxtl,1,,,
Proxzol,1,,,
Prozoten,1,,,
Prozpra,1,,,
Prucraze,1,,,
Pruf,1,,,
Pruflox,1,,,
Prugonist,1,,,
Prulin,1,,,
Pruxa,1,,,
Psychovert,1,,,
Psycolam,1,,,
Psycomer,1,,,
Pth,1,,,
Pufer,1,,,
Pulflo,1,,,
Pulmito,1,,,
Pulmocel,1,,,
Pulmocrest,1,,,
Pulmoday,1,,,
Pulmoera,1,,,
Pulmofine,1,,,
Pulmoflow,1,,,
Pulmohart,1,,,
Pulmokast,1,,,
Pulmopres,1,,,
Pulmostar,1,,,
Pulmotreat,1,,,
Pulmovin,1,,,
Pulmoza,1,,,
Pulsepro,1,,,
Pumpvit,1,,,
Punarvadi,1,,,
Punox,1,,,
Pureppi,1,,,
Purifica,1,,,
Purim,1,,,
Puternic,1,,,
Puvalen,1,,,
Pxfax,1,,,
Pyfer,1,,,
Pyglo,1,,,
Pylcal,1,,,
Pylobis,1,,,
Pyra,1,,,
Pyrabis,1,,,
Pyralfin,1,,,
Pyridium,1,,,
Pyrimag,1,,,
Pyrino,1,,,
Pyrodace,1,,,
Pyrodex,1,,,
Pyrofem,1,,,
Pzone,1,,,
Qain,1,,,
Qcefor,1,,,
Qc,1,,,
Qcium,1,,,
Qclip,1,,,
Qcris,1,,,
Qdmrd,1,,,
Qgrey,1,,,
Qja,1,,,
Qlaira,1,,,
Qlife,1,,,
Qmax,1,,,
Qnnick,1,,,
Qracal,1,,,
Qraglobin,1,,,
Qslera,1,,,
Qtenon,1,,,
Qtern,1,,,
Qtfice,1,,,
Qtripil,1,,,
Quadrisal,1,,,
Quadrislim,1,,,
Qualizyg,1,,,
Quarcept,1,,,
Quartz,1,,,
Qubol,1,,,
Quecare,1,,,
Queezy,1,,,
Questcal,1,,,
Quetawyn,1,,,
Quetenco,1,,,
Quickrel,1,,,
Quilnid,1,,,
Quincilevo,1,,,
Quinpride,1,,,
Quitin,1,,,
Qulanta,1,,,
Quomin,1,,,
Qupizon,1,,,
Quprix,1,,,
Quremeth,1,,,
Qurodez,1,,,
Qurozyme,1,,,
Qustain,1,,,
Qutee,1,,,
Quticool,1,,,
Qutidin,1,,,
Qutzal,1,,,
Qzest,1,,,
Qzinex,1,,,
Rabbifor,1,,,
Rabebless,1,,,
Rabechill,1,,,
Rabeflux,1,,,
Rabemax,1,,,
Rabentia,1,,,
Rabepep,1,,,
Rabepraz,1,,,
Rabest,1,,,
Rabezine,1,,,
Rabiance,1,,,
Rabican,1,,,
Rabicare,1,,,
Rabicea,1,,,
Rabiclup,1,,,
Rabicon,1,,,
Rabicool,1,,,
Rabicord,1,,,
Rabigo,1,,,
Rabilay,1,,,
Rabinix,1,,,
Rabislar,1,,,
Rabitis,1,,,
Rabitos,1,,,
Rabloc,1,,,
Rabnor,1,,,
Rabnoria,1,,,
Rabo,1,,,
Rabon,1,,,
Raboni,1,,,
Rabozec,1,,,
Rabsip,1,,,
Racal,1,,,
Raciloz,1,,,
Racipar,1,,,
Racium,1,,,
Raclav,1,,,
Radens,1,,,
Radifrac,1,,,
Radifree,1,,,
Radigan,1,,,
Radipace,1,,,
Radixpride,1,,,
Ragatrip,1,,,
Raifen,1,,,
Raim,1,,,
Raise,1,,,
Raktadosh,1,,,
Raliflox,1,,,
Ralista,1,,,
Raltegravir,1,,,
Ralvir,1,,,
Ralzal,1,,,
Rameca,1,,,
Ramibell,1,,,
Ramiday,1,,,
Ramitop,1,,,
Ramiven,1,,,
Ramlaren,1,,,
Ramosar,1,,,
Ramsho,1,,,
Ramvance,1,,,
Ramy,1,,,
Rancal,1,,,
Ranci,1,,,
Randro,1,,,
Ranifiz,1,,,
Raniloc,1,,,
Ranimost,1,,,
Ranitreat,1,,,
Ranizin,1,,,
Ranizwyn,1,,,
Ranobell,1,,,
Ranogard,1,,,
Ranolife,1,,,
Ranopill,1,,,
Ranowyn,1,,,
Rantime,1,,,
Ranwell,1,,,
Rapacan,1,,,
Rapaflow,1,,,
Raparen,1,,,
Rapicet,1,,,
Rapo,1,,,
Rasayan,1,,,
Rasilez,1,,,
Rasin,1,,,
Raspachakvati,1,,,
Raxitid,1,,,
Raybist,1,,,
Raypod,1,,,
Raz,1,,,
Razehil,1,,,
Razevo,1,,,
Razole,1,,,
Rbshine,1,,,
Rcool,1,,,
Reatix,1,,,
Rebaheal,1,,,
Rebamiz,1,,,
Rabibit,1,,,
Rebonage,1,,,
Rebone,1,,,
Rebonide,1,,,
Rebuilt,1,,,
Rebzin,1,,,
Recare,1,,,
Recart,1,,,
Recartix,1,,,
Recemin,1,,,
Recicard,1,,,
Reclox,1,,,
Recodin,1,,,
Recoheal,1,,,
Recontrex,1,,,
Recromine,1,,,
Recruva,1,,,
Recyto,1,,,
Redcherri,1,,,
Redden,1,,,
Redefine,1,,,
Redfer,1,,,
Redgrel,1,,,
Redhaem,1,,,
Redicate,1,,,
Redikal,1,,,
Redimard,1,,,
Redistep,1,,,
Redmia,1,,,
Rednil,1,,,
Redotrex,1,,,
Redoxy,1,,,
Redshell,1,,,
Redwell,1,,,
Reefcal,1,,,
Reffron,1,,,
Refilnerve,1,,,
Refinevit,1,,,
Reflax,1,,,
Refra,1,,,
Regan,1,,,
Regcyl,1,,,
Regenford,1,,,
Regenvit,1,,,
Regonat,1,,,
Regulate,1,,,
Regut,1,,,
Rehist,1,,,
Rejuglipt,1,,,
Rejugliz,1,,,
Rejumac,1,,,
Rejunate,1,,,
Rejunor,1,,,
Rejuprime,1,,,
Rejusan,1,,,
Rejustar,1,,,
Rejutab,1,,,
Rejutrio,1,,,
Relaspa,1,,,
Relaxotab,1,,,
Releptin,1,,,
Relicitabine,1,,,
Relief,1,,,
Reliefeto,1,,,
Relife,1,,,
Relifen,1,,,
Religef,1,,,
Relimidex,1,,,
Relipitant,1,,,
Relitil,1,,,
Relivon,1,,,
Relmig,1,,,
Relmisart,1,,,
Relmont,1,,,
Reload,1,,,
Relotis,1,,,
Reltracet,1,,,
Reluease,1,,,
Relvent,1,,,
Remecart,1,,,
Remi,1,,,
Remiclav,1,,,
Remipod,1,,,
Remogut,1,,,
Remood,1,,,
Remudol,1,,,
Remulide,1,,,
Remyfit,1,,,
Renace,1,,,
Renbio,1,,,
Renchek,1,,,
Reneguard,1,,,
Renext,1,,,
Renfor,1,,,
Renhoch,1,,,
Renhope,1,,,
Reniguard,1,,,
Renixostat,1,,,
Renoceptin,1,,,
Renofen,1,,,
Renogard,1,,,
Renoglo,1,,,
Renoguard,1,,,
Renoic,1,,,
Renokit,1,,,
Renolife,1,,,
Renoscore,1,,,
Renoshine,1,,,
Renosig,1,,,
Renosight,1,,,
Renostead,1,,,
Renostrong,1,,,
Renotil,1,,,
Renotrack,1,,,
Renotreat,1,,,
Renoxia,1,,,
Renozone,1,,,
Renozorb,1,,,
Renviron,1,,,
Reoclav,1,,,
Reolar,1,,,
Reopod,1,,,
Repaben,1,,,
Repacare,1,,,
Repam,1,,,
Repan,1,,,
Repare,1,,,
Rescafe,1,,,
Reset,1,,,
Resfast,1,,,
Resi,1,,,
Resica,1,,,
Resiphene,1,,,
Resliva,1,,,
Resmo,1,,,
Resof,1,,,
Resova,1,,,
Resoxivit,1,,,
Respiclear,1,,,
Respin,1,,,
Respirade,1,,,
Respitrend,1,,,
Resq,1,,,
Restgesic,1,,,
Restinity,1,,,
Restnerve,1,,,
Restofos,1,,,
Restopax,1,,,
Restore,1,,,
Restored,1,,,
Resttop,1,,,
Resymp,1,,,
Retaunch,1,,,
Rethrowel,1,,,
Reticure,1,,,
Retify,1,,,
Retinoshine,1,,,
Retoberry,1,,,
Retram,1,,,
Retrolife,1,,,
Retropreg,1,,,
Reunion,1,,,
Revecium,1,,,
Reverage,1,,,
Reviro,1,,,
Revocon,1,,,
Revolt,1,,,
Revynerv,1,,,
Rexbone,1,,,
Rexgold,1,,,
Rexicam,1,,,
Rexigo,1,,,
Rexito,1,,,
Rexmont,1,,,
Rexovas,1,,,
Rexron,1,,,
Rextel,1,,,
Reyven,1,,,
Rezatrin,1,,,
Rezcium,1,,,
Rezfuran,1,,,
Rfm,1,,,
Orgacium,1,,,
Rheza,1,,,
Rhicet,1,,,
Rhumayog,1,,,
Rhytham,1,,,
Rhz,1,,,
Ribacid,1,,,
Ribomag,1,,,
Ribonyl,1,,,
Ribovin,1,,,
Ribowin,1,,,
Rica,1,,,
Richcal,1,,,
Richdom,1,,,
Richener,1,,,
Richgaba,1,,,
Richhair,1,,,
Richkal,1,,,
Richmore,1,,,
Richneuron,1,,,
Richova,1,,,
Riclofen,1,,,
Rico,1,,,
Ricodin,1,,,
Ricos,1,,,
Ricozed,1,,,
Ridavel,1,,,
Ridol,1,,,
Rifacept,1,,,
Rifadef,1,,,
Rifagreat,1,,,
Rifament,1,,,
Rifamint,1,,,
Rifan,1,,,
Rifanil,1,,,
Rifanorm,1,,,
Rifarex,1,,,
Rifasera,1,,,
Rifatis,1,,,
Rifaxabis,1,,,
Rifaxel,1,,,
Rifcure,1,,,
Rifguard,1,,,
Rifill,1,,,
Riflect,1,,,
Rifnim,1,,,
Rifoni,1,,,
Rifonil,1,,,
Right,1,,,
Rim,1,,,
Rimstar,1,,,
Rimthree,1,,,
Rinafen,1,,,
Rincept,1,,,
Rinedro,1,,,
Rinergil,1,,,
Ringard,1,,,
Rinmin,1,,,
Rinval,1,,,
Riocet,1,,,
Riopride,1,,,
Rioteph,1,,,
Ripe,1,,,
Rischro,1,,,
Riseup,1,,,
Risgold,1,,,
Risiwide,1,,,
Risleven,1,,,
Risored,1,,,
Rispero,1,,,
Rispexy,1,,,
Ristryl,1,,,
Risure,1,,,
Ritisal,1,,,
Ritocom,1,,,
Ritopar,1,,,
Ritox,1,,,
Ritrod,1,,,
Ri,1,,,
Rivaford,1,,,
Rivarox,1,,,
Rivasmart,1,,,
Rivatane,1,,,
Rivatop,1,,,
Rivawyn,1,,,
Rivazest,1,,,
Rivofonet,1,,,
Rizaxus,1,,,
Rizotal,1,,,
Rjp,1,,,
Rlvit,1,,,
Rmax,1,,,
Robinax,1,,,
Robohip,1,,,
Rockheal,1,,,
Rofaday,1,,,
Rofum,1,,,
Rognit,1,,,
Rolazin,1,,,
Roldep,1,,,
Roldic,1,,,
Rolopure,1,,,
Rompag,1,,,
Rontiox,1,,,
Rootbless,1,,,
Rootfer,1,,,
Roots,1,,,
Roscaid,1,,,
Rosegrey,1,,,
Rosejoint,1,,,
Roseva,1,,,
Rosicon,1,,,
Rosilox,1,,,
Rosinorm,1,,,
Rosiplus,1,,,
Rosmdia,1,,,
Rosphon,1,,,
Rosren,1,,,
Rossano5,1,,,
Rosso,1,,,
Rost,1,,,
Rostahip,1,,,
Rostan,1,,,
Rostruzin,1,,,
Rosu,1,,,
Rosubeat,1,,,
Rosublis,1,,,
Rosuchek,1,,,
Rosudale,1,,,
Rosuexer,1,,,
Rosugen,1,,,
Rosugreat,1,,,
Rosuheal,1,,,
Rosulight,1,,,
Rosumust,1,,,
Rosumyle,1,,,
Rosuna,1,,,
Rosunex,1,,,
Rosuone,1,,,
Rosutec,1,,,
Rosuten,1,,,
Rosuvax,1,,,
Rosuzeal,1,,,
Ros,1,,,
Roswellia,1,,,
Rotacium,1,,,
Rotozyme,1,,,
Rotus,1,,,
Roulcryst,1,,,
Rovamycin,1,,,
Roverstin,1,,,
Rovie,1,,,
Roviroz,1,,,
Rovustin,1,,,
Rowezy,1,,,
Roxem,1,,,
Roxeptin,1,,,
Roxibest,1,,,
Roxibid,1,,,
Roxidase,1,,,
Roxikind,1,,,
Roxirite,1,,,
Roxitacro,1,,,
Roxiwyn,1,,,
Roxor,1,,,
Royalflam,1,,,
Royros,1,,,
Rozalto,1,,,
Rozcal,1,,,
Rozglyn,1,,,
Rozimit,1,,,
Roziwalk,1,,,
Rozmin,1,,,
Rozol,1,,,
Rozstar,1,,,
Rozucyn,1,,,
Rozum,1,,,
Rozupex,1,,,
Rozuprex,1,,,
Rozusmall,1,,,
Rozuxia,1,,,
Rozycal,1,,,
Rqub,1,,,
Rrb,1,,,
Rscefur,1,,,
Rubact,1,,,
Rubhip,1,,,
Rubifol,1,,,
Rudosil,1,,,
Rufix,1,,,
Rulizo,1,,,
Rumatin,1,,,
Rumawill,1,,,
Rup,1,,,
Rupahist,1,,,
Russela,1,,,
Rusuzion,1,,,
Rutimer,1,,,
Rutin,1,,,
Rutocap,1,,,
Rutofit,1,,,
Rutoflam,1,,,
Rutolar,1,,,
Rutolite,1,,,
Rutomed,1,,,
Rutonil,1,,,
Rutonz,1,,,
Rutop,1,,,
Rutosafe,1,,,
Rutosite,1,,,
Rutoviz,1,,,
Rutowide,1,,,
Rutrip,1,,,
Rutvel,1,,,
Rxi,1,,,
Rxn,1,,,
Ryken,1,,,
Rymox,1,,,
Rysron,1,,,
Rythem,1,,,
Rythmet,1,,,
Ryzovit,1,,,
Rzcv,1,,,
Rzine,1,,,
Scort,1,,,
Saanvit,1,,,
Saccharin,1,,,
Sacrovit,1,,,
Sacubest,1,,,
Sac,1,,,
Sacx,1,,,
Sademet,1,,,
Safecal,1,,,
Safegfr,1,,,
Safegra,1,,,
Safenac,1,,,
Safenzyme,1,,,
Safeova,1,,,
Saferose,1,,,
Saferoxim,1,,,
Safiflam,1,,,
Safinamed,1,,,
Safkit,1,,,
Safolev,1,,,
Safrodol,1,,,
Safrofer,1,,,
Saheli,1,,,
Saifer,1,,,
Sain,1,,,
Saltcal,1,,,
Saltip,1,,,
Saludova,1,,,
Sambeta,1,,,
Samcad,1,,,
Samcet,1,,,
Sametral,1,,,
Samiday,1,,,
Samivio,1,,,
Samlar,1,,,
Samlokind,1,,,
Samont,1,,,
Sampristal,1,,,
Samynix,1,,,
Sana,1,,,
Sanavida,1,,,
Sandocal,1,,,
Sanigold,1,,,
Sano,1,,,
Sanogesic,1,,,
Sanopram,1,,,
Sanovit,1,,,
Sanzfer,1,,,
Saplodin,1,,,
Sarazyme,1,,,
Sarclav,1,,,
Sariwyn,1,,,
Sarmitel,1,,,
Sarpagandha,1,,,
Sartal,1,,,
Sartivas,1,,,
Sarvacal,1,,,
Satocal,1,,,
Satvit,1,,,
Save,1,,,
Savebone,1,,,
Savemac,1,,,
Savetel,1,,,
Savior,1,,,
Say,1,,,
Saypentin,1,,,
Sazith,1,,,
Sazorid,1,,,
Scabover,1,,,
Schuzine,1,,,
Scitarel,1,,,
Scorpio,1,,,
Scorzin,1,,,
Sdf,1,,,
Seaclav,1,,,
Seaflam,1,,,
Seamont,1,,,
Sebuxo,1,,,
Secame,1,,,
Secbact,1,,,
Seclopara,1,,,
Secnil,1,,,
Secost,1,,,
Seczol,1,,,
Sedase,1,,,
Seder,1,,,
Sedipan,1,,,
Sedtel,1,,,
Sefcold,1,,,
Sefdo,1,,,
Seftizox,1,,,
Seftypam,1,,,
Segiflam,1,,,
Seilo,1,,,
Seizumax,1,,,
Selga,1,,,
Selgin,1,,,
Selvee,1,,,
Selvita,1,,,
Selzim,1,,,
Semigaba,1,,,
Senasof,1,,,
Sencecolin,1,,,
Sensgaba,1,,,
Sensor,1,,,
Sensotram,1,,,
Sentrachem,1,,,
Sentum,1,,,
Sep,1,,,
Seprodex,1,,,
Septacal,1,,,
Seracemol,1,,,
Seradair,1,,,
Seragest,1,,,
Serapat,1,,,
Seratid,1,,,
Seratop,1,,,
Serbin,1,,,
Serdep,1,,,
Serdoloc,1,,,
Seregain,1,,,
Serentin,1,,,
Seretra,1,,,
Serex,1,,,
Serglipt,1,,,
Serlosar,1,,,
Serlukast,1,,,
Sermide,1,,,
Sernorm,1,,,
Seromune,1,,,
Serozac,1,,,
Serperite,1,,,
Serpina,1,,,
Serratiolarc,1,,,
Serratiomed,1,,,
Serratis,1,,,
Sertee,1,,,
Sertidase,1,,,
Sertodep,1,,,
Seruptin,1,,,
Serutan,1,,,
Setzox,1,,,
Setbone,1,,,
Setral,1,,,
Setride,1,,,
Seval,1,,,
Sevalac,1,,,
Sevanseas,1,,,
Sevapik,1,,,
Sevelam,1,,,
Sevbait,1,,,
Sevecard,1,,,
Sevendor,1,,,
Sevlafit,1,,,
Sezolpine,1,,,
Sglt,1,,,
Shanac,1,,,
Shankh,1,,,
Shanzen,1,,,
Sharanga,1,,,
Sharpz,1,,,
Shefert,1,,,
Shelvit,1,,,
Shie,1,,,
Shilcal,1,,,
Shinnac,1,,,
Shinocal,1,,,
Shinofit,1,,,
Shinovog,1,,,
Shipam,1,,,
Shirashooladivajra,1,,,
Shiroz,1,,,
Shiva,1,,,
Shrincal,1,,,
Shrinros,1,,,
Siasto,1,,,
Sibanda,1,,,
Sibocure,1,,,
Sibolone,1,,,
Sidap,1,,,
Sidia,1,,,
Sidonyl,1,,,
Siena,1,,,
Sigcet,1,,,
Signovit,1,,,
Sildrate,1,,,
Silnac,1,,,
Silnafil,1,,,
Silnash,1,,,
Silodural,1,,,
Silorap,1,,,
Silospurt,1,,,
Silvermox,1,,,
Simchol,1,,,
Simcon,1,,,
Simer,1,,,
Simocal,1,,,
Simultin,1,,,
Sinarite,1,,,
Sinarzine,1,,,
Sincal,1,,,
Sinews,1,,,
Sinofylline,1,,,
Sinomont,1,,,
Sinuvit,1,,,
Sirdalud,1,,,
Siromed,1,,,
Siromus,1,,,
Siropan,1,,,
Sirotrend,1,,,
Sisliptin,1,,,
Sismyo,1,,,
Sistal,1,,,
Sitabend,1,,,
Sitabert,1,,,
Sitabery,1,,,
Sitacrine,1,,,
Sitacure,1,,,
Sitadose,1,,,
Sitaflow,1,,,
Sitaflozin,1,,,
Sitagliptin,1,,,
Sitagon,1,,,
Sitagreen,1,,,
Sitagris,1,,,
Sitakeen,1,,,
Sitalect,1,,,
Sitamay,1,,,
Sitamet,1,,,
Sitangle,1,,,
Sitanip,1,,,
Sitapil,1,,,
Sitapris,1,,,
Sitaqueen,1,,,
Sitaritz,1,,,
Sitasage,1,,,
Sitaseil,1,,,
Sitatek,1,,,
Sitatuf,1,,,
Sitavel,1,,,
Sitazeal,1,,,
Sitdapmed,1,,,
Site,1,,,
Sitenali,1,,,
Sitg,1,,,
Sitglypt,1,,,
Sitormet,1,,,
Sitoza,1,,,
Sitracal,1,,,
Sitrus,1,,,
Situacea,1,,,
Situkast,1,,,
Sivylar,1,,,
Sizep,1,,,
Skebazor,1,,,
Skeletrol,1,,,
Skilcef,1,,,
Skinista,1,,,
Skolin,1,,,
Skomyce,1,,,
Slanca,1,,,
Sleepnite,1,,,
Slevo,1,,,
Slewtin,1,,,
Sl,1,,,
Slocal,1,,,
Sloxy,1,,,
Smal,1,,,
Smaran,1,,,
Smartbone,1,,,
Smartical,1,,,
Smartilon,1,,,
Smartisulin,1,,,
Smashit,1,,,
Smicet,1,,,
Smileliv,1,,,
Smily,1,,,
Smocle,1,,,
Smoobix,1,,,
Smoothjoint,1,,,
Snapit,1,,,
Sneet,1,,,
Sneezy,1,,,
Snepdol,1,,,
Sneptin,1,,,
Snigdol,1,,,
Sniron,1,,,
Snofenac,1,,,
Sobica,1,,,
Sobicid,1,,,
Sobidos,1,,,
Sobiren,1,,,
Sodafix,1,,,
Sodafiz,1,,,
Sodalin,1,,,
Sodatec,1,,,
Sodatus,1,,,
Sodax,1,,,
Soddy,1,,,
Sodosis,1,,,
Sofalco,1,,,
Softycal,1,,,
Soihenz,1,,,
Solbeg,1,,,
Solbiocal,1,,,
Solet,1,,,
Solhike,1,,,
Solidose,1,,,
Solifalarc,1,,,
Solifenac,1,,,
Solimer,1,,,
Solinef,1,,,
Solitair,1,,,
Solivit,1,,,
Solizen,1,,,
Solo,1,,,
Solobact,1,,,
Sololive,1,,,
Solovit,1,,,
Solprate,1,,,
Soludol,1,,,
Solufer,1,,,
Soluperz,1,,,
Somaspas,1,,,
Somatran,1,,,
Somelin,1,,,
Somnus,1,,,
Somuu,1,,,
Sonexib,1,,,
Songesic,1,,,
Sonical,1,,,
Soonil,1,,,
Soothshekar,1,,,
Soranib,1,,,
Soratib,1,,,
Sorbigyl,1,,,
Sotalar,1,,,
Souvigest,1,,,
Sovcal,1,,,
Sovfer,1,,,
Sovihep,1,,,
Spade,1,,,
Spagesic,1,,,
Spandril,1,,,
Spanerv,1,,,
Sparbact,1,,,
Sparkind,1,,,
Sparmax,1,,,
Sparquin,1,,,
Sparson,1,,,
Sparta,1,,,
Sparx,1,,,
Spaslarc,1,,,
Spasloc,1,,,
Spasmelan,1,,,
Spasminox,1,,,
Spasmodart,1,,,
Spasmofirst,1,,,
Spasmover,1,,,
Spasmy,1,,,
Spasoclas,1,,,
Spasonix,1,,,
Spasowyn,1,,,
Spasrax,1,,,
Spasril,1,,,
Spastone,1,,,
Spastra,1,,,
Spaz,1,,,
Spazio,1,,,
Spazobid,1,,,
Spd,1,,,
Specium,1,,,
Spectraxime,1,,,
Spectrofer,1,,,
Speedupknee,1,,,
Speraflox,1,,,
Spercus,1,,,
Sperexen,1,,,
Sperfuze,1,,,
Spermifrag,1,,,
Spermizz,1,,,
Spermo,1,,,
Sperota,1,,,
Speroxate,1,,,
Spikerid,1,,,
Spinfree,1,,,
Spingo,1,,,
Spinobak,1,,,
Spinopred,1,,,
Spintac,1,,,
Spirodem,1,,,
Spiromide,1,,,
Spironolarc,1,,,
Spiruwin,1,,,
Spitvit,1,,,
Splentam,1,,,
Spnib,1,,,
Sporlist,1,,,
Sporwyn,1,,,
Sprenzcal,1,,,
Spye,1,,,
Spynovin,1,,,
Srd,1,,,
Sre,1,,,
Srilong,1,,,
Stabilex,1,,,
Stabix,1,,,
Stablon,1,,,
Stacort,1,,,
Stadern,1,,,
Staha,1,,,
Stamcor,1,,,
Stami,1,,,
Stanac,1,,,
Stancef,1,,,
Starace,1,,,
Starclav,1,,,
Starfer,1,,,
Starizo,1,,,
Starnim,1,,,
Starus,1,,,
Statbloc,1,,,
Statcerin,1,,,
Statel,1,,,
Stateze,1,,,
Statprime,1,,,
Statset,1,,,
Stazonex,1,,,
Steafol,1,,,
Steatofit,1,,,
Stel,1,,,
Stematin,1,,,
Stemol,1,,,
Stenbar,1,,,
Stenthon,1,,,
Steocart,1,,,
Steoflex,1,,,
Sterivita,1,,,
Sterna,1,,,
Stifcal,1,,,
Stifease,1,,,
Stifen,1,,,
Stifex,1,,,
Stiffixa,1,,,
Stilo,1,,,
Stimufol,1,,,
Stimulex,1,,,
Stimulo,1,,,
Stodil,1,,,
Stomeck,1,,,
Stomig,1,,,
Stomit,1,,,
Stoneflux,1,,,
Stonmont,1,,,
Stopache,1,,,
Stoporus,1,,,
Storance,1,,,
Stormac,1,,,
Storvel,1,,,
Stozina,1,,,
Stpl,1,,,
Strawferri,1,,,
Strengtheon,1,,,
Strepsills,1,,,
Stride,1,,,
Strivos,1,,,
Strocar,1,,,
Strocetam,1,,,
Strokfre,1,,,
Strolcart,1,,,
Stroll,1,,,
Stromina,1,,,
Strongclav,1,,,
Strontium,1,,,
Stroswift,1,,,
Strovo,1,,,
Strucart,1,,,
Stugest,1,,,
Stupan,1,,,
Sturic,1,,,
Stuvert,1,,,
Stylecystin,1,,,
Styletaurine,1,,,
Stynac,1,,,
Styplon,1,,,
Styzi,1,,,
Subacal,1,,,
Subfor,1,,,
Subhi,1,,,
Sublivit,1,,,
Subsicold,1,,,
Sucrobind,1,,,
Sucronil,1,,,
Sudagon,1,,,
Sudharshan,1,,,
Sukcee,1,,,
Sukhsarak,1,,,
Sukroz,1,,,
Sulfavaz,1,,,
Sulfazide,1,,,
Sulfozid,1,,,
Sulisent,1,,,
Sulpirey,1,,,
Sultabest,1,,,
Sultapro,1,,,
Sumalgin,1,,,
Sumdox,1,,,
Sumenta,1,,,
Sumion,1,,,
Sumocetam,1,,,
Sumoflam,1,,,
Sumox,1,,,
Sumu,1,,,
Sunapro,1,,,
Sunshel,1,,,
Suntrol,1,,,
Supanac,1,,,
Superclop,1,,,
Supradol,1,,,
Suprafer,1,,,
Supraglip,1,,,
Supranex,1,,,
Suprapod,1,,,
Suprasam,1,,,
Supravis,1,,,
Suprexcal,1,,,
Suprimox,1,,,
Surge,1,,,
Surpride,1,,,
Susox,1,,,
Suthsekhar,1,,,
Sutshekhar,1,,,
Suvarna,1,,,
Suxinate,1,,,
Sviscal,1,,,
Svisnexa,1,,,
Swarna,1,,,
Syclop,1,,,
Syd,1,,,
Sylor,1,,,
Sylora,1,,,
Synaps,1,,,
Synertab,1,,,
Synferol,1,,,
Synib,1,,,
Syno,1,,,
Synoflex,1,,,
Synogard,1,,,
Synorex,1,,,
Synosafe,1,,,
Synotop,1,,,
Synovcore,1,,,
Synovit,1,,,
Synovm,1,,,
Synowell,1,,,
Synpan,1,,,
Synriam,1,,,
Synthyroid,1,,,
Syntocal,1,,,
Synx,1,,,
Sypride,1,,,
Syprolec,1,,,
Syris,1,,,
Sysnit,1,,,
Systel,1,,,
Systopill,1,,,
Systra,1,,,
Syzam,1,,,
Tabi,1,,,
Tablo,1,,,
Tachylol,1,,,
Tackel,1,,,
Tacko,1,,,
Tadaace,1,,,
Tadacip,1,,,
Tadacool,1,,,
Tadafil,1,,,
Tadafree,1,,,
Tadalarc,1,,,
Tadalix,1,,,
Tadalup,1,,,
Tadaza,1,,,
Tadovas,1,,,
Tafnat,1,,,
Tagrisso,1,,,
Tagsita,1,,,
Taguswell,1,,,
Tai,1,,,
Tainocef,1,,,
Tak,1,,,
Takflam,1,,,
Tallfer,1,,,
Talljoint,1,,,
Taloz,1,,,
Talsil,1,,,
Talvita,1,,,
Tamcuf,1,,,
Tamdart,1,,,
Tame,1,,,
Tamirich,1,,,
Tamsimed,1,,,
Tamspurt,1,,,
Tamsugrap,1,,,
Tamswin,1,,,
Tamtract,1,,,
Tancal,1,,,
Tanor,1,,,
Tanugesic,1,,,
Tanvi,1,,,
Tanz,1,,,
Tapdol,1,,,
Tapenax,1,,,
Tapjoy,1,,,
Taptrend,1,,,
Tapyadi,1,,,
Tarana,1,,,
Taregyl,1,,,
Taromin,1,,,
Tasika,1,,,
Taunac,1,,,
Tavanic,1,,,
Taxitorin,1,,,
Taxnac,1,,,
Tazido,1,,,
Tc,1,,,
Tecosita,1,,,
Tedalfa,1,,,
Tedirex,1,,,
Teditrate,1,,,
Tedral,1,,,
Teedal,1,,,
Teered,1,,,
Teesow,1,,,
Teevir,1,,,
Tegcise,1,,,
Tegibs,1,,,
Telangle,1,,,
Telanto,1,,,
Telanz,1,,,
Telast,1,,,
Telboon,1,,,
Telcel,1,,,
Telchlor,1,,,
Telcuryz,1,,,
Teldiet,1,,,
Telebeat,1,,,
Telecet,1,,,
Teleglo,1,,,
Telesco,1,,,
Telesky,1,,,
Telespirit,1,,,
Telex,1,,,
Telfive,1,,,
Telfree,1,,,
Telgard,1,,,
Telgin,1,,,
Telgo,1,,,
Telgreen,1,,,
Telicap,1,,,
Telicurax,1,,,
Telinam,1,,,
Telintus,1,,,
Telipure,1,,,
Teliq,1,,,
Teliscope,1,,,
Telitri,1,,,
Telkind,1,,,
Telkum,1,,,
Tellysis,1,,,
Telimex,1,,,
Telmac,1,,,
Telmellow,1,,,
Telmep,1,,,
Telmetrend,1,,,
Telmibert,1,,,
Telmibite,1,,,
Telmicaid,1,,,
Telmico,1,,,
Telmicon,1,,,
Telmidip,1,,,
Telmifact,1,,,
Telmigen,1,,,
Telmigon,1,,,
Telmikinz,1,,,
Telmilast,1,,,
Telmilife,1,,,
Telmimac,1,,,
Telmimer,1,,,
Telminess,1,,,
Telminit,1,,,
Telmisan,1,,,
Telmiser,1,,,
Telmisoor,1,,,
Telmista,1,,,
Telmistan,1,,,
Telmital,1,,,
Telmitel,1,,,
Telmivas,1,,,
Telmixan,1,,,
Telmixo,1,,,
Telmizest,1,,,
Telmizine,1,,,
Telnam,1,,,
Telnaz,1,,,
Telnimac,1,,,
Telnox,1,,,
Telong,1,,,
Telova,1,,,
Telpha,1,,,
Telray,1,,,
Telrose,1,,,
Telsarin,1,,,
Telsef,1,,,
Telsig,1,,,
Telsika,1,,,
Telsmarc,1,,,
Telsure,1,,,
Teltune,1,,,
Telura,1,,,
Telvis,1,,,
Telvok,1,,,
Telwake,1,,,
Telwave,1,,,
Telwax,1,,,
Telwel,1,,,
Telxtra,1,,,
Telzeal,1,,,
Telzela,1,,,
Temac,1,,,
Temiza,1,,,
Temmune,1,,,
Temmy,1,,,
Ten20,1,,,
Tenacid,1,,,
Tenata,1,,,
Tenax,1,,,
Tencort,1,,,
Tend,1,,,
Tendc,1,,,
Tendinor,1,,,
Tendiser,1,,,
Tendoace,1,,,
Tendoachilles,1,,,
Tendoease,1,,,
Tendoend,1,,,
Tendoera,1,,,
Tendofirst,1,,,
Tendoflex,1,,,
Tendofly,1,,,
Tendogill,1,,,
Tendoguard,1,,,
Tendojoint,1,,,
Tendojoy,1,,,
Tendoking,1,,,
Tendolage,1,,,
Tendoleap,1,,,
Tendolink,1,,,
Tendomate,1,,,
Tendonac,1,,,
Tendonew,1,,,
Tendonext,1,,,
Tendonut,1,,,
Tendoperk,1,,,
Tendoqis,1,,,
Tendorex,1,,,
Tendorise,1,,,
Tendosan,1,,,
Tendosanch,1,,,
Tendosave,1,,,
Tendosis,1,,,
Tendostent,1,,,
Tendosun,1,,,
Tendotrix,1,,,
Tendotrixx,1,,,
Tendoup,1,,,
Tendovel,1,,,
Tendovin,1,,,
Tendovox,1,,,
Tendrin,1,,,
Tene,1,,,
Tenec,1,,,
Tenee,1,,,
Teneflag,1,,,
Tenelead,1,,,
Tenelid,1,,,
Tenemerz,1,,,
Tenepan,1,,,
Tenetus,1,,,
Tenglip,1,,,
Teniba,1,,,
Tenigem,1,,,
Tenista,1,,,
Tenlibrit,1,,,
Tenlicare,1,,,
Tenlicure,1,,,
Tenliwave,1,,,
Tenmed,1,,,
Tenocab,1,,,
Tenocruz,1,,,
Tenofed,1,,,
Tenogen,1,,,
Tenolen,1,,,
Tensnil,1,,,
Tensor,1,,,
Tentamox,1,,,
Tentide,1,,,
Tenumet,1,,,
Tenuvia,1,,,
Teracort,1,,,
Teram,1,,,
Teravir,1,,,
Terbatris,1,,,
Terbee,1,,,
Terbigen,1,,,
Terbikaa,1,,,
Terbilase,1,,,
Terbimind,1,,,
Terbinalene,1,,,
Terbipro,1,,,
Terbiride,1,,,
Terbisole,1,,,
Terbocet,1,,,
Terbofa,1,,,
Terboly,1,,,
Termipil,1,,,
Termispaz,1,,,
Terostan,1,,,
Terozesta,1,,,
Terute,1,,,
Terzetto,1,,,
Tesat,1,,,
Teslavas,1,,,
Teslavit,1,,,
Teslina,1,,,
Tesric,1,,,
Gat,1,,,
Testact,1,,,
Testoki,1,,,
Tetracox,1,,,
Tetranerv,1,,,
Texacare,1,,,
Texanam,1,,,
Texatech,1,,,
Texid,1,,,
Texiford,1,,,
Texxa,1,,,
Tezepin,1,,,
Tfil,1,,,
Tfn,1,,,
Tgcal,1,,,
Tgdia,1,,,
Tgr,1,,,
Thaikon,1,,,
Thealife,1,,,
Themimorph,1,,,
Thenac,1,,,
Theocal,1,,,
Theolar,1,,,
Theonac,1,,,
Theopod,1,,,
Theoresp,1,,,
Theot,1,,,
Thera,1,,,
Thermogesic,1,,,
Thewalk,1,,,
Thiabion,1,,,
Thiaboost,1,,,
Thiacros,1,,,
Thiahep,1,,,
Thianorm,1,,,
Thickify,1,,,
Thiclotal,1,,,
Thiepin,1,,,
Thigold,1,,,
Thilcal,1,,,
Thioaxide,1,,,
Thiobak,1,,,
Thiocell,1,,,
Thiochol,1,,,
Thioflex,1,,,
Thiogesic,1,,,
Thiogluta,1,,,
Thiohance,1,,,
Thionach,1,,,
Thiorok,1,,,
Thiostart,1,,,
Thiostops,1,,,
Thiosurge,1,,,
Thioswift,1,,,
Thiotab,1,,,
Thre,1,,,
Thredox,1,,,
Thriocol,1,,,
Throx,1,,,
Thylonerv,1,,,
Thymoflam,1,,,
Thyrocal,1,,,
Thyrocip,1,,,
Thyrofics,1,,,
Thyropace,1,,,
Thyrosig,1,,,
Thysom,1,,,
Tiamont,1,,,
Tibofem,1,,,
Tibrozen,1,,,
Ticabest,1,,,
Ticaboom,1,,,
Ticabrit,1,,,
Ticacip,1,,,
Ticaconic,1,,,
Ticaflo,1,,,
Ticaford,1,,,
Ticagat,1,,,
Ticagold,1,,,
Ticagrel,1,,,
Ticagril,1,,,
Ticahenz,1,,,
Ticakart,1,,,
Ticalant,1,,,
Ticalenta,1,,,
Ticaplat,1,,,
Ticargo,1,,,
Ticiba,1,,,
Ticlop,1,,,
Ticstop,1,,,
Ticus,1,,,
Tidalipt,1,,,
Tido,1,,,
Tigemac,1,,,
Tigesic,1,,,
Tigo,1,,,
Tikacad,1,,,
Tikleen,1,,,
Tikoprex,1,,,
Tilrx,1,,,
Tilstigmin,1,,,
Tindiflox,1,,,
Tinicline,1,,,
Tinilact,1,,,
Tinimox,1,,,
Tinsue,1,,,
Tinsure,1,,,
Tisflex,1,,,
Tizafit,1,,,
Tizan,1,,,
Tocamide,1,,,
Tocobal,1,,,
Tofacet,1,,,
Tofagod,1,,,
Tofahenz,1,,,
Tofalarc,1,,,
Tofamust,1,,,
Tofaorlly,1,,,
Tofastar,1,,,
Tofaziff,1,,,
Tofci,1,,,
Tofenex,1,,,
Tofus,1,,,
To,1,,,
Tol,1,,,
Toleus,1,,,
Tolever,1,,,
Tolexant,1,,,
Tolipain,1,,,
Tolipilax,1,,,
Toliron,1,,,
Tolistel,1,,,
Tolmotus,1,,,
Tolopar,1,,,
Tolpac,1,,,
Tolperin,1,,,
Tolpes,1,,,
Tolpi,1,,,
Tolter,1,,,
Toltris,1,,,
Tolvad,1,,,
Tolvaheal,1,,,
Tolvamac,1,,,
Tolvanix,1,,,
Tolvasca,1,,,
Tolyb,1,,,
Tolydol,1,,,
Tolzip,1,,,
Tolzone,1,,,
Tomkid,1,,,
Tonflam,1,,,
Tonib,1,,,
Tonliv,1,,,
Topac,1,,,
Topcnx,1,,,
Topdep,1,,,
Topdom,1,,,
Topgem,1,,,
Topiliv,1,,,
Topirain,1,,,
Topitab,1,,,
Toplep,1,,,
Topme,1,,,
Topmune,1,,,
Topram,1,,,
Toprazol,1,,,
Topser,1,,,
Topvert,1,,,
Torace,1,,,
Torbitol,1,,,
Tordac,1,,,
Torflash,1,,,
Torgus,1,,,
Torinac,1,,,
Torinat,1,,,
Torispas,1,,,
Torkast,1,,,
Torkem,1,,,
Torkid,1,,,
Torlead,1,,,
Torles,1,,,
Torlite,1,,,
Tormoxin,1,,,
Toroxx,1,,,
Torpedo,1,,,
Torpex,1,,,
Torpido,1,,,
Torsafe,1,,,
Torsia,1,,,
Torsikind,1,,,
Torspil,1,,,
Torthrocin,1,,,
Torutic,1,,,
Torva,1,,,
Torvas,1,,,
Torway,1,,,
Totalcal,1,,,
Totalgen,1,,,
Totrenol,1,,,
Tovaheal,1,,,
Tovok,1,,,
Toxifite,1,,,
Toxocare,1,,,
Toyocal,1,,,
Toyonac,1,,,
Tozam,1,,,
Tpo,1,,,
Trabest,1,,,
Traceta,1,,,
Tracica,1,,,
Trado,1,,,
Trafolic,1,,,
Tralgia,1,,,
Tralin,1,,,
Tramacet,1,,,
Tramagan,1,,,
Tramalor,1,,,
Tramapride,1,,,
Trambax,1,,,
Tramcet,1,,,
Tramef,1,,,
Tramefalarc,1,,,
Tramonex,1,,,
Tramplus,1,,,
Trampoz,1,,,
Tramsef,1,,,
Tranbeat,1,,,
Tranbless,1,,,
Tranecont,1,,,
Tranexa,1,,,
Tranexawyn,1,,,
Tranfib,1,,,
Trank,1,,,
Tranomac,1,,,
Tranrol,1,,,
Transgaba,1,,,
Tranzy,1,,,
Traspect,1,,,
Trava,1,,,
Traxido,1,,,
Traxolite,1,,,
Trayodashang,1,,,
Trazodac,1,,,
Trelaglip,1,,,
Trelahenz,1,,,
Trelavel,1,,,
Tremidon,1,,,
Tremnil,1,,,
Trendcef,1,,,
Trendyfer,1,,,
Trental,1,,,
Tresfix,1,,,
Tresma,1,,,
Tresszun,1,,,
Trexhym,1,,,
Trexit,1,,,
Trialone,1,,,
Trianta,1,,,
Tribhuvan,1,,,
Triboon,1,,,
Tribrium,1,,,
Tribs,1,,,
Trical,1,,,
Tricalvit,1,,,
Trich,1,,,
Trichobless,1,,,
Trichopower,1,,,
Trichoset,1,,,
Tricobond,1,,,
Tricoboost,1,,,
Tricofol,1,,,
Tricoup,1,,,
Tricovit,1,,,
Tricox,1,,,
Tricyblex,1,,,
Trifala,1,,,
Trifluxy,1,,,
Triformin,1,,,
Trigalin,1,,,
Trigan,1,,,
Trigetrol,1,,,
Triglimicid,1,,,
Triglize,1,,,
Triglycomet,1,,,
Trigoact,1,,,
Trigotab,1,,,
Trihexy,1,,,
Trijoint,1,,,
Trikatu,1,,,
Trilage,1,,,
Trilam,1,,,
Trilead,1,,,
Trilert,1,,,
Trilinx,1,,,
Trilopace,1,,,
Trimac,1,,,
Trimacsart,1,,,
Trimedor,1,,,
Trimehem,1,,,
Trimetarel,1,,,
Trimezen,1,,,
Trimol,1,,,
Trimolin,1,,,
Trimont,1,,,
Trimspa,1,,,
Trinervicaid,1,,,
Trinex,1,,,
Trinit,1,,,
Trinurogab,1,,,
Trioday,1,,,
Triofan,1,,,
Triofid,1,,,
Trioflex,1,,,
Triojoint,1,,,
Triolent,1,,,
Triolmedofer,1,,,
Triolytic,1,,,
Triomox,1,,,
Trioxen,1,,,
Trip,1,,,
Tripcobal,1,,,
Triphen,1,,,
Triplixam,1,,,
Tripractomet,1,,,
Triprega,1,,,
Tripsofalm,1,,,
Triptolol,1,,,
Triptop,1,,,
Triptostar,1,,,
Tripzoron,1,,,
Triquilar,1,,,
Tris,1,,,
Trishun,1,,,
Triside,1,,,
Trispas,1,,,
Trivalzaar,1,,,
Trivastal,1,,,
Trivestin,1,,,
Trivon,1,,,
Trix,1,,,
Trixipark,1,,,
Trixmigra,1,,,
Trizatana,1,,,
Trizoryl,1,,,
Trizulu,1,,,
Trizunaglim,1,,,
Trofen,1,,,
Trofenac,1,,,
Trofil,1,,,
Tropicold,1,,,
Troyace,1,,,
Truace,1,,,
Trubet,1,,,
Trubrain,1,,,
Trucinex,1,,,
Truecalm,1,,,
Truezmove,1,,,
Trujoint,1,,,
Trulax,1,,,
Truphylline,1,,,
Trustiva,1,,,
Trycepreg,1,,,
Trycit,1,,,
Trygrin,1,,,
Tryheal,1,,,
Trymoliz,1,,,
Trymoto,1,,,
Trypace,1,,,
Trypoz,1,,,
Trypsinac,1,,,
Trypsywin,1,,,
Tryptosam,1,,,
Tryptozap,1,,,
Tryptozyme,1,,,
Trypwin,1,,,
Tryson,1,,,
Tryzita,1,,,
Tuboflam,1,,,
Tubulin,1,,,
Tudovit,1,,,
Tufnac,1,,,
Tufnim,1,,,
Tummigate,1,,,
Turbo,1,,,
Turbolax,1,,,
Turmpure,1,,,
Tutitel,1,,,
Tvaptan,1,,,
Twagic,1,,,
Twin,1,,,
Twindapa,1,,,
Twintel,1,,,
Tyfizox,1,,,
Tykerb,1,,,
Typidol,1,,,
Tyril,1,,,
Uaq,1,,,
Ua,1,,,
Ub,1,,,
Ubcare,1,,,
Ubefine,1,,,
Ubefit,1,,,
Ubercal,1,,,
Ubermet,1,,,
Ubernorm,1,,,
Ubgold,1,,,
Ubiarg,1,,,
Ubico,1,,,
Ubifert,1,,,
Ubil,1,,,
Ubimak,1,,,
Ubioat,1,,,
Ubiret,1,,,
Ubirich,1,,,
Ubisure,1,,,
Ubitoc,1,,,
Ubitus,1,,,
Ubivox,1,,,
Ubnol,1,,,
Ubsurge,1,,,
Ucstrech,1,,,
Ucwalk,1,,,
Udbest,1,,,
Udchol,1,,,
Udesta,1,,,
Udetor,1,,,
Udford,1,,,
Udibest,1,,,
Udibon,1,,,
Udigold,1,,,
Udilan,1,,,
Udinorm,1,,,
Udisal,1,,,
Udiwok,1,,,
Udjet,1,,,
Udmark,1,,,
Udoxa,1,,,
Udwave,1,,,
Udx,1,,,
Uficef,1,,,
Ulcecaine,1,,,
Ulcika,1,,,
Ulcikit,1,,,
Ulcipep,1,,,
Ulcipil,1,,,
Yuliprist,1,,,
Ulpride,1,,,
Ulterfast,1,,,
Ulticozim,1,,,
Ultimate,1,,,
Ultimox,1,,,
Ultinac,1,,,
Ultrabloc,1,,,
Ultrafast,1,,,
Ultraheal,1,,,
Ultralife,1,,,
Ultram,1,,,
Ultramic,1,,,
Ultramol,1,,,
Ultramust,1,,,
Ultramycin,1,,,
Ultraneed,1,,,
Ultranex,1,,,
Ultraniche,1,,,
Ultranise,1,,,
Ultrarex,1,,,
Ultrarite,1,,,
Ultraspas,1,,,
Ultratab,1,,,
Ultrazolid,1,,,
Ultrin,1,,,
Umanoflam,1,,,
Unerve,1,,,
Unicarbazan,1,,,
Unifen,1,,,
Unifolin,1,,,
Unigef,1,,,
Unilact,1,,,
Unimag,1,,,
Unisert,1,,,
Unisudil,1,,,
Uniwarfin,1,,,
Unkold,1,,,
Unmet,1,,,
Unocef,1,,,
Unol,1,,,
Unopan,1,,,
Unositol,1,,,
Unsym,1,,,
Upalmi,1,,,
Upbone,1,,,
Updox,1,,,
Upenxol,1,,,
Upheme,1,,,
Uphill,1,,,
Uphold,1,,,
Uptru,1,,,
Urafil,1,,,
Uralbu,1,,,
Urcal,1,,,
Urdiogem,1,,,
Urgiso,1,,,
Uri,1,,,
Uribet,1,,,
Uribid,1,,,
Uricard,1,,,
Urichek,1,,,
Uricid,1,,,
Uricift,1,,,
Uricowyn,1,,,
Uricroul,1,,,
Urifex,1,,,
Uriflo,1,,,
Urihenz,1,,,
Urijon,1,,,
Uriless,1,,,
Uripass,1,,,
Uripil,1,,,
Uriron,1,,,
Urisol,1,,,
Urispas,1,,,
Uristat,1,,,
Uriswiss,1,,,
Uritam,1,,,
Uritaz,1,,,
Uritone,1,,,
Uritrack,1,,,
Urivel,1,,,
Urivoid,1,,,
Urivron,1,,,
Urizox,1,,,
Urolax,1,,,
Uropecia,1,,,
Uroprotect,1,,,
Urosmart,1,,,
Ursoba,1,,,
Ursoberd,1,,,
Ursobiac,1,,,
Ursocoat,1,,,
Ursoday,1,,,
Ursofine,1,,,
Ursofrez,1,,,
Ursogard,1,,,
Ursonac,1,,,
Ursonine,1,,,
Ursorite,1,,,
Ursosafe,1,,,
Ursotas,1,,,
Ursotop,1,,,
Ursotreat,1,,,
Ursotrust,1,,,
Ursotux,1,,,
Ursovee,1,,,
Ursozone,1,,,
Urtihive,1,,,
Urzo,1,,,
Usvit,1,,,
Utamide,1,,,
Utergin,1,,,
Utiberry,1,,,
Uticept,1,,,
Utichek,1,,,
Utigo,1,,,
Utinift,1,,,
Utiof,1,,,
Utirantin,1,,,
Utistat,1,,,
Utiz,1,,,
Utodin,1,,,
Utr,1,,,
Utvox,1,,,
Uva,1,,,
Uvazest,1,,,
Uvlog,1,,,
Uvsol,1,,,
Uxime,1,,,
Vacilar,1,,,
Vaciloc,1,,,
Vafcar,1,,,
Vagacyte,1,,,
Vagator,1,,,
Vagilds,1,,,
Vaibhav,1,,,
Vakvita,1,,,
Valamac,1,,,
Valanix,1,,,
Valaxium,1,,,
Valcal,1,,,
Valchek,1,,,
Valcip,1,,,
Valclovir,1,,,
Valcosign,1,,,
Valcuder,1,,,
Valdiv,1,,,
Valenzia,1,,,
Valgacel,1,,,
Valgan,1,,,
Valkon,1,,,
Valmical,1,,,
Valniche,1,,,
Valnova,1,,,
Valocon,1,,,
Valodex,1,,,
Valor,1,,,
Valox,1,,,
Valporest,1,,,
Valporil,1,,,
Valpure,1,,,
Valsabest,1,,,
Valstead,1,,,
Valubit,1,,,
Value,1,,,
Valus,1,,,
Vamup,1,,,
Vance,1,,,
Vapotab,1,,,
Vaptan,1,,,
Varisil,1,,,
Vas,1,,,
Vascilol,1,,,
Vasculoset,1,,,
Vasodil,1,,,
Vasolip,1,,,
Vasolite,1,,,
Vasomig,1,,,
Vasoral,1,,,
Vasosmart,1,,,
Vasostat,1,,,
Vasosure,1,,,
Vasovapt,1,,,
Vast,1,,,
Vastvita,1,,,
Vasufer,1,,,
Vasulax,1,,,
Vasutel,1,,,
Vaswyn,1,,,
Vaxodic,1,,,
Vaycal,1,,,
Vaymet,1,,,
Vazyglip,1,,,
Vcal,1,,,
Vcnex,1,,,
Vd,1,,,
Veba,1,,,
Veecee,1,,,
Veegrowth,1,,,
Veejoint,1,,,
Veelvit,1,,,
Veferry,1,,,
Vegyacal,1,,,
Veinflow,1,,,
Veintree,1,,,
Velacar,1,,,
Velcal,1,,,
Velcox,1,,,
Vellbose,1,,,
Velnate,1,,,
Velocist,1,,,
Velostat,1,,,
Veloxin,1,,,
Velpaclear,1,,,
Velpanat,1,,,
Veltra,1,,,
Veltride,1,,,
Veltum,1,,,
Vencher,1,,,
Venclexta,1,,,
Venfer,1,,,
Venorich,1,,,
Venozar,1,,,
Venpad,1,,,
Ventaful,1,,,
Ventin,1,,,
Ventofree,1,,,
Ventorest,1,,,
Venzolid,1,,,
Veocal,1,,,
Vepcid,1,,,
Verdofer,1,,,
Verdom,1,,,
Verecal,1,,,
Veriaz,1,,,
Veriford,1,,,
Verify,1,,,
Verilol,1,,,
Verizet,1,,,
Verkast,1,,,
Vermectin,1,,,
Vermikind,1,,,
Vermylin,1,,,
Vernace,1,,,
Verovita,1,,,
Versames,1,,,
Vertact,1,,,
Vertiauxin,1,,,
Vertidiz,1,,,
Vertidom,1,,,
Vertifar,1,,,
Vertifex,1,,,
Vertigen,1,,,
Vertigil,1,,,
Vertilife,1,,,
Vertima,1,,,
Vertime,1,,,
Vertinil,1,,,
Vertioff,1,,,
Vertipil,1,,,
Vertiron,1,,,
Vertitreat,1,,,
Vertizac,1,,,
Vertizen,1,,,
Vertizine,1,,,
Vertizox,1,,,
Vertod,1,,,
Verzitac,1,,,
Vesifa,1,,,
Vesigard,1,,,
Vesitrol,1,,,
Vesoret,1,,,
Vetahist,1,,,
Vetfree,1,,,
Vetigo,1,,,
Veximol,1,,,
Vextum,1,,,
Vgmet,1,,,
Viadali,1,,,
Viadek,1,,,
Vibanuron,1,,,
Vibim,1,,,
Vibrante,1,,,
Vibrate,1,,,
Vicalmin,1,,,
Vicoten,1,,,
Victadol,1,,,
Vidalan,1,,,
Vidamerz,1,,,
Vidcal,1,,,
Vidgus,1,,,
Vidmet,1,,,
Vidura,1,,,
Vidzid,1,,,
Viganac,1,,,
Vighan,1,,,
Viglida,1,,,
Vigliptin,1,,,
Vigora,1,,,
Vigorite,1,,,
Vigowyn,1,,,
Vigromen,1,,,
Vigueur,1,,,
Vilamid,1,,,
Vilarest,1,,,
Vilaxir,1,,,
Vilbeat,1,,,
Vilceda,1,,,
Vilchemie,1,,,
Vilda,1,,,
Vildacare,1,,,
Vildacrine,1,,,
Vildafid,1,,,
Vildafly,1,,,
Vildafon,1,,,
Vildagin,1,,,
Vildaid,1,,,
Vildaink,1,,,
Vildalist,1,,,
Vildaniz,1,,,
Vildanov,1,,,
Vildapure,1,,,
Vildarise,1,,,
Vildarose,1,,,
Vildaser,1,,,
Vildasure,1,,,
Vildatin,1,,,
Vildatyt,1,,,
Vildavance,1,,,
Vildee,1,,,
Vildevel,1,,,
Vildfree,1,,,
Vildiet,1,,,
Vildot,1,,,
Vildox,1,,,
Vilgain,1,,,
Vilglipt,1,,,
Vilinta,1,,,
Villinorm,1,,,
Vilna,1,,,
Vilpin,1,,,
Viltas,1,,,
Vilu,1,,,
Vilumet,1,,,
Vilwin,1,,,
Vimgran,1,,,
Viminox,1,,,
Vinall,1,,,
Vincee,1,,,
Vincef,1,,,
Vincort,1,,,
Vinical,1,,,
Vinmore,1,,,
Vinoleva,1,,,
Vinstat,1,,,
Vinvita,1,,,
Viocef,1,,,
Viokast,1,,,
Violip,1,,,
Viositol,1,,,
Viozyme,1,,,
Viraday,1,,,
Virataz,1,,,
Virile,1,,,
Virilex,1,,,
Virocare,1,,,
Virofast,1,,,
Viroguard,1,,,
Virolans,1,,,
Virolis,1,,,
Viropil,1,,,
Virozinc,1,,,
Visanne,1,,,
Visionace,1,,,
Vismart,1,,,
Vistaflam,1,,,
Vistalin,1,,,
Vistamina,1,,,
Vistanerv,1,,,
Visyneral,1,,,
Vitab,1,,,
Vitabasic,1,,,
Vitabeck,1,,,
Vitablix,1,,,
Vitabric,1,,,
Vitacad,1,,,
Vitacleve,1,,,
Vitacrine,1,,,
Vitacyte,1,,,
Vitafol,1,,,
Vitaforce,1,,,
Vitagold,1,,,
Vitagreat,1,,,
Vitalime,1,,,
Vitalis,1,,,
Vitalizer,1,,,
Vitalux,1,,,
Vitamac,1,,,
Vitamyk,1,,,
Vitanext,1,,,
Vitapride,1,,,
Vitaqten,1,,,
Vitastim,1,,,
Vitatrace,1,,,
Vitawill,1,,,
Vitazar,1,,,
Vitazest,1,,,
Vitcobin,1,,,
Vitcofer,1,,,
Vitiate,1,,,
Vitigate,1,,,
Vitispan,1,,,
Vitlam,1,,,
Vitlix,1,,,
Vito,1,,,
Vitodase,1,,,
Vitolab,1,,,
Vitonin,1,,,
Vitoqik,1,,,
Vitsave,1,,,
Vitsol,1,,,
Vitspar,1,,,
Vittacal,1,,,
Vittor,1,,,
Vitvas,1,,,
Vitxtreme,1,,,
Vitzar,1,,,
Vitzecal,1,,,
Vitzee,1,,,
Vivalol,1,,,
Viviloref,1,,,
Vivitrip,1,,,
Vivocet,1,,,
Vixit,1,,,
Vizest,1,,,
Viznil,1,,,
Vizocet,1,,,
Vmns,1,,,
Vnac,1,,,
Vocarb,1,,,
Vocol,1,,,
Vofon,1,,,
Vogdeep,1,,,
Vogdol,1,,,
Vogil,1,,,
Voginn,1,,,
Voglesim,1,,,
Voglian,1,,,
Voglicon,1,,,
Voglicose,1,,,
Voglicur,1,,,
Vogligen,1,,,
Voglik,1,,,
Voglilex,1,,,
Voglimeal,1,,,
Voglimep,1,,,
Voglimer,1,,,
Voglinid,1,,,
Voglipower,1,,,
Voglirep,1,,,
Vogliright,1,,,
Voglishine,1,,,
Voglisoor,1,,,
Voglitiz,1,,,
Voglivance,1,,,
Voglixta,1,,,
Voglolysis,1,,,
Vogsite,1,,,
Vogstar,1,,,
Vogus,1,,,
Vogz,1,,,
Volartin,1,,,
Vold,1,,,
Volido,1,,,
Volliv,1,,,
Volsaa,1,,,
Voltadin,1,,,
Voltaflam,1,,,
Voltoz,1,,,
Volvit,1,,,
Vomichak,1,,,
Vomicross,1,,,
Vomidec,1,,,
Vomijoy,1,,,
Vominos,1,,,
Vomiover,1,,,
Vomiros,1,,,
Vomishunt,1,,,
Vomistop,1,,,
Vomivert,1,,,
Vomivis,1,,,
Vonaday,1,,,
Vonaril,1,,,
Vonavir,1,,,
Vonchamp,1,,,
Vonoblok,1,,,
Vonohart,1,,,
Vonopot,1,,,
Vontonix,1,,,
Vopanza,1,,,
Vopaxa,1,,,
Vopraz,1,,,
Voraze,1,,,
Vorifast,1,,,
Voritrol,1,,,
Voritrop,1,,,
Vorixim,1,,,
Vorlevo,1,,,
Vorth,1,,,
Vortiray,1,,,
Vortiroc,1,,,
Vortoflam,1,,,
Vorxar,1,,,
Voryl,1,,,
Vosicaz,1,,,
Votanec,1,,,
Votas,1,,,
Voxagant,1,,,
Voxate,1,,,
Voxben,1,,,
Voxicalm,1,,,
Voxin,1,,,
Voxum,1,,,
Voxvo,1,,,
Voxylid,1,,,
Voxyta,1,,,
Vozee,1,,,
Vozocart,1,,,
Vq,1,,,
Vridapa,1,,,
Vriglim,1,,,
Vritel,1,,,
Vulvax,1,,,
Vusda,1,,,
Vviodapa,1,,,
Vybetes,1,,,
Vygus,1,,,
Vymox,1,,,
Vytrio,1,,,
Wagnakuf,1,,,
Wakcerin,1,,,
Wakmate,1,,,
Walacort,1,,,
Walasa,1,,,
Walavin,1,,,
Walfer,1,,,
Walimont,1,,,
Walkho,1,,,
Walmet,1,,,
Walnurve,1,,,
Walsi,1,,,
Waltigo,1,,,
Waltra,1,,,
Warif,1,,,
Wavecerin,1,,,
Wavedol,1,,,
Wavin,1,,,
Wayfenac,1,,,
Waygra,1,,,
Wayocal,1,,,
Waypi,1,,,
Weekday,1,,,
Welbihist,1,,,
Welcal,1,,,
Wellformin,1,,,
Wellish,1,,,
Wellmod,1,,,
Wellras,1,,,
Wellstab,1,,,
Welltel,1,,,
Welpraz,1,,,
Welque,1,,,
Welten,1,,,
Wendonerv,1,,,
Wigest,1,,,
Wilcoxia,1,,,
Wilfer,1,,,
Wilflox,1,,,
Wimsteron,1,,,
Winace,1,,,
Wincyst,1,,,
Winflam,1,,,
Winglip,1,,,
Winixia,1,,,
Winklot,1,,,
Winmega,1,,,
Winocart,1,,,
Wintin,1,,,
Winzine,1,,,
Wisium,1,,,
Wita,1,,,
Witolex,1,,,
Wokadin,1,,,
Wolmox,1,,,
Womiban,1,,,
Womido,1,,,
Womiron,1,,,
Wonbact,1,,,
Woncef,1,,,
Wonflam,1,,,
Wonliv,1,,,
Wonmet,1,,,
Wonsodol,1,,,
Workzs,1,,,
Wormal,1,,,
Worthmont,1,,,
Wozyme,1,,,
Wrest,1,,,
Wynaz,1,,,
Wyncee,1,,,
Wynfen,1,,,
Wynlamer,1,,,
Wynrizdon,1,,,
Wyntoin,1,,,
Wyntracet,1,,,
Wyntrom,1,,,
Wynzolarc,1,,,
Wysosafe,1,,,
Wyteros,1,,,
Xabine,1,,,
Xadovild,1,,,
Xaflo,1,,,
Xandip,1,,,
Xanilax,1,,,
Xantoflam,1,,,
Xaproate,1,,,
Xarex,1,,,
Xaria,1,,,
Xcam,1,,,
Xciti,1,,,
Xdcal,1,,,
Xe,1,,,
Xebal,1,,,
Xebex,1,,,
Xefdim,1,,,
Xeldin,1,,,
Xelflo,1,,,
Xeljanz,1,,,
Xeloda,1,,,
Xelucip,1,,,
Xemapixa,1,,,
Xemband,1,,,
Xembro,1,,,
Xemcholic,1,,,
Xemcil,1,,,
Xemcox,1,,,
Xemex,1,,,
Xemgrel,1,,,
Xemler,1,,,
Xemmus,1,,,
Xemnac,1,,,
Xemnol,1,,,
Xemortho,1,,,
Xemox,1,,,
Xempeg,1,,,
Xempin,1,,,
Xemstright,1,,,
Xemtiamide,1,,,
Xemtof,1,,,
Xemtolva,1,,,
Xendef,1,,,
Xenobid,1,,,
Xenocet,1,,,
Xenoglim,1,,,
Xenosoul,1,,,
Xenu,1,,,
Xepam,1,,,
Xepan,1,,,
Xerk,1,,,
Xeromyo,1,,,
Xetel,1,,,
Xetox,1,,,
Xevas,1,,,
Xg,1,,,
Xglet,1,,,
Xglip,1,,,
Xibnic,1,,,
Xienil,1,,,
Ximeceff,1,,,
Ximoren,1,,,
Ximplus,1,,,
Ximrest,1,,,
Xiotac,1,,,
Xldapa,1,,,
Xmalon,1,,,
Xmb,1,,,
Xmetor,1,,,
Xolfiz,1,,,
Xolid,1,,,
Xolone,1,,,
Xonift,1,,,
Xotroin,1,,,
Xpcos,1,,,
Xpertyl,1,,,
Xroz,1,,,
Xtage,1,,,
Xtane,1,,,
Xtern,1,,,
Xtin,1,,,
Xtpara,1,,,
Xtraanac,1,,,
Xtraglo,1,,,
Xtramag,1,,,
Xtravit,1,,,
Xurso,1,,,
Xycarb,1,,,
Xylosita,1,,,
Xylutide,1,,,
Xyroprol,1,,,
Xytel,1,,,
Xyten,1,,,
Xytin,1,,,
Xytum,1,,,
Xyvea,1,,,
Xzeen,1,,,
Xzorb,1,,,
Yanoset,1,,,
Yasmin,1,,,
Yastimadhu,1,,,
Yaz,1,,,
Yesito,1,,,
Yespram,1,,,
Yocv,1,,,
Yorpcos,1,,,
Yoursvit,1,,,
Yoyogest,1,,,
Yufit,1,,,
Yun,1,,,
Yupan,1,,,
Yurolog,1,,,
Yusiri,1,,,
Yutopar,1,,,
Yuvimont,1,,,
Yuzglow,1,,,
Yzin,1,,,
Zabixin,1,,,
Zabrina,1,,,
Zacday,1,,,
Zach,1,,,
Zacmox,1,,,
Zacort,1,,,
Zadicta,1,,,
Zadonase,1,,,
Zafoli,1,,,
Zakter,1,,,
Zalfa,1,,,
Zamacet,1,,,
Zandiabts,1,,,
Zanozole,1,,,
Zanpan,1,,,
Zapazide,1,,,
Zapnax,1,,,
Zarbose,1,,,
Zaride,1,,,
Zarocin,1,,,
Zarywin,1,,,
Zascor,1,,,
Zatura,1,,,
Zbmin,1,,,
Zebiforte,1,,,
Zebihair,1,,,
Zebita,1,,,
Zedobact,1,,,
Zedocal,1,,,
Zedxr,1,,,
Zeebrain,1,,,
Zeecold,1,,,
Zeetac,1,,,
Zeetal,1,,,
Zefclav,1,,,
Zefcort,1,,,
Zefum,1,,,
Zelac,1,,,
Zelip,1,,,
Zellegra,1,,,
Zemi,1,,,
Zemiglo,1,,,
Zenac,1,,,
Zenegra,1,,,
Zenfocal,1,,,
Zenkoba,1,,,
Zenkovit,1,,,
Zenlid,1,,,
Zenocet,1,,,
Zenoerect,1,,,
Zenoxim,1,,,
Zensartan,1,,,
Zensitol,1,,,
Zentaclav,1,,,
Zento,1,,,
Zenvestin,1,,,
Zeo,1,,,
Zeocet,1,,,
Zeol,1,,,
Zeox,1,,,
Zepam,1,,,
Zeptofer,1,,,
Zerclonac,1,,,
Zercoba,1,,,
Zericef,1,,,
Zeroach,1,,,
Zerodac,1,,,
Zerodec,1,,,
Zerogen,1,,,
Zerovis,1,,,
Zerpan,1,,,
Zestart,1,,,
Zestoron,1,,,
Zestrovin,1,,,
Zesty,1,,,
Zetle,1,,,
Zetorin,1,,,
Zetum,1,,,
Ziatel,1,,,
Zifac,1,,,
Zifcy,1,,,
Zifenac,1,,,
Zifexim,1,,,
Ziforin,1,,,
Zigoxin,1,,,
Zigpril,1,,,
Zilance,1,,,
Zilenta,1,,,
Zilpres,1,,,
Zilrose,1,,,
Ziltax,1,,,
Zimalgin,1,,,
Zimcofit,1,,,
Zimtel,1,,,
Zincadd,1,,,
Zincari,1,,,
Zincodose,1,,,
Zincofab,1,,,
Zincograf,1,,,
Zincoheal,1,,,
Zincomax,1,,,
Zincomed,1,,,
Zincora,1,,,
Zincotop,1,,,
Zincotrend,1,,,
Zincover,1,,,
Zingcal,1,,,
Zinirab,1,,,
Zink,1,,,
Zinkofine,1,,,
Zinkyo,1,,,
Zinnova,1,,,
Zinodap,1,,,
Zinolvita,1,,,
Zinox,1,,,
Zinx,1,,,
Zio,1,,,
Zipache,1,,,
Zipcet,1,,,
Zipcramp,1,,,
Zipvert,1,,,
Zirro,1,,,
Zitahair,1,,,
Zitalex,1,,,
Zitawyn,1,,,
Zithox,1,,,
Zithrolect,1,,,
Zithrolive,1,,,
Zithrovent,1,,,
Zitlin,1,,,
Zitronen,1,,,
Zium,1,,,
Zivemp,1,,,
Ziverdo,1,,,
Zivo,1,,,
Zivokast,1,,,
Zivotcal,1,,,
Zivvah,1,,,
Zncd,1,,,
Zoafrag,1,,,
Zocitab,1,,,
Zoclar,1,,,
Zodovit,1,,,
Zoechiro,1,,,
Zofacin,1,,,
Zofixim,1,,,
Zofton,1,,,
Zol,1,,,
Zoldy,1,,,
Zolerab,1,,,
Zolfit,1,,,
Zolidpos,1,,,
Zolmoon,1,,,
Zolnite,1,,,
Zolpid,1,,,
Zolsam,1,,,
Zoltric,1,,,
Zolwing,1,,,
Zomont,1,,,
Zonalta,1,,,
Zonegran,1,,,
Zonepra,1,,,
Zonil,1,,,
Zontobion,1,,,
Zonyo,1,,,
Zoomcet,1,,,
Zopicon,1,,,
Zopride,1,,,
Zoq,1,,,
Zorno,1,,,
Zoterb,1,,,
Zott,1,,,
Zovaflam,1,,,
Zovane,1,,,
Zovibion,1,,,
Zovilda,1,,,
Zoxalen,1,,,
Zoycan,1,,,
Zoyflag,1,,,
Zoymith,1,,,
Zoyrif,1,,,
Zubilance,1,,,
Zubitin,1,,,
Zuclo,1,,,
Zucrom,1,,,
Zulu,1,,,
Zunacial,1,,,
Zunanerve,1,,,
Zupak,1,,,
Zupar,1,,,
Zurifer,1,,,
Zuto,1,,,
Zuvastat,1,,,
Zuvexitil,1,,,
Zuviston,1,,,
Zuvixa,1,,,
Zyalfa,1,,,
Zyb,1,,,
Zybend,1,,,
Zybiraa,1,,,
Zycad,1,,,
Zycal,1,,,
Zyceva,1,,,
Zyclonac,1,,,
Zycolchin,1,,,
Zydalis,1,,,
Zyde,1,,,
Zydrosteron,1,,,
Zyestra,1,,,
Zyfixime,1,,,
Zyflav,1,,,
Zyfoly,1,,,
Zyfurox,1,,,
Zygab,1,,,
Zyle,1,,,
Zylera,1,,,
Zylid,1,,,
Zymin,1,,,
Zymira,1,,,
Zymoheal,1,,,
Zymonic,1,,,
Zymor,1,,,
Zymride,1,,,
Zymurine,1,,,
Zynacar,1,,,
Zynagel,1,,,
Zynfolic,1,,,
Zypride,1,,,
Zyramod,1,,,
Zyrik,1,,,
Zyromet,1,,,
Zyrotram,1,,,
Zyrovit,1,,,
Zys,1,,,
Zytamin,1,,,
Zyvizest,1,,,
Zzowin,1,,,
Becozyme,1,,,
Calrite,1,,,
Chic,1,,,
Ime,1,,,
Acicloflex,1,,,
Norlevo,1,,,
Purgolax,1,,,
Theobric,1,,,
Tamarind,1,,,
Kenpore,1,,,
Shikon,1,,,
Techzo,1,,,
Sleek,1,,,
Andriol,1,,,
Widal,1,,,
Thermovent,1,,,
Easycare,1,,,
House,1,,,
Ifimol,1,,,
Joytech,1,,,
Lks,1,,,
Infrared,1,,,
Smic,1,,,
Dexoalc,1,,,
Elev8,1,,,
Neocate,1,,,
Proexceed,1,,,
Ulpro,1,,,
Enerscalp,1,,,
Pippet,1,,,
Pantanjali,1,,,
Topcrepe,1,,,
Tourniquet,1,,,
Superfreesanitary,1,,,
Trachestomy,1,,,
Mouse,1,,,
Tray,1,,,
Tripod,1,,,
Trubble,1,,,
Trusilk,1,,,
Trusynth,1,,,
Capillaries,1,,,
Viggoway,1,,,
Flatus,1,,,
Tlismi,1,,,
Tunning,1,,,
Turky,1,,,
Mattey,1,,,
Underwrap,1,,,
Ilube,1,,,
Vrpl,1,,,
Urethal,1,,,
Urobag,1,,,
Urometer,1,,,
Ayushri,1,,,
Uttaranshas,1,,,
Uunibic,1,,,
Soleiban,1,,,
Uvbar,1,,,
Uvdown,1,,,
Uvnix,1,,,
Uvzove,1,,,
G2v3,1,,,
Bactigen,1,,,
Avaxim,1,,,
Betd,1,,,
Biopolio,1,,,
Cervavac,1,,,
Chirorab,1,,,
Easyfour,1,,,
Fluarix,1,,,
Fluquadri,1,,,
Hevaxin,1,,,
Imovax,1,,,
Infanrix,1,,,
Pneubevax,1,,,
Pneumo,1,,,
Pneumosil,1,,,
Rabivax,1,,,
Rotasure,1,,,
Sii,1,,,
Tetglob,1,,,
Tripacel,1,,,
Typhim,1,,,
Vactyph,1,,,
Vaxiboon,1,,,
Zyvac,1,,,
Bcg,1,,,
Easyfive,1,,,
Indirab,1,,,
Pneumovax,1,,,
Poliomyelitis,1,,,
Priorix,1,,,
Rotateq,1,,,
Twinrix,1,,,
Candizole,1,,,
Valleylab,1,,,
Aastha,1,,,
Companion,1,,,
Starmax,1,,,
Vapozap,1,,,
Vario,1,,,
Kantha,1,,,
3vc,1,,,
O2vent,1,,,
Vekhand,1,,,
Velfour,1,,,
Venogrip,1,,,
Oyster,1,,,
Bionase,1,,,
Cortipher,1,,,
Hyrocort,1,,,
Vicyrl,1,,,
Viggoflon,1,,,
Dorso,1,,,
Vulsullum,1,,,
Appose,1,,,
Waist,1,,,
Aclear,1,,,
Acnecrush,1,,,
Acnelissa,1,,,
Acteen,1,,,
Alfalite,1,,,
Arena,1,,,
Avigenix,1,,,
Beaucare,1,,,
Benxop,1,,,
Charglo,1,,,
Cleanz,1,,,
Clenia,1,,,
Collagen,1,,,
Curiglow,1,,,
Cutirinz,1,,,
Depi,1,,,
Dwash,1,,,
Elegant,1,,,
Fasci,1,,,
Fungiwash,1,,,
Glitex,1,,,
Globest,1,,,
Glownise,1,,,
Glucy,1,,,
Glyclenz,1,,,
Keracylic,1,,,
Klenzii,1,,,
Laglo,1,,,
Lumifair,1,,,
Mandisa,1,,,
Mark,1,,,
Mdelic,1,,,
Mela,1,,,
Nexleen,1,,,
Nidos,1,,,
Nioglow,1,,,
Noviglo,1,,,
Owash,1,,,
Rensa,1,,,
Renuglo,1,,,
Saliwash,1,,,
Salsebo,1,,,
Signet,1,,,
Sos,1,,,
Torrvis,1,,,
Uptitude,1,,,
Yuzlite,1,,,
Zitban,1,,,
Zitgo,1,,,
Misslar,1,,,
Omum,1,,,
Waxing,1,,,
Spitton,1,,,
Wildy,1,,,
Annakku,1,,,
Supples,1,,,
6xe,1,,,
Champs,1,,,
Easybath,1,,,
Lab,1,,,
Unisoft,1,,,
Universal,1,,,
F3,1,,,
Livessy,1,,,
Yugen,1,,,
Yuthika,1,,,
Yuwell,1,,,
Yuzsun,1,,,
Arkray,1,,,
Zebronics,1,,,
A2zlife,1,,,
3zone,1,,,
Zorrik,1,,,
